player_id,transfer_date,transfer_season,from_club_id,to_club_id,from_club_name,to_club_name,transfer_fee,market_value_in_eur,player_name,date_of_birth,country_of_citizenship,position,age_at_transfer,game_day,transfer_date_str
666234,2017-07-01,17/18,83361,11199,SC Air Bel,Strasbourg,0.0,0.0,Mohamed Simakan,2000-05-03,France,Defender,17.16084873374401,1,2017-07-01
666234,2021-07-01,21/22,667,23826,R. Strasbourg,Leipzig,15000000.0,18000000.0,Mohamed Simakan,2000-05-03,France,Defender,21.16084873374401,1,2021-07-01
666234,2024-09-02,24/25,23826,18544,Leipzig,Al-Nassr,0.0,35000000.0,Mohamed Simakan,2000-05-03,France,Defender,24.334017796030118,1,2024-09-02
666234,2025-06-30,24/25,18544,23826,Al-Nassr,Leipzig,0.0,23000000.0,Mohamed Simakan,2000-05-03,France,Defender,25.15811088295688,1,2025-06-30
666234,2025-07-01,25/26,23826,18544,Leipzig,Al-Nassr,35000000.0,23000000.0,Mohamed Simakan,2000-05-03,France,Defender,25.16084873374401,1,2025-07-01
315779,2019-01-02,18/19,16,631,Borussia Dortmund,Chelsea,64000000.0,50000000.0,Christian Pulisic,1998-09-18,United States,Attack,20.290212183436,2,2019-01-02
315779,2019-01-03,18/19,631,16,Chelsea,Borussia Dortmund,0.0,50000000.0,Christian Pulisic,1998-09-18,United States,Attack,20.292950034223136,2,2019-01-03
315779,2019-06-30,18/19,16,631,Borussia Dortmund,Chelsea,0.0,60000000.0,Christian Pulisic,1998-09-18,United States,Attack,20.78028747433265,2,2019-06-30
315779,2023-07-13,23/24,631,5,Chelsea,AC Milan,20800000.0,25000000.0,Christian Pulisic,1998-09-18,United States,Attack,24.815879534565365,2,2023-07-13
557459,2021-08-31,21/22,724,82,FC Volendam,Wolfsburg,8500000.0,1300000.0,Micky van de Ven,2001-04-19,Netherlands,Defender,20.366872005475702,3,2021-08-31
557459,2023-08-08,23/24,82,148,Wolfsburg,Tottenham Hotspur,40000000.0,30000000.0,Micky van de Ven,2001-04-19,Netherlands,Defender,22.302532511978097,3,2023-08-08
516716,2016-01-01,15/16,42746,14708,Desportivo,São Paulo,0.0,0.0,Bremer,1997-03-18,Brazil,Defender,18.78986995208761,4,2016-01-01
516716,2016-12-01,16/17,14708,42746,São Paulo,Desportivo,0.0,0.0,Bremer,1997-03-18,Brazil,Defender,19.707049965776864,4,2016-12-01
516716,2017-01-01,16/17,42746,15037,Desportivo,Atlético-MG,86000.0,0.0,Bremer,1997-03-18,Brazil,Defender,19.79192334017796,4,2017-01-01
516716,2018-07-10,18/19,330,416,Atlético-MG,Torino,5800000.0,1000000.0,Bremer,1997-03-18,Brazil,Defender,21.311430527036276,4,2018-07-10
516716,2022-07-20,22/23,416,506,Torino,Juventus,51300000.0,35000000.0,Bremer,1997-03-18,Brazil,Defender,25.338809034907598,4,2022-07-20
811778,2020-09-11,20/21,13711,9251,Real Madrid,Manchester United,0.0,0.0,Álvaro Carreras,2003-03-23,Spain,Defender,17.472963723477072,5,2020-09-11
811778,2022-07-26,22/23,985,466,Manchester United,Preston,0.0,2000000.0,Álvaro Carreras,2003-03-23,Spain,Defender,19.342915811088297,5,2022-07-26
811778,2023-05-31,22/23,466,985,Preston,Manchester United,0.0,6000000.0,Álvaro Carreras,2003-03-23,Spain,Defender,20.188911704312115,5,2023-05-31
811778,2023-09-01,23/24,985,16795,Manchester United,Granada CF,0.0,7000000.0,Álvaro Carreras,2003-03-23,Spain,Defender,20.4435318275154,5,2023-09-01
811778,2024-01-14,23/24,16795,985,Granada CF,Manchester United,0.0,7000000.0,Álvaro Carreras,2003-03-23,Spain,Defender,20.813141683778234,5,2024-01-14
811778,2024-01-16,23/24,985,294,Manchester United,Benfica,0.0,7000000.0,Álvaro Carreras,2003-03-23,Spain,Defender,20.8186173853525,5,2024-01-16
811778,2024-06-30,23/24,294,985,Benfica,Manchester United,0.0,7000000.0,Álvaro Carreras,2003-03-23,Spain,Defender,21.27310061601643,5,2024-06-30
811778,2024-07-01,24/25,985,294,Manchester United,Benfica,14300000.0,7000000.0,Álvaro Carreras,2003-03-23,Spain,Defender,21.27583846680356,5,2024-07-01
811778,2025-07-14,25/26,294,418,Benfica,Real Madrid,50000000.0,35000000.0,Álvaro Carreras,2003-03-23,Spain,Defender,22.310746064339494,5,2025-07-14
255942,2016-01-05,15/16,1390,1047,Cagliari,Como,0.0,800000.0,Nicolò Barella,1997-02-07,Italy,Midfield,18.90759753593429,6,2016-01-05
255942,2016-06-30,15/16,1047,1390,Como,Cagliari,0.0,1300000.0,Nicolò Barella,1997-02-07,Italy,Midfield,19.392197125256672,6,2016-06-30
255942,2019-07-12,19/20,1390,46,Cagliari,Inter,0.0,36000000.0,Nicolò Barella,1997-02-07,Italy,Midfield,22.42299794661191,6,2019-07-12
255942,2020-08-31,19/20,46,1390,Inter,Cagliari,0.0,50000000.0,Nicolò Barella,1997-02-07,Italy,Midfield,23.561943874058862,6,2020-08-31
255942,2020-09-01,20/21,1390,46,Cagliari,Inter,38500000.0,50000000.0,Nicolò Barella,1997-02-07,Italy,Midfield,23.564681724845997,6,2020-09-01
179184,2014-07-01,14/15,3057,244,Standard Liège,Marseille,6000000.0,8000000.0,Michy Batshuayi,1993-10-02,Belgium,Attack,20.744695414099933,7,2014-07-01
179184,2016-07-03,16/17,244,631,Marseille,Chelsea,39000000.0,15000000.0,Michy Batshuayi,1993-10-02,Belgium,Attack,22.751540041067763,7,2016-07-03
179184,2018-01-31,17/18,631,16,Chelsea,Borussia Dortmund,0.0,25000000.0,Michy Batshuayi,1993-10-02,Belgium,Attack,24.331279945242983,7,2018-01-31
179184,2018-06-30,17/18,16,631,Borussia Dortmund,Chelsea,0.0,40000000.0,Michy Batshuayi,1993-10-02,Belgium,Attack,24.7419575633128,7,2018-06-30
179184,2018-08-10,18/19,631,1049,Chelsea,Valencia,0.0,40000000.0,Michy Batshuayi,1993-10-02,Belgium,Attack,24.854209445585216,7,2018-08-10
179184,2019-01-30,18/19,1049,631,Valencia,Chelsea,0.0,30000000.0,Michy Batshuayi,1993-10-02,Belgium,Attack,25.32785763175907,7,2019-01-30
179184,2019-01-31,18/19,631,873,Chelsea,Crystal Palace,0.0,30000000.0,Michy Batshuayi,1993-10-02,Belgium,Attack,25.3305954825462,7,2019-01-31
179184,2019-06-30,18/19,873,631,Crystal Palace,Chelsea,0.0,30000000.0,Michy Batshuayi,1993-10-02,Belgium,Attack,25.741273100616016,7,2019-06-30
179184,2020-09-10,20/21,631,873,Chelsea,Crystal Palace,0.0,14000000.0,Michy Batshuayi,1993-10-02,Belgium,Attack,26.940451745379878,7,2020-09-10
179184,2021-05-31,20/21,873,631,Crystal Palace,Chelsea,0.0,10000000.0,Michy Batshuayi,1993-10-02,Belgium,Attack,27.66050650239562,7,2021-05-31
179184,2021-08-18,21/22,631,114,Chelsea,Besiktas,0.0,10000000.0,Michy Batshuayi,1993-10-02,Belgium,Attack,27.876796714579054,7,2021-08-18
179184,2022-06-30,21/22,114,631,Besiktas,Chelsea,0.0,10000000.0,Michy Batshuayi,1993-10-02,Belgium,Attack,28.7419575633128,7,2022-06-30
179184,2022-09-02,22/23,631,36,Chelsea,Fenerbahçe,3500000.0,10000000.0,Michy Batshuayi,1993-10-02,Belgium,Attack,28.917180013689254,7,2022-09-02
179184,2024-07-01,24/25,36,141,Fenerbahçe,Galatasaray,0.0,8500000.0,Michy Batshuayi,1993-10-02,Belgium,Attack,30.746064339493497,7,2024-07-01
179184,2025-02-03,24/25,141,24,Galatasaray,Frankfurt,3000000.0,7000000.0,Michy Batshuayi,1993-10-02,Belgium,Attack,31.340177960301162,7,2025-02-03
145707,2010-07-01,10/11,2863,221,América-MG,Santos,900000.0,600000.0,Danilo,1991-07-15,Brazil,Defender,18.962354551676935,8,2010-07-01
145707,2011-07-01,11/12,221,720,Santos,Porto,13000000.0,5000000.0,Danilo,1991-07-15,Brazil,Defender,19.96167008898015,8,2011-07-01
145707,2011-07-02,11/12,720,221,Porto,Santos,0.0,5000000.0,Danilo,1991-07-15,Brazil,Defender,19.964407939767284,8,2011-07-02
145707,2011-12-31,11/12,221,720,Santos,Porto,0.0,10000000.0,Danilo,1991-07-15,Brazil,Defender,20.462696783025326,8,2011-12-31
145707,2015-07-01,15/16,720,418,Porto,Real Madrid,31500000.0,25000000.0,Danilo,1991-07-15,Brazil,Defender,23.96167008898015,8,2015-07-01
145707,2017-07-23,17/18,418,281,Real Madrid,Manchester City,30000000.0,16000000.0,Danilo,1991-07-15,Brazil,Defender,26.023271731690624,8,2017-07-23
145707,2019-08-07,19/20,281,506,Manchester City,Juventus,37000000.0,20000000.0,Danilo,1991-07-15,Brazil,Defender,28.06297056810404,8,2019-08-07
145707,2025-01-29,24/25,506,614,Juventus,Flamengo,0.0,4000000.0,Danilo,1991-07-15,Brazil,Defender,33.544147843942504,8,2025-01-29
157495,2013-07-09,13/14,738,244,Le Havre AC,Marseille,4000000.0,2000000.0,Benjamin Mendy,1994-07-17,France,Defender,18.978781656399725,9,2013-07-09
157495,2016-07-01,16/17,244,162,Marseille,Monaco,13000000.0,6500000.0,Benjamin Mendy,1994-07-17,France,Defender,21.95756331279945,9,2016-07-01
157495,2017-07-24,17/18,162,281,Monaco,Manchester City,57500000.0,13000000.0,Benjamin Mendy,1994-07-17,France,Defender,23.019849418206707,9,2017-07-24
157495,2023-07-19,23/24,281,1158,Manchester City,FC Lorient,0.0,3000000.0,Benjamin Mendy,1994-07-17,France,Defender,29.00479123887748,9,2023-07-19
357119,2017-07-01,17/18,750,23826,FC Sochaux,Leipzig,0.0,300000.0,Ibrahima Konaté,1999-05-25,France,Defender,18.102669404517453,10,2017-07-01
357119,2021-07-01,21/22,23826,31,Leipzig,Liverpool,40000000.0,35000000.0,Ibrahima Konaté,1999-05-25,France,Defender,22.102669404517453,10,2021-07-01
581678,2020-07-23,20/21,337,16,Birmingham,Borussia Dortmund,30150000.0,11000000.0,Jude Bellingham,2003-06-29,England,Midfield,17.06776180698152,11,2020-07-23
581678,2023-07-01,23/24,16,418,Borussia Dortmund,Real Madrid,127000000.0,120000000.0,Jude Bellingham,2003-06-29,England,Midfield,20.005475701574266,11,2023-07-01
478573,2022-07-01,22/23,610,27,Ajax,Bayern Munich,18500000.0,35000000.0,Ryan Gravenberch,2002-05-16,Netherlands,Midfield,20.125941136208077,12,2022-07-01
478573,2023-09-01,23/24,27,31,Bayern Munich,Liverpool,40000000.0,30000000.0,Ryan Gravenberch,2002-05-16,Netherlands,Midfield,21.295003422313485,12,2023-09-01
68863,2011-01-11,10/11,2470,12001,Barça,Sampdoria,0.0,0.0,Mauro Icardi,1993-02-19,Argentina,Attack,17.89185489390828,13,2011-01-11
68863,2011-06-30,10/11,12001,2470,Sampdoria,Barça,0.0,200000.0,Mauro Icardi,1993-02-19,Argentina,Attack,18.357289527720738,13,2011-06-30
68863,2011-07-16,11/12,2470,1038,Barça,Sampdoria,300000.0,200000.0,Mauro Icardi,1993-02-19,Argentina,Attack,18.401095140314855,13,2011-07-16
68863,2013-07-09,13/14,1038,46,Sampdoria,Inter,13000000.0,12000000.0,Mauro Icardi,1993-02-19,Argentina,Attack,20.383299110198493,13,2013-07-09
68863,2019-09-02,19/20,46,583,Inter,Paris Saint-Germain,0.0,80000000.0,Mauro Icardi,1993-02-19,Argentina,Attack,26.532511978097194,13,2019-09-02
68863,2020-06-30,19/20,583,46,Paris Saint-Germain,Inter,0.0,60000000.0,Mauro Icardi,1993-02-19,Argentina,Attack,27.359342915811087,13,2020-06-30
68863,2020-07-01,20/21,46,583,Inter,Paris Saint-Germain,50000000.0,60000000.0,Mauro Icardi,1993-02-19,Argentina,Attack,27.362080766598222,13,2020-07-01
68863,2022-09-08,22/23,583,141,Paris Saint-Germain,Galatasaray,0.0,22000000.0,Mauro Icardi,1993-02-19,Argentina,Attack,29.54962354551677,13,2022-09-08
68863,2023-06-30,22/23,141,583,Galatasaray,Paris Saint-Germain,0.0,19000000.0,Mauro Icardi,1993-02-19,Argentina,Attack,30.357289527720738,13,2023-06-30
68863,2023-07-26,23/24,583,141,Paris Saint-Germain,Galatasaray,10000000.0,19000000.0,Mauro Icardi,1993-02-19,Argentina,Attack,30.428473648186174,13,2023-07-26
181375,2015-01-01,14/15,290,200,AJ Auxerre,Utrecht,0.0,1250000.0,Sébastien Haller,1994-06-22,Cote d'Ivoire,Attack,20.528405201916495,14,2015-01-01
181375,2015-06-30,14/15,200,290,Utrecht,AJ Auxerre,0.0,1250000.0,Sébastien Haller,1994-06-22,Cote d'Ivoire,Attack,21.021218343600275,14,2015-06-30
181375,2015-07-01,15/16,290,200,AJ Auxerre,Utrecht,750000.0,2000000.0,Sébastien Haller,1994-06-22,Cote d'Ivoire,Attack,21.023956194387406,14,2015-07-01
181375,2017-07-01,17/18,200,24,Utrecht,Frankfurt,12000000.0,8000000.0,Sébastien Haller,1994-06-22,Cote d'Ivoire,Attack,23.025325119780973,14,2017-07-01
181375,2019-07-17,19/20,24,379,Frankfurt,West Ham,50000000.0,40000000.0,Sébastien Haller,1994-06-22,Cote d'Ivoire,Attack,25.06776180698152,14,2019-07-17
181375,2021-01-08,20/21,379,610,West Ham,Ajax,22500000.0,30000000.0,Sébastien Haller,1994-06-22,Cote d'Ivoire,Attack,26.548939082819988,14,2021-01-08
181375,2022-07-06,22/23,610,16,Ajax,Borussia Dortmund,31000000.0,35000000.0,Sébastien Haller,1994-06-22,Cote d'Ivoire,Attack,28.03832991101985,14,2022-07-06
181375,2024-08-30,24/25,16,1244,Borussia Dortmund,CD Leganés,0.0,10000000.0,Sébastien Haller,1994-06-22,Cote d'Ivoire,Attack,30.190280629705683,14,2024-08-30
181375,2025-01-09,24/25,16,200,Borussia Dortmund,Utrecht,0.0,3000000.0,Sébastien Haller,1994-06-22,Cote d'Ivoire,Attack,30.55167693360712,14,2025-01-09
181375,2025-01-09,24/25,1244,16,CD Leganés,Borussia Dortmund,0.0,3000000.0,Sébastien Haller,1994-06-22,Cote d'Ivoire,Attack,30.55167693360712,14,2025-01-09
181375,2025-06-30,24/25,200,16,Utrecht,Borussia Dortmund,0.0,3000000.0,Sébastien Haller,1994-06-22,Cote d'Ivoire,Attack,31.02258726899384,14,2025-06-30
181375,2025-08-18,25/26,16,200,Borussia Dortmund,Utrecht,0.0,3000000.0,Sébastien Haller,1994-06-22,Cote d'Ivoire,Attack,31.156741957563312,14,2025-08-18
128223,2014-07-19,14/15,418,506,Real Madrid,Juventus,20000000.0,12000000.0,Álvaro Morata,1992-10-23,Spain,Attack,21.73579739904175,15,2014-07-19
128223,2016-07-01,16/17,506,418,Juventus,Real Madrid,30000000.0,30000000.0,Álvaro Morata,1992-10-23,Spain,Attack,23.68788501026694,15,2016-07-01
128223,2017-07-21,17/18,418,631,Real Madrid,Chelsea,66000000.0,40000000.0,Álvaro Morata,1992-10-23,Spain,Attack,24.7419575633128,15,2017-07-21
128223,2019-01-28,18/19,631,13,Chelsea,Atletico Madrid,0.0,50000000.0,Álvaro Morata,1992-10-23,Spain,Attack,26.26420260095825,15,2019-01-28
128223,2020-06-30,19/20,13,631,Atletico Madrid,Chelsea,0.0,36000000.0,Álvaro Morata,1992-10-23,Spain,Attack,27.685147159479808,15,2020-06-30
128223,2020-07-01,20/21,631,13,Chelsea,Atletico Madrid,35000000.0,36000000.0,Álvaro Morata,1992-10-23,Spain,Attack,27.68788501026694,15,2020-07-01
128223,2020-09-22,20/21,13,506,Atletico Madrid,Juventus,0.0,36000000.0,Álvaro Morata,1992-10-23,Spain,Attack,27.915126625598905,15,2020-09-22
128223,2022-06-30,21/22,506,13,Juventus,Atletico Madrid,0.0,25000000.0,Álvaro Morata,1992-10-23,Spain,Attack,29.683778234086244,15,2022-06-30
128223,2024-07-19,24/25,13,5,Atletico Madrid,AC Milan,17200000.0,16000000.0,Álvaro Morata,1992-10-23,Spain,Attack,31.737166324435318,15,2024-07-19
128223,2025-02-02,24/25,5,141,AC Milan,Galatasaray,0.0,13000000.0,Álvaro Morata,1992-10-23,Spain,Attack,32.27926078028747,15,2025-02-02
128223,2025-08-10,25/26,141,5,Galatasaray,AC Milan,0.0,11000000.0,Álvaro Morata,1992-10-23,Spain,Attack,32.79671457905544,15,2025-08-10
128223,2025-08-12,25/26,5,1047,AC Milan,Como,0.0,11000000.0,Álvaro Morata,1992-10-23,Spain,Attack,32.80219028062971,15,2025-08-12
128223,2026-06-30,25/26,1047,5,Como,AC Milan,0.0,6000000.0,Álvaro Morata,1992-10-23,Spain,Attack,33.68377823408624,15,2026-06-30
475959,2021-07-01,21/22,419,23826,Dinamo Zagreb,Leipzig,36800000.0,19000000.0,Josko Gvardiol,2002-01-23,Croatia,Defender,19.43600273785079,16,2021-07-01
475959,2023-08-05,23/24,23826,281,Leipzig,Manchester City,90000000.0,75000000.0,Josko Gvardiol,2002-01-23,Croatia,Defender,21.530458590006845,16,2023-08-05
316889,2017-07-01,17/18,4035,383,Pachuca,PSV,12500000.0,10000000.0,Hirving Lozano,1995-07-30,Mexico,Attack,21.921971252566735,17,2017-07-01
316889,2019-08-23,19/20,383,6195,PSV,Napoli,50000000.0,40000000.0,Hirving Lozano,1995-07-30,Mexico,Attack,24.06570841889117,17,2019-08-23
316889,2023-09-01,23/24,6195,383,Napoli,PSV,15000000.0,25000000.0,Hirving Lozano,1995-07-30,Mexico,Attack,28.09034907597536,17,2023-09-01
316889,2025-01-31,24/25,383,114977,PSV,San Diego,12000000.0,12000000.0,Hirving Lozano,1995-07-30,Mexico,Attack,29.508555783709788,17,2025-01-31
225122,2017-01-25,16/17,294,583,Benfica,Paris Saint-Germain,30000000.0,9000000.0,Gonçalo Guedes,1996-11-29,Portugal,Attack,20.15605749486653,18,2017-01-25
225122,2017-09-01,17/18,583,1049,Paris Saint-Germain,Valencia,0.0,17000000.0,Gonçalo Guedes,1996-11-29,Portugal,Attack,20.75564681724846,18,2017-09-01
225122,2018-06-30,17/18,1049,583,Valencia,Paris Saint-Germain,0.0,40000000.0,Gonçalo Guedes,1996-11-29,Portugal,Attack,21.582477754962355,18,2018-06-30
225122,2018-08-27,18/19,583,1049,Paris Saint-Germain,Valencia,40000000.0,40000000.0,Gonçalo Guedes,1996-11-29,Portugal,Attack,21.741273100616016,18,2018-08-27
225122,2022-08-08,22/23,1049,543,Valencia,Wolves,32600000.0,40000000.0,Gonçalo Guedes,1996-11-29,Portugal,Attack,25.689253935660506,18,2022-08-08
225122,2023-01-19,22/23,543,294,Wolves,Benfica,0.0,32000000.0,Gonçalo Guedes,1996-11-29,Portugal,Attack,26.138261464750173,18,2023-01-19
225122,2023-06-30,22/23,294,543,Benfica,Wolves,0.0,23000000.0,Gonçalo Guedes,1996-11-29,Portugal,Attack,26.581793292265573,18,2023-06-30
225122,2023-08-29,23/24,543,294,Wolves,Benfica,0.0,23000000.0,Gonçalo Guedes,1996-11-29,Portugal,Attack,26.746064339493497,18,2023-08-29
225122,2024-01-18,23/24,294,543,Benfica,Wolves,0.0,18000000.0,Gonçalo Guedes,1996-11-29,Portugal,Attack,27.134839151266256,18,2024-01-18
225122,2024-01-19,23/24,543,1050,Wolves,Villarreal,0.0,18000000.0,Gonçalo Guedes,1996-11-29,Portugal,Attack,27.137577002053387,18,2024-01-19
225122,2024-06-30,23/24,1050,543,Villarreal,Wolves,0.0,15000000.0,Gonçalo Guedes,1996-11-29,Portugal,Attack,27.583846680355922,18,2024-06-30
225122,2025-08-04,25/26,543,681,Wolves,Real Sociedad,4000000.0,11000000.0,Gonçalo Guedes,1996-11-29,Portugal,Attack,28.67898699520876,18,2025-08-04
286384,2015-01-29,14/15,714,1050,Espanyol,Villarreal,5700000.0,1000000.0,Eric Bailly,1994-04-12,Cote d'Ivoire,Defender,20.799452429842574,19,2015-01-29
286384,2016-07-01,16/17,1050,985,Villarreal,Manchester United,38000000.0,8000000.0,Eric Bailly,1994-04-12,Cote d'Ivoire,Defender,22.220396988364133,19,2016-07-01
286384,2022-08-24,22/23,985,244,Manchester United,Marseille,0.0,6000000.0,Eric Bailly,1994-04-12,Cote d'Ivoire,Defender,28.366872005475702,19,2022-08-24
286384,2023-06-30,22/23,244,985,Marseille,Manchester United,0.0,5000000.0,Eric Bailly,1994-04-12,Cote d'Ivoire,Defender,29.215605749486652,19,2023-06-30
286384,2023-09-04,23/24,985,114,Manchester United,Besiktas,0.0,5000000.0,Eric Bailly,1994-04-12,Cote d'Ivoire,Defender,29.39630390143737,19,2023-09-04
286384,2024-01-01,23/24,114,1050,Besiktas,Villarreal,0.0,3400000.0,Eric Bailly,1994-04-12,Cote d'Ivoire,Defender,29.72210814510609,19,2024-01-01
286384,2025-08-18,25/26,1050,2497,Villarreal,Real Oviedo,0.0,2000000.0,Eric Bailly,1994-04-12,Cote d'Ivoire,Defender,31.351129363449694,19,2025-08-18
294057,2016-02-01,15/16,990,1123,Coventry,Norwich,2650000.0,500000.0,James Maddison,1996-11-23,England,Midfield,19.189596167008897,20,2016-02-01
294057,2016-02-02,15/16,1123,990,Norwich,Coventry,0.0,500000.0,James Maddison,1996-11-23,England,Midfield,19.19233401779603,20,2016-02-02
294057,2016-05-31,15/16,990,1123,Coventry,Norwich,0.0,1500000.0,James Maddison,1996-11-23,England,Midfield,19.51813826146475,20,2016-05-31
294057,2016-08-31,16/17,1123,370,Norwich,Aberdeen FC,0.0,1500000.0,James Maddison,1996-11-23,England,Midfield,19.770020533880903,20,2016-08-31
294057,2017-01-02,16/17,370,1123,Aberdeen FC,Norwich,0.0,1500000.0,James Maddison,1996-11-23,England,Midfield,20.109514031485283,20,2017-01-02
294057,2018-07-01,18/19,1123,1003,Norwich,Leicester,25000000.0,10000000.0,James Maddison,1996-11-23,England,Midfield,21.60164271047228,20,2018-07-01
294057,2023-07-01,23/24,1003,148,Leicester,Tottenham Hotspur,46300000.0,60000000.0,James Maddison,1996-11-23,England,Midfield,26.600958247775495,20,2023-07-01
447661,2017-07-15,17/18,978,281,Vasco da Gama,Manchester City,12000000.0,0.0,Douglas Luiz,1998-05-09,Brazil,Midfield,19.184120465434635,21,2017-07-15
447661,2017-08-01,17/18,281,12321,Manchester City,Girona,0.0,0.0,Douglas Luiz,1998-05-09,Brazil,Midfield,19.23066392881588,21,2017-08-01
447661,2019-06-30,18/19,12321,281,Girona,Manchester City,0.0,2500000.0,Douglas Luiz,1998-05-09,Brazil,Midfield,21.141683778234086,21,2019-06-30
447661,2019-07-25,19/20,281,405,Manchester City,Aston Villa,16800000.0,2500000.0,Douglas Luiz,1998-05-09,Brazil,Midfield,21.21013004791239,21,2019-07-25
447661,2024-07-01,24/25,405,506,Aston Villa,Juventus,51500000.0,70000000.0,Douglas Luiz,1998-05-09,Brazil,Midfield,26.146475017111566,21,2024-07-01
447661,2025-08-21,25/26,506,703,Juventus,Nott'm Forest,0.0,30000000.0,Douglas Luiz,1998-05-09,Brazil,Midfield,27.28542094455852,21,2025-08-21
447661,2026-01-27,25/26,703,506,Nott'm Forest,Juventus,0.0,25000000.0,Douglas Luiz,1998-05-09,Brazil,Midfield,27.720739219712527,21,2026-01-27
447661,2026-01-28,25/26,506,405,Juventus,Aston Villa,0.0,25000000.0,Douglas Luiz,1998-05-09,Brazil,Midfield,27.72347707049966,21,2026-01-28
447661,2026-06-30,25/26,405,506,Aston Villa,Juventus,0.0,18000000.0,Douglas Luiz,1998-05-09,Brazil,Midfield,28.142368240930868,21,2026-06-30
520624,2020-01-30,19/20,679,1041,Athletico-PR,Lyon,20000000.0,20000000.0,Bruno Guimarães,1997-11-16,Brazil,Midfield,22.203969883641342,22,2020-01-30
520624,2022-01-30,21/22,1041,762,Lyon,Newcastle,42100000.0,30000000.0,Bruno Guimarães,1997-11-16,Brazil,Midfield,24.205338809034906,22,2022-01-30
56818,2008-07-01,08/09,667,180,R. Strasbourg,Southampton,1500000.0,1200000.0,Morgan Schneiderlin,1989-11-08,France,Midfield,18.64476386036961,23,2008-07-01
56818,2015-07-13,15/16,180,985,Southampton,Manchester United,35000000.0,28000000.0,Morgan Schneiderlin,1989-11-08,France,Midfield,25.675564681724847,23,2015-07-13
56818,2017-01-12,16/17,985,29,Manchester United,Everton,23000000.0,28000000.0,Morgan Schneiderlin,1989-11-08,France,Midfield,27.17864476386037,23,2017-01-12
56818,2020-07-01,20/21,29,417,Everton,OGC Nice,2230000.0,9500000.0,Morgan Schneiderlin,1989-11-08,France,Midfield,30.64476386036961,23,2020-07-01
56818,2023-01-28,22/23,417,36100,OGC Nice,Western Sydney,0.0,2500000.0,Morgan Schneiderlin,1989-11-08,France,Midfield,33.22108145106092,23,2023-01-28
56818,2023-06-30,22/23,36100,417,Western Sydney,OGC Nice,0.0,1500000.0,Morgan Schneiderlin,1989-11-08,France,Midfield,33.63997262149213,23,2023-06-30
56818,2023-08-01,23/24,417,2293,OGC Nice,Konyaspor,0.0,1500000.0,Morgan Schneiderlin,1989-11-08,France,Midfield,33.72758384668035,23,2023-08-01
340950,2016-07-06,16/17,2995,13,Paços Ferreira,Atletico Madrid,7000000.0,3000000.0,Diogo Jota,1996-12-04,Portugal,Attack,19.586584531143053,24,2016-07-06
340950,2016-08-26,16/17,13,720,Atletico Madrid,Porto,0.0,7000000.0,Diogo Jota,1996-12-04,Portugal,Attack,19.72621492128679,24,2016-08-26
340950,2017-06-30,16/17,720,13,Porto,Atletico Madrid,0.0,8000000.0,Diogo Jota,1996-12-04,Portugal,Attack,20.569472963723477,24,2017-06-30
340950,2017-07-25,17/18,13,543,Atletico Madrid,Wolves,0.0,8000000.0,Diogo Jota,1996-12-04,Portugal,Attack,20.637919233401778,24,2017-07-25
340950,2018-06-30,17/18,543,13,Wolves,Atletico Madrid,0.0,12000000.0,Diogo Jota,1996-12-04,Portugal,Attack,21.568788501026695,24,2018-06-30
340950,2018-07-01,18/19,13,543,Atletico Madrid,Wolves,14000000.0,12000000.0,Diogo Jota,1996-12-04,Portugal,Attack,21.571526351813826,24,2018-07-01
340950,2020-09-19,20/21,543,31,Wolves,Liverpool,44700000.0,28000000.0,Diogo Jota,1996-12-04,Portugal,Attack,23.79192334017796,24,2020-09-19
971570,2024-07-21,24/25,1023,418,Palmeiras,Real Madrid,47500000.0,60000000.0,Endrick,2006-07-21,Brazil,Attack,18.001368925393567,25,2024-07-21
971570,2026-01-01,25/26,418,1041,Real Madrid,Lyon,0.0,25000000.0,Endrick,2006-07-21,Brazil,Attack,19.449691991786448,25,2026-01-01
971570,2026-06-30,25/26,1041,418,Lyon,Real Madrid,0.0,40000000.0,Endrick,2006-07-21,Brazil,Attack,19.942505133470227,25,2026-06-30
203853,2016-07-04,16/17,28095,281,Ufa,Manchester City,2250000.0,4000000.0,Oleksandr Zinchenko,1996-12-15,Ukraine,Defender,19.550992470910334,26,2016-07-04
203853,2016-08-26,16/17,281,383,Manchester City,PSV,0.0,4000000.0,Oleksandr Zinchenko,1996-12-15,Ukraine,Defender,19.696098562628336,26,2016-08-26
203853,2017-06-30,16/17,383,281,PSV,Manchester City,0.0,4500000.0,Oleksandr Zinchenko,1996-12-15,Ukraine,Defender,20.539356605065024,26,2017-06-30
203853,2022-07-22,22/23,281,11,Manchester City,Arsenal,35000000.0,25000000.0,Oleksandr Zinchenko,1996-12-15,Ukraine,Defender,25.598904859685145,26,2022-07-22
203853,2025-09-01,25/26,11,703,Arsenal,Nott'm Forest,0.0,20000000.0,Oleksandr Zinchenko,1996-12-15,Ukraine,Defender,28.711841204654345,26,2025-09-01
203853,2026-01-31,25/26,703,11,Nott'm Forest,Arsenal,0.0,15000000.0,Oleksandr Zinchenko,1996-12-15,Ukraine,Defender,29.127994524298426,26,2026-01-31
203853,2026-02-01,25/26,11,610,Arsenal,Ajax,1500000.0,15000000.0,Oleksandr Zinchenko,1996-12-15,Ukraine,Defender,29.130732375085557,26,2026-02-01
241641,2014-08-07,14/15,294,162,Benfica,Monaco,0.0,2500000.0,Bernardo Silva,1994-08-10,Portugal,Midfield,19.991786447638603,27,2014-08-07
241641,2015-01-19,14/15,162,294,Monaco,Benfica,0.0,3500000.0,Bernardo Silva,1994-08-10,Portugal,Midfield,20.4435318275154,27,2015-01-19
241641,2015-01-20,14/15,294,162,Benfica,Monaco,15750000.0,3500000.0,Bernardo Silva,1994-08-10,Portugal,Midfield,20.44626967830253,27,2015-01-20
241641,2017-07-01,17/18,162,281,Monaco,Manchester City,50000000.0,40000000.0,Bernardo Silva,1994-08-10,Portugal,Midfield,22.8911704312115,27,2017-07-01
191614,2013-07-01,13/14,6600,660,Internacional,Shakhtar D.,15000000.0,5000000.0,Fred,1993-03-05,Brazil,Midfield,20.32306639288159,28,2013-07-01
191614,2018-07-01,18/19,660,985,Shakhtar D.,Manchester United,59000000.0,32000000.0,Fred,1993-03-05,Brazil,Midfield,25.322381930184804,28,2018-07-01
191614,2023-08-13,23/24,985,36,Manchester United,Fenerbahçe,9740000.0,20000000.0,Fred,1993-03-05,Brazil,Midfield,30.439425051334702,28,2023-08-13
284857,2018-08-31,18/19,131,1533,Barcelona,SD Eibar,0.0,5000000.0,Marc Cucurella,1998-07-22,Spain,Defender,20.109514031485283,29,2018-08-31
284857,2019-06-30,18/19,1533,131,SD Eibar,Barcelona,0.0,10000000.0,Marc Cucurella,1998-07-22,Spain,Defender,20.93908281998631,29,2019-06-30
284857,2019-07-01,19/20,131,1533,Barcelona,SD Eibar,2000000.0,10000000.0,Marc Cucurella,1998-07-22,Spain,Defender,20.941820670773442,29,2019-07-01
284857,2019-07-16,19/20,1533,131,SD Eibar,Barcelona,4000000.0,10000000.0,Marc Cucurella,1998-07-22,Spain,Defender,20.982888432580424,29,2019-07-16
284857,2019-07-18,19/20,131,3709,Barcelona,Getafe,0.0,10000000.0,Marc Cucurella,1998-07-22,Spain,Defender,20.98836413415469,29,2019-07-18
284857,2020-06-30,19/20,3709,131,Getafe,Barcelona,0.0,18000000.0,Marc Cucurella,1998-07-22,Spain,Defender,21.94113620807666,29,2020-06-30
284857,2020-07-01,20/21,131,3709,Barcelona,Getafe,11800000.0,18000000.0,Marc Cucurella,1998-07-22,Spain,Defender,21.94387405886379,29,2020-07-01
284857,2021-08-31,21/22,3709,1237,Getafe,Brighton,18000000.0,20000000.0,Marc Cucurella,1998-07-22,Spain,Defender,23.110198494182068,29,2021-08-31
284857,2022-08-05,22/23,1237,631,Brighton,Chelsea,65300000.0,28000000.0,Marc Cucurella,1998-07-22,Spain,Defender,24.03832991101985,29,2022-08-05
251664,2015-08-06,15/16,1302,762,Northampton,Newcastle,360000.0,150000.0,Ivan Toney,1996-03-16,England,Attack,19.38945927446954,30,2015-08-06
251664,2015-11-09,15/16,762,349,Newcastle,Barnsley,0.0,500000.0,Ivan Toney,1996-03-16,England,Attack,19.64955509924709,30,2015-11-09
251664,2015-12-23,15/16,349,762,Barnsley,Newcastle,0.0,500000.0,Ivan Toney,1996-03-16,England,Attack,19.770020533880903,30,2015-12-23
251664,2016-03-24,15/16,762,349,Newcastle,Barnsley,0.0,500000.0,Ivan Toney,1996-03-16,England,Attack,20.021902806297057,30,2016-03-24
251664,2016-05-31,15/16,349,762,Barnsley,Newcastle,0.0,500000.0,Ivan Toney,1996-03-16,England,Attack,20.20807665982204,30,2016-05-31
251664,2016-08-08,16/17,762,3054,Newcastle,Shrewsbury,0.0,500000.0,Ivan Toney,1996-03-16,England,Attack,20.396988364134156,30,2016-08-08
251664,2017-01-05,16/17,3054,762,Shrewsbury,Newcastle,0.0,500000.0,Ivan Toney,1996-03-16,England,Attack,20.80766598220397,30,2017-01-05
251664,2017-01-12,16/17,762,2964,Newcastle,Scunthorpe Utd.,0.0,500000.0,Ivan Toney,1996-03-16,England,Attack,20.826830937713893,30,2017-01-12
251664,2017-05-31,16/17,2964,762,Scunthorpe Utd.,Newcastle,0.0,500000.0,Ivan Toney,1996-03-16,England,Attack,21.207392197125255,30,2017-05-31
251664,2017-08-02,17/18,762,1071,Newcastle,Wigan,0.0,500000.0,Ivan Toney,1996-03-16,England,Attack,21.37987679671458,30,2017-08-02
251664,2018-01-10,17/18,1071,762,Wigan,Newcastle,0.0,500000.0,Ivan Toney,1996-03-16,England,Attack,21.82067077344285,30,2018-01-10
251664,2018-01-11,17/18,762,2964,Newcastle,Scunthorpe Utd.,0.0,500000.0,Ivan Toney,1996-03-16,England,Attack,21.82340862422998,30,2018-01-11
251664,2018-05-31,17/18,2964,762,Scunthorpe Utd.,Newcastle,0.0,500000.0,Ivan Toney,1996-03-16,England,Attack,22.206707734428473,30,2018-05-31
251664,2018-08-09,18/19,762,1072,Newcastle,Peterborough,390000.0,500000.0,Ivan Toney,1996-03-16,England,Attack,22.39835728952772,30,2018-08-09
251664,2020-09-01,20/21,1072,1148,Peterborough,Brentford,5600000.0,400000.0,Ivan Toney,1996-03-16,England,Attack,24.462696783025326,30,2020-09-01
251664,2024-08-31,24/25,1148,18487,Brentford,Al-Ahli,42000000.0,50000000.0,Ivan Toney,1996-03-16,England,Attack,28.459958932238195,30,2024-08-31
258027,2016-07-01,16/17,294,27,Benfica,Bayern Munich,35000000.0,20000000.0,Renato Sanches,1997-08-18,Portugal,Midfield,18.869267624914443,31,2016-07-01
258027,2017-08-31,17/18,27,2288,Bayern Munich,Swansea,0.0,22000000.0,Renato Sanches,1997-08-18,Portugal,Midfield,20.035592060232716,31,2017-08-31
258027,2018-06-30,17/18,2288,27,Swansea,Bayern Munich,0.0,20000000.0,Renato Sanches,1997-08-18,Portugal,Midfield,20.865160848733744,31,2018-06-30
258027,2019-08-23,19/20,27,1082,Bayern Munich,Lille,20000000.0,18000000.0,Renato Sanches,1997-08-18,Portugal,Midfield,22.012320328542096,31,2019-08-23
258027,2022-08-04,22/23,1082,583,Lille,Paris Saint-Germain,15000000.0,28000000.0,Renato Sanches,1997-08-18,Portugal,Midfield,24.960985626283367,31,2022-08-04
258027,2023-08-16,23/24,583,12,Paris Saint-Germain,Roma,0.0,15000000.0,Renato Sanches,1997-08-18,Portugal,Midfield,25.99315537303217,31,2023-08-16
258027,2024-06-30,23/24,12,583,Roma,Paris Saint-Germain,0.0,6500000.0,Renato Sanches,1997-08-18,Portugal,Midfield,26.86652977412731,31,2024-06-30
258027,2024-08-05,24/25,583,294,Paris Saint-Germain,Benfica,0.0,6500000.0,Renato Sanches,1997-08-18,Portugal,Midfield,26.965092402464066,31,2024-08-05
258027,2025-06-30,24/25,294,583,Benfica,Paris Saint-Germain,0.0,3000000.0,Renato Sanches,1997-08-18,Portugal,Midfield,27.865845311430526,31,2025-06-30
258027,2025-08-24,25/26,583,265,Paris Saint-Germain,Panathinaikos,0.0,3000000.0,Renato Sanches,1997-08-18,Portugal,Midfield,28.016427104722794,31,2025-08-24
258027,2026-06-30,25/26,265,583,Panathinaikos,Paris Saint-Germain,0.0,2000000.0,Renato Sanches,1997-08-18,Portugal,Midfield,28.865160848733744,31,2026-06-30
365108,2020-01-28,19/20,417,527,Nice,Lausanne-Sport,0.0,1000000.0,Dan Ndoye,2000-10-25,Switzerland,Attack,19.2580424366872,32,2020-01-28
365108,2020-08-01,19/20,527,417,Lausanne-Sport,Nice,0.0,1300000.0,Dan Ndoye,2000-10-25,Switzerland,Attack,19.76728268309377,32,2020-08-01
365108,2021-08-31,21/22,417,26,Nice,Basel,0.0,4000000.0,Dan Ndoye,2000-10-25,Switzerland,Attack,20.84873374401095,32,2021-08-31
365108,2022-06-30,21/22,26,417,Basel,Nice,0.0,4000000.0,Dan Ndoye,2000-10-25,Switzerland,Attack,21.678302532511978,32,2022-06-30
365108,2022-07-01,22/23,417,26,Nice,Basel,2000000.0,4000000.0,Dan Ndoye,2000-10-25,Switzerland,Attack,21.68104038329911,32,2022-07-01
365108,2023-08-14,23/24,26,1025,Basel,Bologna,16450000.0,3500000.0,Dan Ndoye,2000-10-25,Switzerland,Attack,22.80082135523614,32,2023-08-14
365108,2025-07-31,25/26,1025,703,Bologna,Nott'm Forest,42000000.0,35000000.0,Dan Ndoye,2000-10-25,Switzerland,Attack,24.763860369609855,32,2025-07-31
361914,2013-07-01,13/14,37546,6371,AM Football,FUS Rabat,15000.0,0.0,Nayef Aguerd,1996-03-30,Morocco,Defender,17.253935660506503,33,2013-07-01
361914,2018-07-01,18/19,6371,2969,FUS Rabat,Dijon,1600000.0,900000.0,Nayef Aguerd,1996-03-30,Morocco,Defender,22.253251197809718,33,2018-07-01
361914,2020-08-14,20/21,2969,273,Dijon,Stade Rennais,4000000.0,4000000.0,Nayef Aguerd,1996-03-30,Morocco,Defender,24.3750855578371,33,2020-08-14
361914,2022-07-01,22/23,273,379,Stade Rennais,West Ham,35000000.0,12000000.0,Nayef Aguerd,1996-03-30,Morocco,Defender,26.253251197809718,33,2022-07-01
361914,2024-08-30,24/25,379,681,West Ham,Real Sociedad,0.0,35000000.0,Nayef Aguerd,1996-03-30,Morocco,Defender,28.418891170431213,33,2024-08-30
361914,2025-06-30,24/25,681,379,Real Sociedad,West Ham,0.0,18000000.0,Nayef Aguerd,1996-03-30,Morocco,Defender,29.251197809719372,33,2025-06-30
361914,2025-09-01,25/26,379,244,West Ham,Marseille,23000000.0,18000000.0,Nayef Aguerd,1996-03-30,Morocco,Defender,29.423682409308693,33,2025-09-01
602105,2020-07-01,20/21,585,610,São Paulo,Ajax,15750000.0,18000000.0,Antony,2000-02-24,Brazil,Attack,20.35044490075291,34,2020-07-01
602105,2022-08-30,22/23,610,985,Ajax,Manchester United,95000000.0,35000000.0,Antony,2000-02-24,Brazil,Attack,22.51334702258727,34,2022-08-30
602105,2025-01-25,24/25,985,150,Manchester United,Real Betis,0.0,20000000.0,Antony,2000-02-24,Brazil,Attack,24.919917864476385,34,2025-01-25
602105,2025-06-30,24/25,150,985,Real Betis,Manchester United,0.0,35000000.0,Antony,2000-02-24,Brazil,Attack,25.347022587268995,34,2025-06-30
602105,2025-09-01,25/26,985,150,Manchester United,Real Betis,22000000.0,35000000.0,Antony,2000-02-24,Brazil,Attack,25.519507186858316,34,2025-09-01
80562,2006-01-01,05/06,9598,16032,Kawasaki Front.,C'dole Sapporo,0.0,0.0,Hulk,1986-07-25,Brazil,Attack,19.43874058863792,35,2006-01-01
80562,2006-12-31,06/07,16032,9598,C'dole Sapporo,Kawasaki Front.,0.0,0.0,Hulk,1986-07-25,Brazil,Attack,20.435318275154003,35,2006-12-31
80562,2007-01-01,06/07,9598,3734,Kawasaki Front.,Tokyo Verdy,0.0,0.0,Hulk,1986-07-25,Brazil,Attack,20.438056125941138,35,2007-01-01
80562,2007-12-31,07/08,3734,9598,Tokyo Verdy,Kawasaki Front.,0.0,0.0,Hulk,1986-07-25,Brazil,Attack,21.43463381245722,35,2007-12-31
80562,2008-07-25,08/09,3734,720,Tokyo Verdy,Porto,19000000.0,0.0,Hulk,1986-07-25,Brazil,Attack,22.001368925393567,35,2008-07-25
80562,2012-09-03,12/13,720,964,Porto,Zenit S-Pb,40000000.0,37000000.0,Hulk,1986-07-25,Brazil,Attack,26.11088295687885,35,2012-09-03
80562,2016-07-01,16/17,964,27190,Zenit S-Pb,SH SIPG,56000000.0,32000000.0,Hulk,1986-07-25,Brazil,Attack,29.935660506502394,35,2016-07-01
80562,2021-02-10,20/21,27190,330,SH Port,Atlético-MG,0.0,2500000.0,Hulk,1986-07-25,Brazil,Attack,34.548939082819984,35,2021-02-10
80562,2026-07-01,26/27,330,2462,Atlético-MG,Fluminense,0.0,1000000.0,Hulk,1986-07-25,Brazil,Attack,39.93429158110883,35,2026-07-01
8198,2003-08-12,03/04,336,985,Sporting,Manchester United,19000000.0,0.0,Cristiano Ronaldo,1985-02-05,Portugal,Attack,18.51334702258727,36,2003-08-12
8198,2009-07-06,09/10,985,418,Manchester United,Real Madrid,94000000.0,60000000.0,Cristiano Ronaldo,1985-02-05,Portugal,Attack,24.413415468856947,36,2009-07-06
8198,2018-07-10,18/19,418,506,Real Madrid,Juventus,117000000.0,100000000.0,Cristiano Ronaldo,1985-02-05,Portugal,Attack,33.42368240930869,36,2018-07-10
8198,2021-08-31,21/22,506,985,Juventus,Manchester United,17000000.0,45000000.0,Cristiano Ronaldo,1985-02-05,Portugal,Attack,36.56673511293634,36,2021-08-31
54781,2010-08-31,10/11,1029,720,Vélez Sarsfield,Porto,4000000.0,5000000.0,Nicolás Otamendi,1988-02-12,Argentina,Defender,22.548939082819988,37,2010-08-31
54781,2014-01-31,13/14,720,330,Porto,Atlético-MG,0.0,13000000.0,Nicolás Otamendi,1988-02-12,Argentina,Defender,25.968514715947983,37,2014-01-31
54781,2014-06-30,13/14,330,720,Atlético-MG,Porto,0.0,12000000.0,Nicolás Otamendi,1988-02-12,Argentina,Defender,26.379192334017795,37,2014-06-30
54781,2014-07-01,14/15,720,1049,Porto,Valencia,12000000.0,12000000.0,Nicolás Otamendi,1988-02-12,Argentina,Defender,26.38193018480493,37,2014-07-01
54781,2015-08-20,15/16,1049,281,Valencia,Manchester City,44500000.0,25000000.0,Nicolás Otamendi,1988-02-12,Argentina,Defender,27.51813826146475,37,2015-08-20
54781,2020-09-29,20/21,281,294,Manchester City,Benfica,15000000.0,14500000.0,Nicolás Otamendi,1988-02-12,Argentina,Defender,32.629705681040384,37,2020-09-29
54781,2026-07-01,26/27,294,209,Benfica,River Plate,0.0,1000000.0,Nicolás Otamendi,1988-02-12,Argentina,Defender,38.38193018480493,37,2026-07-01
475188,2020-01-27,19/20,39341,1181,Leicester,Blackpool,0.0,0.0,Kiernan Dewsbury-Hall,1998-09-06,England,Midfield,21.39082819986311,38,2020-01-27
475188,2020-05-31,19/20,1181,39341,Blackpool,Leicester,0.0,0.0,Kiernan Dewsbury-Hall,1998-09-06,England,Midfield,21.73305954825462,38,2020-05-31
475188,2020-10-16,20/21,39341,1031,Leicester,Luton,0.0,0.0,Kiernan Dewsbury-Hall,1998-09-06,England,Midfield,22.11088295687885,38,2020-10-16
475188,2021-05-31,20/21,1031,39341,Luton,Leicester,0.0,2000000.0,Kiernan Dewsbury-Hall,1998-09-06,England,Midfield,22.732375085557837,38,2021-05-31
475188,2024-07-02,24/25,1003,631,Leicester,Chelsea,35400000.0,30000000.0,Kiernan Dewsbury-Hall,1998-09-06,England,Midfield,25.82067077344285,38,2024-07-02
475188,2025-08-06,25/26,631,29,Chelsea,Everton,28650000.0,20000000.0,Kiernan Dewsbury-Hall,1998-09-06,England,Midfield,26.915811088295687,38,2025-08-06
35047,2011-07-13,11/12,3057,294,Standard Liège,Benfica,9000000.0,10000000.0,Axel Witsel,1989-01-12,Belgium,Midfield,22.496919917864478,39,2011-07-13
35047,2012-09-03,12/13,294,964,Benfica,Zenit S-Pb,40000000.0,20000000.0,Axel Witsel,1989-01-12,Belgium,Midfield,23.641341546885695,39,2012-09-03
35047,2017-01-03,16/17,964,33714,Zenit S-Pb,TJ Quanjian,20000000.0,20000000.0,Axel Witsel,1989-01-12,Belgium,Midfield,27.975359342915812,39,2017-01-03
35047,2018-08-06,18/19,33714,16,TJ Tianhai,Borussia Dortmund,20000000.0,20000000.0,Axel Witsel,1989-01-12,Belgium,Midfield,29.56331279945243,39,2018-08-06
35047,2022-07-06,22/23,16,13,Borussia Dortmund,Atletico Madrid,0.0,4000000.0,Axel Witsel,1989-01-12,Belgium,Midfield,33.478439425051334,39,2022-07-06
35047,2025-08-12,25/26,13,12321,Atletico Madrid,Girona,0.0,2000000.0,Axel Witsel,1989-01-12,Belgium,Midfield,36.580424366872,39,2025-08-12
386446,2018-08-10,18/19,416,4102,Torino,Carpi,0.0,125000.0,Alessandro Buongiorno,1999-06-06,Italy,Defender,19.17864476386037,40,2018-08-10
386446,2019-06-30,18/19,4102,416,Carpi,Torino,0.0,500000.0,Alessandro Buongiorno,1999-06-06,Italy,Defender,20.06570841889117,40,2019-06-30
386446,2020-01-11,19/20,416,4331,Torino,Trapani,0.0,500000.0,Alessandro Buongiorno,1999-06-06,Italy,Defender,20.59958932238193,40,2020-01-11
386446,2020-08-31,19/20,4331,416,Trapani,Torino,0.0,600000.0,Alessandro Buongiorno,1999-06-06,Italy,Defender,21.23750855578371,40,2020-08-31
386446,2024-07-13,24/25,416,6195,Torino,Napoli,36500000.0,35000000.0,Alessandro Buongiorno,1999-06-06,Italy,Defender,25.10335386721424,40,2024-07-13
435772,2022-08-02,22/23,2282,5,Club Brugge,AC Milan,37500000.0,30000000.0,Charles De Ketelaere,2001-03-10,Belgium,Midfield,21.39630390143737,41,2022-08-02
435772,2023-08-16,23/24,5,800,AC Milan,Atalanta,0.0,22000000.0,Charles De Ketelaere,2001-03-10,Belgium,Midfield,22.43394934976044,41,2023-08-16
435772,2024-06-30,23/24,800,5,Atalanta,AC Milan,0.0,34000000.0,Charles De Ketelaere,2001-03-10,Belgium,Midfield,23.307323750855577,41,2024-06-30
435772,2024-07-01,24/25,5,800,AC Milan,Atalanta,23700000.0,34000000.0,Charles De Ketelaere,2001-03-10,Belgium,Midfield,23.310061601642712,41,2024-07-01
890290,2024-01-06,23/24,506,12,Juventus,Roma,0.0,2500000.0,Dean Huijsen,2005-04-14,Spain,Defender,18.729637234770706,42,2024-01-06
890290,2024-06-30,23/24,12,506,Roma,Juventus,0.0,10000000.0,Dean Huijsen,2005-04-14,Spain,Defender,19.211498973305954,42,2024-06-30
890290,2024-07-30,24/25,506,989,Juventus,Bournemouth,22100000.0,10000000.0,Dean Huijsen,2005-04-14,Spain,Defender,19.293634496919918,42,2024-07-30
890290,2025-06-01,25/26,989,418,Bournemouth,Real Madrid,62500000.0,60000000.0,Dean Huijsen,2005-04-14,Spain,Defender,20.13141683778234,42,2025-06-01
90681,2011-08-16,11/12,3057,720,Standard Liège,Porto,6750000.0,5000000.0,Eliaquim Mangala,1991-02-13,France,Defender,20.503764544832308,43,2011-08-16
90681,2014-08-11,14/15,720,281,Porto,Manchester City,45000000.0,28000000.0,Eliaquim Mangala,1991-02-13,France,Defender,23.49075975359343,43,2014-08-11
90681,2016-08-31,16/17,281,1049,Manchester City,Valencia,0.0,23000000.0,Eliaquim Mangala,1991-02-13,France,Defender,25.54688569472964,43,2016-08-31
90681,2017-06-30,16/17,1049,281,Valencia,Manchester City,0.0,15000000.0,Eliaquim Mangala,1991-02-13,France,Defender,26.376454483230663,43,2017-06-30
90681,2018-01-31,17/18,281,29,Manchester City,Everton,0.0,15000000.0,Eliaquim Mangala,1991-02-13,France,Defender,26.965092402464066,43,2018-01-31
90681,2018-05-31,17/18,29,281,Everton,Manchester City,0.0,15000000.0,Eliaquim Mangala,1991-02-13,France,Defender,27.293634496919918,43,2018-05-31
90681,2019-08-12,19/20,281,1049,Manchester City,Valencia,0.0,10000000.0,Eliaquim Mangala,1991-02-13,France,Defender,28.49281314168378,43,2019-08-12
357164,2018-08-08,18/19,336,1082,Sporting,Lille,20200000.0,6000000.0,Rafael Leão,1999-06-10,Portugal,Attack,19.16221765913758,44,2018-08-08
357164,2019-08-01,19/20,1082,5,Lille,AC Milan,49500000.0,15000000.0,Rafael Leão,1999-06-10,Portugal,Attack,20.142368240930868,44,2019-08-01
431755,2019-07-18,19/20,800,130,Atalanta,Parma,0.0,1000000.0,Dejan Kulusevski,2000-04-25,Sweden,Midfield,19.227926078028748,45,2019-07-18
431755,2020-01-01,19/20,130,800,Parma,Atalanta,0.0,25000000.0,Dejan Kulusevski,2000-04-25,Sweden,Midfield,19.685147159479808,45,2020-01-01
431755,2020-01-02,19/20,800,506,Atalanta,Juventus,39000000.0,25000000.0,Dejan Kulusevski,2000-04-25,Sweden,Midfield,19.68788501026694,45,2020-01-02
431755,2020-01-02,19/20,506,130,Juventus,Parma,0.0,25000000.0,Dejan Kulusevski,2000-04-25,Sweden,Midfield,19.68788501026694,45,2020-01-02
431755,2020-08-31,19/20,130,506,Parma,Juventus,0.0,40000000.0,Dejan Kulusevski,2000-04-25,Sweden,Midfield,20.35044490075291,45,2020-08-31
431755,2022-01-31,21/22,506,148,Juventus,Tottenham Hotspur,0.0,30000000.0,Dejan Kulusevski,2000-04-25,Sweden,Midfield,21.76865160848734,45,2022-01-31
431755,2023-06-30,22/23,148,506,Tottenham Hotspur,Juventus,0.0,50000000.0,Dejan Kulusevski,2000-04-25,Sweden,Midfield,23.17864476386037,45,2023-06-30
431755,2023-07-01,23/24,506,148,Juventus,Tottenham Hotspur,30000000.0,50000000.0,Dejan Kulusevski,2000-04-25,Sweden,Midfield,23.1813826146475,45,2023-07-01
484547,2019-09-02,19/20,9265,371,Manchester City,Celtic,380000.0,0.0,Jeremie Frimpong,2000-12-10,Netherlands,Defender,18.72689938398357,46,2019-09-02
484547,2021-01-27,20/21,371,15,Celtic,Bayer Leverkusen,11000000.0,4000000.0,Jeremie Frimpong,2000-12-10,Netherlands,Defender,20.13141683778234,46,2021-01-27
484547,2025-07-01,25/26,15,31,Bayer Leverkusen,Liverpool,40000000.0,50000000.0,Jeremie Frimpong,2000-12-10,Netherlands,Defender,24.555783709787818,46,2025-07-01
217111,2014-08-18,14/15,306,317,Heerenveen,FC Twente,3500000.0,5000000.0,Hakim Ziyech,1993-03-19,Morocco,Attack,21.415468856947296,47,2014-08-18
217111,2016-08-30,16/17,317,610,FC Twente,Ajax,11000000.0,11000000.0,Hakim Ziyech,1993-03-19,Morocco,Attack,23.449691991786448,47,2016-08-30
217111,2020-07-01,20/21,610,631,Ajax,Chelsea,40000000.0,40000000.0,Hakim Ziyech,1993-03-19,Morocco,Attack,27.28542094455852,47,2020-07-01
217111,2023-08-19,23/24,631,141,Chelsea,Galatasaray,0.0,16000000.0,Hakim Ziyech,1993-03-19,Morocco,Attack,30.417522245037645,47,2023-08-19
217111,2024-06-30,23/24,141,631,Galatasaray,Chelsea,0.0,9000000.0,Hakim Ziyech,1993-03-19,Morocco,Attack,31.28268309377139,47,2024-06-30
217111,2024-07-01,24/25,631,141,Chelsea,Galatasaray,0.0,9000000.0,Hakim Ziyech,1993-03-19,Morocco,Attack,31.28542094455852,47,2024-07-01
217111,2025-01-30,24/25,141,26091,Galatasaray,Al-Duhail SC,0.0,5000000.0,Hakim Ziyech,1993-03-19,Morocco,Attack,31.86858316221766,47,2025-01-30
325443,2018-01-01,17/18,1092,1237,Brommapojkarna,Brighton,1000000.0,500000.0,Viktor Gyökeres,1998-06-04,Sweden,Attack,19.578370978781656,48,2018-01-01
325443,2019-07-25,19/20,1237,35,Brighton,St. Pauli,0.0,500000.0,Viktor Gyökeres,1998-06-04,Sweden,Attack,21.138945927446954,48,2019-07-25
325443,2020-06-30,19/20,35,1237,St. Pauli,Brighton,0.0,800000.0,Viktor Gyökeres,1998-06-04,Sweden,Attack,22.072553045859,48,2020-06-30
325443,2020-10-02,20/21,1237,2288,Brighton,Swansea,0.0,1000000.0,Viktor Gyökeres,1998-06-04,Sweden,Attack,22.32991101984942,48,2020-10-02
325443,2021-01-14,20/21,2288,1237,Swansea,Brighton,0.0,1000000.0,Viktor Gyökeres,1998-06-04,Sweden,Attack,22.614647501711158,48,2021-01-14
325443,2021-01-15,20/21,1237,990,Brighton,Coventry,0.0,1000000.0,Viktor Gyökeres,1998-06-04,Sweden,Attack,22.61738535249829,48,2021-01-15
325443,2021-05-31,20/21,990,1237,Coventry,Brighton,0.0,800000.0,Viktor Gyökeres,1998-06-04,Sweden,Attack,22.989733059548254,48,2021-05-31
325443,2021-07-09,21/22,1237,990,Brighton,Coventry,1200000.0,1000000.0,Viktor Gyökeres,1998-06-04,Sweden,Attack,23.096509240246405,48,2021-07-09
325443,2023-07-13,23/24,990,336,Coventry,Sporting,24000000.0,13000000.0,Viktor Gyökeres,1998-06-04,Sweden,Attack,25.10609171800137,48,2023-07-13
325443,2025-07-26,25/26,336,11,Sporting,Arsenal,66900000.0,75000000.0,Viktor Gyökeres,1998-06-04,Sweden,Attack,27.143052703627653,48,2025-07-26
170527,2016-07-01,16/17,79,23826,Stuttgart,Leipzig,23000000.0,8000000.0,Timo Werner,1996-03-06,Germany,Attack,20.320328542094455,49,2016-07-01
170527,2020-07-01,20/21,23826,631,Leipzig,Chelsea,53000000.0,64000000.0,Timo Werner,1996-03-06,Germany,Attack,24.320328542094455,49,2020-07-01
170527,2022-08-09,22/23,631,23826,Chelsea,Leipzig,20000000.0,35000000.0,Timo Werner,1996-03-06,Germany,Attack,26.425735797399042,49,2022-08-09
170527,2024-01-09,23/24,23826,148,Leipzig,Tottenham Hotspur,0.0,17000000.0,Timo Werner,1996-03-06,Germany,Attack,27.84394250513347,49,2024-01-09
170527,2025-06-30,24/25,148,23826,Tottenham Hotspur,Leipzig,0.0,7000000.0,Timo Werner,1996-03-06,Germany,Attack,29.31690622861054,49,2025-06-30
170527,2026-01-29,25/26,23826,218,Leipzig,SJ Earthquakes,0.0,3000000.0,Timo Werner,1996-03-06,Germany,Attack,29.900068446269678,49,2026-01-29
192279,2015-01-05,14/15,621,4032,Athletic Club,Ponferradina,0.0,1000000.0,Kepa Arrizabalaga,1994-10-03,Spain,Goalkeeper,20.257357973990416,50,2015-01-05
192279,2015-06-30,14/15,4032,621,Ponferradina,Athletic Club,0.0,1000000.0,Kepa Arrizabalaga,1994-10-03,Spain,Goalkeeper,20.739219712525667,50,2015-06-30
192279,2015-07-20,15/16,621,366,Athletic Club,Real Valladolid,0.0,1000000.0,Kepa Arrizabalaga,1994-10-03,Spain,Goalkeeper,20.79397672826831,50,2015-07-20
192279,2016-06-30,15/16,366,621,Real Valladolid,Athletic Club,0.0,1500000.0,Kepa Arrizabalaga,1994-10-03,Spain,Goalkeeper,21.741273100616016,50,2016-06-30
192279,2018-08-08,18/19,621,631,Athletic Club,Chelsea,80000000.0,20000000.0,Kepa Arrizabalaga,1994-10-03,Spain,Goalkeeper,23.8466803559206,50,2018-08-08
192279,2023-08-14,23/24,631,418,Chelsea,Real Madrid,0.0,18000000.0,Kepa Arrizabalaga,1994-10-03,Spain,Goalkeeper,28.862422997946613,50,2023-08-14
192279,2024-06-30,23/24,418,631,Real Madrid,Chelsea,0.0,12000000.0,Kepa Arrizabalaga,1994-10-03,Spain,Goalkeeper,29.741273100616016,50,2024-06-30
192279,2024-08-29,24/25,631,989,Chelsea,Bournemouth,0.0,12000000.0,Kepa Arrizabalaga,1994-10-03,Spain,Goalkeeper,29.905544147843944,50,2024-08-29
192279,2025-06-30,24/25,989,631,Bournemouth,Chelsea,0.0,10000000.0,Kepa Arrizabalaga,1994-10-03,Spain,Goalkeeper,30.740588637919235,50,2025-06-30
192279,2025-07-01,25/26,631,11,Chelsea,Arsenal,5800000.0,10000000.0,Kepa Arrizabalaga,1994-10-03,Spain,Goalkeeper,30.743326488706366,50,2025-07-01
429983,2017-08-28,17/18,10217,10958,Sarpsborg 08,Milan,0.0,50000.0,Jørgen Strand Larsen,2000-02-06,Norway,Attack,17.557837097878167,51,2017-08-28
429983,2018-06-30,17/18,10958,10217,Milan,Sarpsborg 08,0.0,75000.0,Jørgen Strand Larsen,2000-02-06,Norway,Attack,18.39561943874059,51,2018-06-30
429983,2020-09-09,20/21,10217,202,Sarpsborg 08,FC Groningen,1100000.0,300000.0,Jørgen Strand Larsen,2000-02-06,Norway,Attack,20.591375770020534,51,2020-09-09
429983,2022-09-01,22/23,202,940,FC Groningen,Celta de Vigo,15040000.0,6000000.0,Jørgen Strand Larsen,2000-02-06,Norway,Attack,22.56810403832991,51,2022-09-01
429983,2024-07-02,24/25,940,543,Celta de Vigo,Wolves,0.0,25000000.0,Jørgen Strand Larsen,2000-02-06,Norway,Attack,24.40246406570842,51,2024-07-02
429983,2025-06-30,24/25,543,940,Wolves,Celta de Vigo,0.0,30000000.0,Jørgen Strand Larsen,2000-02-06,Norway,Attack,25.39630390143737,51,2025-06-30
429983,2025-07-01,25/26,940,543,Celta de Vigo,Wolves,27000000.0,30000000.0,Jørgen Strand Larsen,2000-02-06,Norway,Attack,25.399041752224505,51,2025-07-01
429983,2026-02-02,25/26,543,873,Wolves,Crystal Palace,49700000.0,40000000.0,Jørgen Strand Larsen,2000-02-06,Norway,Attack,25.99041752224504,51,2026-02-02
182877,2013-07-01,13/14,12764,162,Olymp. Lyon,Monaco,5000000.0,0.0,Anthony Martial,1995-12-05,France,Attack,17.571526351813826,52,2013-07-01
182877,2015-09-01,15/16,162,985,Monaco,Manchester United,60000000.0,8000000.0,Anthony Martial,1995-12-05,France,Attack,19.73990417522245,52,2015-09-01
182877,2022-01-25,21/22,985,368,Manchester United,Sevilla FC,0.0,32000000.0,Anthony Martial,1995-12-05,France,Attack,26.140999315537304,52,2022-01-25
182877,2022-06-30,21/22,368,985,Sevilla FC,Manchester United,0.0,16000000.0,Anthony Martial,1995-12-05,France,Attack,26.56810403832991,52,2022-06-30
182877,2025-09-12,25/26,2441,2407,AEK Athens,Monterrey,1000000.0,7500000.0,Anthony Martial,1995-12-05,France,Attack,29.77138945927447,52,2025-09-12
258889,2015-08-04,15/16,9250,499,Chelsea,Vitesse,0.0,250000.0,Dominic Solanke,1997-09-14,England,Attack,17.88637919233402,53,2015-08-04
258889,2016-06-30,15/16,499,9250,Vitesse,Chelsea,0.0,2000000.0,Dominic Solanke,1997-09-14,England,Attack,18.792607802874745,53,2016-06-30
258889,2017-07-10,17/18,9250,31,Chelsea,Liverpool,0.0,2000000.0,Dominic Solanke,1997-09-14,England,Attack,19.81930184804928,53,2017-07-10
258889,2019-01-04,18/19,31,989,Liverpool,Bournemouth,21200000.0,10000000.0,Dominic Solanke,1997-09-14,England,Attack,21.305954825462013,53,2019-01-04
258889,2024-08-10,24/25,989,148,Bournemouth,Tottenham Hotspur,64300000.0,40000000.0,Dominic Solanke,1997-09-14,England,Attack,26.90485968514716,53,2024-08-10
335721,2017-08-01,17/18,39336,3716,Brighton,Newport County,0.0,0.0,Ben White,1997-10-08,England,Defender,19.813826146475016,54,2017-08-01
335721,2018-05-31,17/18,3716,39336,Newport County,Brighton,0.0,0.0,Ben White,1997-10-08,England,Defender,20.643394934976044,54,2018-05-31
335721,2019-01-03,18/19,1237,1072,Brighton,Peterborough,0.0,0.0,Ben White,1997-10-08,England,Defender,21.23750855578371,54,2019-01-03
335721,2019-05-31,18/19,1072,1237,Peterborough,Brighton,0.0,0.0,Ben White,1997-10-08,England,Defender,21.642710472279262,54,2019-05-31
335721,2019-07-01,19/20,1237,399,Brighton,Leeds,0.0,0.0,Ben White,1997-10-08,England,Defender,21.727583846680357,54,2019-07-01
335721,2020-07-31,19/20,399,1237,Leeds,Brighton,0.0,5500000.0,Ben White,1997-10-08,England,Defender,22.811772758384667,54,2020-07-31
335721,2021-07-30,21/22,1237,11,Brighton,Arsenal,58500000.0,28000000.0,Ben White,1997-10-08,England,Defender,23.808350444900753,54,2021-07-30
711337,2018-02-28,17/18,14702,34775,Fluminense,STK Samorin,0.0,0.0,Evanilson,1999-10-06,Brazil,Attack,18.39835728952772,55,2018-02-28
711337,2018-06-30,17/18,34775,14702,STK Samorin,Fluminense,0.0,0.0,Evanilson,1999-10-06,Brazil,Attack,18.732375085557837,55,2018-06-30
711337,2020-01-13,19/20,3234,2462,Tombense,Fluminense,0.0,50000.0,Evanilson,1999-10-06,Brazil,Attack,20.27104722792608,55,2020-01-13
711337,2020-09-08,20/21,2462,3234,Fluminense,Tombense,0.0,4000000.0,Evanilson,1999-10-06,Brazil,Attack,20.92539356605065,55,2020-09-08
711337,2020-09-09,20/21,3234,720,Tombense,Porto,12050000.0,7500000.0,Evanilson,1999-10-06,Brazil,Attack,20.928131416837783,55,2020-09-09
711337,2024-08-16,24/25,720,989,Porto,Bournemouth,37000000.0,35000000.0,Evanilson,1999-10-06,Brazil,Attack,24.862422997946613,55,2024-08-16
476701,2021-01-04,20/21,3829,3329,CA Fénix,Famalicão,9100000.0,3000000.0,Manuel Ugarte,2001-04-11,Uruguay,Midfield,19.734428473648187,56,2021-01-04
476701,2021-08-09,21/22,3329,336,Famalicão,Sporting,24500000.0,5000000.0,Manuel Ugarte,2001-04-11,Uruguay,Midfield,20.32854209445585,56,2021-08-09
476701,2023-07-07,23/24,336,583,Sporting,Paris Saint-Germain,60000000.0,50000000.0,Manuel Ugarte,2001-04-11,Uruguay,Midfield,22.236824093086927,56,2023-07-07
476701,2024-08-30,24/25,583,985,Paris Saint-Germain,Manchester United,50000000.0,45000000.0,Manuel Ugarte,2001-04-11,Uruguay,Midfield,23.38672142368241,56,2024-08-30
125781,2014-07-28,14/15,681,13,Real Sociedad,Atletico Madrid,54000000.0,30000000.0,Antoine Griezmann,1991-03-21,France,Attack,23.353867214236825,57,2014-07-28
125781,2019-07-14,19/20,13,131,Atletico Madrid,Barcelona,120000000.0,130000000.0,Antoine Griezmann,1991-03-21,France,Attack,28.314852840520192,57,2019-07-14
125781,2021-08-31,21/22,131,13,Barcelona,Atletico Madrid,0.0,60000000.0,Antoine Griezmann,1991-03-21,France,Attack,30.4476386036961,57,2021-08-31
125781,2023-06-30,22/23,13,131,Atletico Madrid,Barcelona,0.0,25000000.0,Antoine Griezmann,1991-03-21,France,Attack,32.276522929500345,57,2023-06-30
125781,2023-07-01,23/24,131,13,Barcelona,Atletico Madrid,22000000.0,25000000.0,Antoine Griezmann,1991-03-21,France,Attack,32.27926078028747,57,2023-07-01
125781,2026-07-10,26/27,13,45604,Atletico Madrid,Orlando,0.0,8000000.0,Antoine Griezmann,1991-03-21,France,Attack,35.304585900068446,57,2026-07-10
93720,2017-07-05,17/18,1041,11,Lyon,Arsenal,53000000.0,40000000.0,Alexandre Lacazette,1991-05-28,France,Attack,26.105407255304584,58,2017-07-05
93720,2022-07-01,22/23,11,1041,Arsenal,Lyon,0.0,15000000.0,Alexandre Lacazette,1991-05-28,France,Attack,31.093771389459274,58,2022-07-01
93720,2025-07-03,25/26,1041,34911,Lyon,NEOM SC,0.0,6000000.0,Alexandre Lacazette,1991-05-28,France,Attack,34.09993155373032,58,2025-07-03
111455,2012-07-01,12/13,26,18,Basel,Mönchengladbach,8500000.0,8500000.0,Granit Xhaka,1992-09-27,Switzerland,Midfield,19.759069130732374,59,2012-07-01
111455,2016-07-01,16/17,18,11,Mönchengladbach,Arsenal,45000000.0,35000000.0,Granit Xhaka,1992-09-27,Switzerland,Midfield,23.759069130732374,59,2016-07-01
111455,2023-07-06,23/24,11,15,Arsenal,Bayer Leverkusen,15000000.0,20000000.0,Granit Xhaka,1992-09-27,Switzerland,Midfield,30.770704996577688,59,2023-07-06
111455,2025-07-30,25/26,15,289,Bayer Leverkusen,Sunderland,15000000.0,12000000.0,Granit Xhaka,1992-09-27,Switzerland,Midfield,32.837782340862425,59,2025-07-30
132098,2011-01-07,10/11,148,1150,Tottenham Hotspur,Leyton Orient,0.0,0.0,Harry Kane,1993-07-28,England,Attack,17.44558521560575,60,2011-01-07
132098,2011-05-31,10/11,1150,148,Leyton Orient,Tottenham Hotspur,0.0,0.0,Harry Kane,1993-07-28,England,Attack,17.83983572895277,60,2011-05-31
132098,2012-01-01,11/12,148,1028,Tottenham Hotspur,Millwall,0.0,0.0,Harry Kane,1993-07-28,England,Attack,18.428473648186174,60,2012-01-01
132098,2012-05-31,11/12,1028,148,Millwall,Tottenham Hotspur,0.0,0.0,Harry Kane,1993-07-28,England,Attack,18.84188911704312,60,2012-05-31
132098,2012-08-31,12/13,148,1123,Tottenham Hotspur,Norwich,0.0,0.0,Harry Kane,1993-07-28,England,Attack,19.093771389459274,60,2012-08-31
132098,2013-02-01,12/13,1123,148,Norwich,Tottenham Hotspur,0.0,500000.0,Harry Kane,1993-07-28,England,Attack,19.515400410677618,60,2013-02-01
132098,2013-02-21,12/13,148,1003,Tottenham Hotspur,Leicester,0.0,500000.0,Harry Kane,1993-07-28,England,Attack,19.57015742642026,60,2013-02-21
132098,2013-05-14,12/13,1003,148,Leicester,Tottenham Hotspur,0.0,500000.0,Harry Kane,1993-07-28,England,Attack,19.794661190965094,60,2013-05-14
132098,2023-08-12,23/24,148,27,Tottenham Hotspur,Bayern Munich,95000000.0,90000000.0,Harry Kane,1993-07-28,England,Attack,30.039698836413415,60,2023-08-12
687626,2021-02-01,20/21,19309,1237,Independiente,Brighton,28200000.0,5000000.0,Moisés Caicedo,2001-11-02,Ecuador,Midfield,19.249828884325805,61,2021-02-01
687626,2021-08-31,21/22,1237,41274,Brighton,Beerschot VA,0.0,5000000.0,Moisés Caicedo,2001-11-02,Ecuador,Midfield,19.82751540041068,61,2021-08-31
687626,2022-01-12,21/22,41274,1237,Beerschot VA,Brighton,0.0,4500000.0,Moisés Caicedo,2001-11-02,Ecuador,Midfield,20.194387405886378,61,2022-01-12
687626,2023-08-14,23/24,1237,631,Brighton,Chelsea,116000000.0,75000000.0,Moisés Caicedo,2001-11-02,Ecuador,Midfield,21.779603011635867,61,2023-08-14
538977,2021-02-01,20/21,273,533,Stade Rennais,Hoffenheim,750000.0,1500000.0,Georginio Rutter,2002-04-20,France,Attack,18.78713210130048,62,2021-02-01
538977,2023-01-14,22/23,533,399,Hoffenheim,Leeds,40500000.0,16000000.0,Georginio Rutter,2002-04-20,France,Attack,20.736481861738536,62,2023-01-14
538977,2024-08-19,24/25,399,1237,Leeds,Brighton,46700000.0,18000000.0,Georginio Rutter,2002-04-20,France,Attack,22.33264887063655,62,2024-08-19
257462,2016-01-25,15/16,159,429,Red Star,Apol. Limassol,2000000.0,1750000.0,Luka Jović,1997-12-23,Serbia,Attack,18.088980150581794,63,2016-01-25
257462,2016-01-31,15/16,429,294,Apol. Limassol,Benfica,6600000.0,1750000.0,Luka Jović,1997-12-23,Serbia,Attack,18.105407255304584,63,2016-01-31
257462,2017-07-01,17/18,294,24,Benfica,Frankfurt,0.0,2000000.0,Luka Jović,1997-12-23,Serbia,Attack,19.520876112251884,63,2017-07-01
257462,2019-06-30,18/19,24,294,Frankfurt,Benfica,0.0,60000000.0,Luka Jović,1997-12-23,Serbia,Attack,21.516769336071185,63,2019-06-30
257462,2019-07-01,19/20,294,24,Benfica,Frankfurt,22340000.0,60000000.0,Luka Jović,1997-12-23,Serbia,Attack,21.519507186858316,63,2019-07-01
257462,2019-07-02,19/20,24,418,Frankfurt,Real Madrid,63000000.0,60000000.0,Luka Jović,1997-12-23,Serbia,Attack,21.522245037645447,63,2019-07-02
257462,2021-01-14,20/21,418,24,Real Madrid,Frankfurt,0.0,20000000.0,Luka Jović,1997-12-23,Serbia,Attack,23.06091718001369,63,2021-01-14
257462,2021-06-30,20/21,24,418,Frankfurt,Real Madrid,0.0,20000000.0,Luka Jović,1997-12-23,Serbia,Attack,23.51813826146475,63,2021-06-30
257462,2022-07-08,22/23,418,430,Real Madrid,Fiorentina,0.0,16000000.0,Luka Jović,1997-12-23,Serbia,Attack,24.539356605065024,63,2022-07-08
257462,2023-09-01,23/24,430,5,Fiorentina,AC Milan,500000.0,8000000.0,Luka Jović,1997-12-23,Serbia,Attack,25.689253935660506,63,2023-09-01
257462,2025-08-05,25/26,5,2441,AC Milan,AEK Athens,0.0,4500000.0,Luka Jović,1997-12-23,Serbia,Attack,27.616700889801507,63,2025-08-05
583255,2018-01-20,17/18,14650,1099,Bristol,Bath City,0.0,0.0,Antoine Semenyo,2000-01-07,Ghana,Attack,18.036960985626283,64,2018-01-20
583255,2018-05-31,17/18,1099,14650,Bath City,Bristol,0.0,0.0,Antoine Semenyo,2000-01-07,Ghana,Attack,18.39561943874059,64,2018-05-31
583255,2018-07-18,18/19,698,3716,Bristol City,Newport County,0.0,0.0,Antoine Semenyo,2000-01-07,Ghana,Attack,18.527036276522928,64,2018-07-18
583255,2019-01-27,18/19,3716,698,Newport County,Bristol City,0.0,0.0,Antoine Semenyo,2000-01-07,Ghana,Attack,19.055441478439427,64,2019-01-27
583255,2020-01-31,19/20,698,289,Bristol City,Sunderland,0.0,500000.0,Antoine Semenyo,2000-01-07,Ghana,Attack,20.06570841889117,64,2020-01-31
583255,2020-05-31,19/20,289,698,Sunderland,Bristol City,0.0,450000.0,Antoine Semenyo,2000-01-07,Ghana,Attack,20.396988364134156,64,2020-05-31
583255,2023-01-27,22/23,698,989,Bristol City,Bournemouth,10250000.0,3000000.0,Antoine Semenyo,2000-01-07,Ghana,Attack,23.055441478439427,64,2023-01-27
583255,2026-01-09,25/26,989,281,Bournemouth,Manchester City,72000000.0,65000000.0,Antoine Semenyo,2000-01-07,Ghana,Attack,26.00684462696783,64,2026-01-09
823231,2023-01-19,22/23,1158,989,FC Lorient,Bournemouth,22500000.0,10000000.0,Dango Ouattara,2002-02-11,Burkina Faso,Attack,20.93634496919918,65,2023-01-19
823231,2025-08-16,25/26,989,1148,Bournemouth,Brentford,42800000.0,28000000.0,Dango Ouattara,2002-02-11,Burkina Faso,Attack,23.509924709103355,65,2025-08-16
460939,2016-07-01,16/17,20351,15587,CSV '28,PEC Zwolle,0.0,0.0,Tijjani Reijnders,1998-07-29,Netherlands,Midfield,17.924709103353866,66,2016-07-01
460939,2017-08-30,17/18,1269,11368,PEC Zwolle,AZ Alkmaar,0.0,50000.0,Tijjani Reijnders,1998-07-29,Netherlands,Midfield,19.08829568788501,66,2017-08-30
460939,2020-01-02,19/20,1090,235,AZ Alkmaar,RKC Waalwijk,0.0,700000.0,Tijjani Reijnders,1998-07-29,Netherlands,Midfield,21.429158110882955,66,2020-01-02
460939,2020-06-30,19/20,235,1090,RKC Waalwijk,AZ Alkmaar,0.0,625000.0,Tijjani Reijnders,1998-07-29,Netherlands,Midfield,21.921971252566735,66,2020-06-30
460939,2023-07-19,23/24,1090,5,AZ Alkmaar,AC Milan,24800000.0,14000000.0,Tijjani Reijnders,1998-07-29,Netherlands,Midfield,24.971937029431896,66,2023-07-19
460939,2025-06-10,25/26,5,281,AC Milan,Manchester City,54900000.0,50000000.0,Tijjani Reijnders,1998-07-29,Netherlands,Midfield,26.86652977412731,66,2025-06-10
351809,2016-07-04,16/17,16674,9899,Brest,Real Sociedad,0.0,0.0,Robin Le Normand,1996-11-11,Spain,Defender,19.644079397672826,67,2016-07-04
351809,2024-07-27,24/25,681,13,Real Sociedad,Atletico Madrid,34500000.0,40000000.0,Robin Le Normand,1996-11-11,Spain,Defender,27.707049965776864,67,2024-07-27
55735,2009-07-01,09/10,10301,2783,Pyunik Yerevan,Metalurg D.,350000.0,600000.0,Henrikh Mkhitaryan,1989-01-21,Armenia,Midfield,20.44079397672827,68,2009-07-01
55735,2010-08-30,10/11,2783,660,Metalurg D.,Shakhtar D.,5850000.0,4000000.0,Henrikh Mkhitaryan,1989-01-21,Armenia,Midfield,21.60438056125941,68,2010-08-30
55735,2013-07-09,13/14,660,16,Shakhtar D.,Borussia Dortmund,27500000.0,22000000.0,Henrikh Mkhitaryan,1989-01-21,Armenia,Midfield,24.462696783025326,68,2013-07-09
55735,2016-07-06,16/17,16,985,Borussia Dortmund,Manchester United,42000000.0,30000000.0,Henrikh Mkhitaryan,1989-01-21,Armenia,Midfield,27.45516769336071,68,2016-07-06
55735,2018-01-22,17/18,985,11,Manchester United,Arsenal,34000000.0,35000000.0,Henrikh Mkhitaryan,1989-01-21,Armenia,Midfield,29.00205338809035,68,2018-01-22
55735,2019-09-02,19/20,11,12,Arsenal,Roma,0.0,25000000.0,Henrikh Mkhitaryan,1989-01-21,Armenia,Midfield,30.611909650924023,68,2019-09-02
55735,2020-08-31,19/20,12,11,Roma,Arsenal,0.0,20000000.0,Henrikh Mkhitaryan,1989-01-21,Armenia,Midfield,31.60848733744011,68,2020-08-31
55735,2020-09-01,20/21,11,12,Arsenal,Roma,0.0,20000000.0,Henrikh Mkhitaryan,1989-01-21,Armenia,Midfield,31.61122518822724,68,2020-09-01
55735,2022-07-01,22/23,12,46,Roma,Inter,0.0,8000000.0,Henrikh Mkhitaryan,1989-01-21,Armenia,Midfield,33.440109514031484,68,2022-07-01
77100,2013-01-01,12/13,585,583,São Paulo,Paris Saint-Germain,40000000.0,35000000.0,Lucas Moura,1992-08-13,Brazil,Attack,20.386036960985628,69,2013-01-01
77100,2018-01-31,17/18,583,148,Paris Saint-Germain,Tottenham Hotspur,28400000.0,28000000.0,Lucas Moura,1992-08-13,Brazil,Attack,25.467488021902806,69,2018-01-31
77100,2023-08-02,23/24,148,585,Tottenham Hotspur,São Paulo,0.0,6000000.0,Lucas Moura,1992-08-13,Brazil,Attack,30.967830253251197,69,2023-08-02
583189,2023-07-25,23/24,985,703,Manchester United,Nott'm Forest,22930000.0,18000000.0,Anthony Elanga,2002-04-27,Sweden,Attack,21.242984257357975,70,2023-07-25
583189,2025-07-11,25/26,703,762,Nott'm Forest,Newcastle,61400000.0,42000000.0,Anthony Elanga,2002-04-27,Sweden,Attack,23.20602327173169,70,2025-07-11
648195,2020-08-22,20/21,14837,2402,River Plate,Defensa,0.0,0.0,Enzo Fernández,2001-01-17,Argentina,Midfield,19.59479808350445,71,2020-08-22
648195,2021-06-30,20/21,2402,14837,Defensa,River Plate,0.0,5000000.0,Enzo Fernández,2001-01-17,Argentina,Midfield,20.449007529089666,71,2021-06-30
648195,2022-07-14,22/23,209,294,River Plate,Benfica,44250000.0,15000000.0,Enzo Fernández,2001-01-17,Argentina,Midfield,21.48665297741273,71,2022-07-14
648195,2023-01-31,22/23,294,631,Benfica,Chelsea,121000000.0,55000000.0,Enzo Fernández,2001-01-17,Argentina,Midfield,22.036960985626283,71,2023-01-31
80444,2010-06-30,09/10,978,46,Vasco da Gama,Inter,0.0,2500000.0,Philippe Coutinho,1992-06-12,Brazil,Midfield,18.04791238877481,72,2010-06-30
80444,2012-01-30,11/12,46,714,Inter,Espanyol,0.0,8000000.0,Philippe Coutinho,1992-06-12,Brazil,Midfield,19.633127994524298,72,2012-01-30
80444,2012-06-30,11/12,714,46,Espanyol,Inter,0.0,7000000.0,Philippe Coutinho,1992-06-12,Brazil,Midfield,20.04928131416838,72,2012-06-30
80444,2013-01-30,12/13,46,31,Inter,Liverpool,13000000.0,9000000.0,Philippe Coutinho,1992-06-12,Brazil,Midfield,20.635181382614647,72,2013-01-30
80444,2018-01-08,17/18,31,131,Liverpool,Barcelona,135000000.0,90000000.0,Philippe Coutinho,1992-06-12,Brazil,Midfield,25.574264202600958,72,2018-01-08
80444,2019-08-19,19/20,131,27,Barcelona,Bayern Munich,0.0,90000000.0,Philippe Coutinho,1992-06-12,Brazil,Midfield,27.184120465434635,72,2019-08-19
80444,2020-08-31,19/20,27,131,Bayern Munich,Barcelona,0.0,56000000.0,Philippe Coutinho,1992-06-12,Brazil,Midfield,28.21902806297057,72,2020-08-31
80444,2022-01-07,21/22,131,405,Barcelona,Aston Villa,0.0,18000000.0,Philippe Coutinho,1992-06-12,Brazil,Midfield,29.571526351813826,72,2022-01-07
80444,2022-06-30,21/22,405,131,Aston Villa,Barcelona,0.0,20000000.0,Philippe Coutinho,1992-06-12,Brazil,Midfield,30.04791238877481,72,2022-06-30
80444,2022-07-01,22/23,131,405,Barcelona,Aston Villa,20000000.0,20000000.0,Philippe Coutinho,1992-06-12,Brazil,Midfield,30.050650239561943,72,2022-07-01
80444,2023-09-08,23/24,405,26091,Aston Villa,Al-Duhail SC,0.0,10000000.0,Philippe Coutinho,1992-06-12,Brazil,Midfield,31.238877481177276,72,2023-09-08
80444,2024-06-30,23/24,26091,405,Al-Duhail SC,Aston Villa,0.0,7500000.0,Philippe Coutinho,1992-06-12,Brazil,Midfield,32.049281314168375,72,2024-06-30
80444,2024-07-10,24/25,405,978,Aston Villa,Vasco da Gama,0.0,7500000.0,Philippe Coutinho,1992-06-12,Brazil,Midfield,32.0766598220397,72,2024-07-10
80444,2025-06-30,24/25,978,405,Vasco da Gama,Aston Villa,0.0,7500000.0,Philippe Coutinho,1992-06-12,Brazil,Midfield,33.04859685147159,72,2025-06-30
143424,2011-08-08,11/12,180,11,Southampton,Arsenal,13800000.0,2500000.0,Alex Oxlade-Chamberlain,1993-08-15,England,Midfield,17.97946611909651,73,2011-08-08
143424,2017-08-31,17/18,11,31,Arsenal,Liverpool,38000000.0,22000000.0,Alex Oxlade-Chamberlain,1993-08-15,England,Midfield,24.043805612594113,73,2017-08-31
143424,2023-08-12,23/24,31,114,Liverpool,Besiktas,0.0,7000000.0,Alex Oxlade-Chamberlain,1993-08-15,England,Midfield,29.99041752224504,73,2023-08-12
375885,2020-09-28,20/21,415,383,Toulouse,PSV,7000000.0,9500000.0,Ibrahim Sangaré,1997-12-02,Cote d'Ivoire,Midfield,22.822724161533195,74,2020-09-28
375885,2023-09-01,23/24,383,703,PSV,Nott'm Forest,35000000.0,35000000.0,Ibrahim Sangaré,1997-12-02,Cote d'Ivoire,Midfield,25.746748802190282,74,2023-09-01
122153,2012-08-03,12/13,9251,506,Manchester United,Juventus,0.0,3500000.0,Paul Pogba,1993-03-15,France,Midfield,19.38672142368241,75,2012-08-03
122153,2016-08-09,16/17,506,985,Juventus,Manchester United,105000000.0,70000000.0,Paul Pogba,1993-03-15,France,Midfield,23.4031485284052,75,2016-08-09
122153,2022-07-11,22/23,985,506,Manchester United,Juventus,0.0,48000000.0,Paul Pogba,1993-03-15,France,Midfield,29.322381930184804,75,2022-07-11
435648,2021-02-01,20/21,27,130,Bayern Munich,Parma,0.0,9000000.0,Joshua Zirkzee,2001-05-22,Netherlands,Attack,19.698836413415467,76,2021-02-01
435648,2021-06-30,20/21,130,27,Parma,Bayern Munich,0.0,8000000.0,Joshua Zirkzee,2001-05-22,Netherlands,Attack,20.10677618069815,76,2021-06-30
435648,2021-08-03,21/22,27,58,Bayern Munich,RSC Anderlecht,0.0,8000000.0,Joshua Zirkzee,2001-05-22,Netherlands,Attack,20.199863107460644,76,2021-08-03
435648,2022-06-30,21/22,58,27,RSC Anderlecht,Bayern Munich,0.0,11000000.0,Joshua Zirkzee,2001-05-22,Netherlands,Attack,21.10609171800137,76,2022-06-30
435648,2022-08-30,22/23,27,1025,Bayern Munich,Bologna,27500000.0,11000000.0,Joshua Zirkzee,2001-05-22,Netherlands,Attack,21.27310061601643,76,2022-08-30
435648,2024-07-14,24/25,1025,985,Bologna,Manchester United,42500000.0,50000000.0,Joshua Zirkzee,2001-05-22,Netherlands,Attack,23.145790554414784,76,2024-07-14
418560,2019-01-01,18/19,687,409,Molde FK,Salzburg,8000000.0,5000000.0,Erling Haaland,2000-07-21,Norway,Attack,18.4476386036961,77,2019-01-01
418560,2020-01-01,19/20,409,16,Salzburg,Borussia Dortmund,20000000.0,45000000.0,Erling Haaland,2000-07-21,Norway,Attack,19.446954140999317,77,2020-01-01
418560,2022-07-01,22/23,16,281,Borussia Dortmund,Manchester City,60000000.0,150000000.0,Erling Haaland,2000-07-21,Norway,Attack,21.94387405886379,77,2022-07-01
605184,2019-01-31,18/19,415,131,Toulouse,Barcelona,1000000.0,8000000.0,Jean-Clair Todibo,1999-12-30,France,Defender,19.08829568788501,78,2019-01-31
605184,2020-01-15,19/20,131,33,Barcelona,FC Schalke 04,0.0,10000000.0,Jean-Clair Todibo,1999-12-30,France,Defender,20.043805612594113,78,2020-01-15
605184,2020-06-30,19/20,33,131,FC Schalke 04,Barcelona,0.0,9000000.0,Jean-Clair Todibo,1999-12-30,France,Defender,20.501026694045173,78,2020-06-30
605184,2020-10-05,20/21,131,294,Barcelona,Benfica,0.0,14000000.0,Jean-Clair Todibo,1999-12-30,France,Defender,20.76659822039699,78,2020-10-05
605184,2021-01-31,20/21,294,131,Benfica,Barcelona,0.0,12000000.0,Jean-Clair Todibo,1999-12-30,France,Defender,21.089664613278575,78,2021-01-31
605184,2021-02-01,20/21,131,417,Barcelona,Nice,0.0,12000000.0,Jean-Clair Todibo,1999-12-30,France,Defender,21.09240246406571,78,2021-02-01
605184,2021-06-30,20/21,417,131,Nice,Barcelona,0.0,12000000.0,Jean-Clair Todibo,1999-12-30,France,Defender,21.50034223134839,78,2021-06-30
605184,2021-07-01,21/22,131,417,Barcelona,Nice,16500000.0,12000000.0,Jean-Clair Todibo,1999-12-30,France,Defender,21.503080082135522,78,2021-07-01
605184,2024-08-10,24/25,417,379,Nice,West Ham,0.0,35000000.0,Jean-Clair Todibo,1999-12-30,France,Defender,24.61327857631759,78,2024-08-10
605184,2025-06-30,24/25,379,417,West Ham,Nice,0.0,25000000.0,Jean-Clair Todibo,1999-12-30,France,Defender,25.50034223134839,78,2025-06-30
605184,2025-07-01,25/26,417,379,Nice,West Ham,40000000.0,25000000.0,Jean-Clair Todibo,1999-12-30,France,Defender,25.503080082135522,78,2025-07-01
86202,2011-02-01,10/11,1464,2517,Borussia Dortmund,Stuttgart,38000.0,0.0,Antonio Rüdiger,1993-03-03,Germany,Defender,17.916495550992472,79,2011-02-01
86202,2015-08-19,15/16,79,12,Stuttgart,Roma,0.0,10000000.0,Antonio Rüdiger,1993-03-03,Germany,Defender,22.46132785763176,79,2015-08-19
86202,2016-06-30,15/16,12,79,Roma,Stuttgart,0.0,12000000.0,Antonio Rüdiger,1993-03-03,Germany,Defender,23.326488706365502,79,2016-06-30
86202,2016-07-01,16/17,79,12,Stuttgart,Roma,9000000.0,12000000.0,Antonio Rüdiger,1993-03-03,Germany,Defender,23.329226557152634,79,2016-07-01
86202,2017-07-09,17/18,12,631,Roma,Chelsea,35000000.0,25000000.0,Antonio Rüdiger,1993-03-03,Germany,Defender,24.35044490075291,79,2017-07-09
86202,2022-07-01,22/23,631,418,Chelsea,Real Madrid,0.0,40000000.0,Antonio Rüdiger,1993-03-03,Germany,Defender,29.32785763175907,79,2022-07-01
386047,2016-07-02,16/17,38673,11204,Paris FC,Stade Reims,0.0,100000.0,Axel Disasi,1998-03-11,France,Defender,18.310746064339494,80,2016-07-02
386047,2020-08-07,20/21,1421,162,Stade Reims,Monaco,13000000.0,13500000.0,Axel Disasi,1998-03-11,France,Defender,22.409308692676248,80,2020-08-07
386047,2023-08-04,23/24,162,631,Monaco,Chelsea,45000000.0,30000000.0,Axel Disasi,1998-03-11,France,Defender,25.399041752224505,80,2023-08-04
386047,2025-02-03,24/25,631,405,Chelsea,Aston Villa,0.0,30000000.0,Axel Disasi,1998-03-11,France,Defender,26.902121834360027,80,2025-02-03
386047,2025-06-30,24/25,405,631,Aston Villa,Chelsea,0.0,22000000.0,Axel Disasi,1998-03-11,France,Defender,27.304585900068446,80,2025-06-30
386047,2026-02-02,25/26,631,379,Chelsea,West Ham,0.0,15000000.0,Axel Disasi,1998-03-11,France,Defender,27.89869952087611,80,2026-02-02
386047,2026-06-30,25/26,379,631,West Ham,Chelsea,0.0,15000000.0,Axel Disasi,1998-03-11,France,Defender,28.303901437371664,80,2026-06-30
182712,2014-08-20,14/15,294,1049,Benfica,Valencia,0.0,2000000.0,João Cancelo,1994-05-27,Portugal,Defender,20.23271731690623,81,2014-08-20
182712,2015-06-30,14/15,1049,294,Valencia,Benfica,0.0,2000000.0,João Cancelo,1994-05-27,Portugal,Defender,21.09240246406571,81,2015-06-30
182712,2015-07-01,15/16,294,1049,Benfica,Valencia,15000000.0,5000000.0,João Cancelo,1994-05-27,Portugal,Defender,21.09514031485284,81,2015-07-01
182712,2017-08-22,17/18,1049,46,Valencia,Inter,0.0,20000000.0,João Cancelo,1994-05-27,Portugal,Defender,23.238877481177276,81,2017-08-22
182712,2018-06-30,17/18,46,1049,Inter,Valencia,0.0,35000000.0,João Cancelo,1994-05-27,Portugal,Defender,24.093086926762492,81,2018-06-30
182712,2018-07-01,18/19,1049,506,Valencia,Juventus,40400000.0,35000000.0,João Cancelo,1994-05-27,Portugal,Defender,24.095824777549623,81,2018-07-01
182712,2019-08-07,19/20,506,281,Juventus,Manchester City,65000000.0,55000000.0,João Cancelo,1994-05-27,Portugal,Defender,25.196440793976727,81,2019-08-07
182712,2023-01-31,22/23,281,27,Manchester City,Bayern Munich,0.0,70000000.0,João Cancelo,1994-05-27,Portugal,Defender,28.681724845995895,81,2023-01-31
182712,2023-06-30,22/23,27,281,Bayern Munich,Manchester City,0.0,50000000.0,João Cancelo,1994-05-27,Portugal,Defender,29.09240246406571,81,2023-06-30
182712,2023-09-01,23/24,281,131,Manchester City,Barcelona,0.0,50000000.0,João Cancelo,1994-05-27,Portugal,Defender,29.26488706365503,81,2023-09-01
182712,2024-06-30,23/24,131,281,Barcelona,Manchester City,0.0,25000000.0,João Cancelo,1994-05-27,Portugal,Defender,30.094455852156056,81,2024-06-30
182712,2024-08-27,24/25,281,1114,Manchester City,Al-Hilal,25000000.0,25000000.0,João Cancelo,1994-05-27,Portugal,Defender,30.253251197809718,81,2024-08-27
182712,2026-01-13,25/26,1114,131,Al-Hilal,Barcelona,0.0,10000000.0,João Cancelo,1994-05-27,Portugal,Defender,31.633127994524298,81,2026-01-13
182712,2026-06-30,25/26,131,1114,Barcelona,Al-Hilal,0.0,8000000.0,João Cancelo,1994-05-27,Portugal,Defender,32.09308692676249,81,2026-06-30
543499,2018-08-02,17/18,40902,2778,Right to Dream,Nordsjaelland,0.0,0.0,Mohammed Kudus,2000-08-02,Ghana,Attack,17.998631074606433,82,2018-08-02
543499,2020-07-31,20/21,2778,610,Nordsjaelland,Ajax,9000000.0,9000000.0,Mohammed Kudus,2000-08-02,Ghana,Attack,19.994524298425734,82,2020-07-31
543499,2023-08-27,23/24,610,379,Ajax,West Ham,43000000.0,40000000.0,Mohammed Kudus,2000-08-02,Ghana,Attack,23.066392881587955,82,2023-08-27
543499,2025-07-10,25/26,379,148,West Ham,Tottenham Hotspur,63800000.0,45000000.0,Mohammed Kudus,2000-08-02,Ghana,Attack,24.93634496919918,82,2025-07-10
303254,2017-01-23,16/17,9250,1237,Chelsea,Brighton,0.0,0.0,Fikayo Tomori,1997-12-19,England,Defender,19.096509240246405,83,2017-01-23
303254,2017-05-31,16/17,1237,9250,Brighton,Chelsea,0.0,250000.0,Fikayo Tomori,1997-12-19,England,Defender,19.446954140999317,83,2017-05-31
303254,2017-08-31,17/18,631,3008,Chelsea,Hull City,0.0,250000.0,Fikayo Tomori,1997-12-19,England,Defender,19.698836413415467,83,2017-08-31
303254,2018-05-31,17/18,3008,631,Hull City,Chelsea,0.0,1000000.0,Fikayo Tomori,1997-12-19,England,Defender,20.44626967830253,83,2018-05-31
303254,2018-08-06,18/19,631,22,Chelsea,Derby,0.0,1000000.0,Fikayo Tomori,1997-12-19,England,Defender,20.629705681040384,83,2018-08-06
303254,2019-05-31,18/19,22,631,Derby,Chelsea,0.0,7000000.0,Fikayo Tomori,1997-12-19,England,Defender,21.44558521560575,83,2019-05-31
303254,2021-01-22,20/21,631,5,Chelsea,AC Milan,0.0,17000000.0,Fikayo Tomori,1997-12-19,England,Defender,23.093771389459274,83,2021-01-22
303254,2021-06-30,20/21,5,631,AC Milan,Chelsea,0.0,28000000.0,Fikayo Tomori,1997-12-19,England,Defender,23.529089664613277,83,2021-06-30
303254,2021-07-01,21/22,631,5,Chelsea,AC Milan,35300000.0,28000000.0,Fikayo Tomori,1997-12-19,England,Defender,23.531827515400412,83,2021-07-01
485585,2020-10-13,20/21,9250,358,Chelsea,Charlton,0.0,0.0,Ian Maatsen,2002-03-10,Netherlands,Defender,18.595482546201232,84,2020-10-13
485585,2021-05-31,20/21,358,9250,Charlton,Chelsea,0.0,0.0,Ian Maatsen,2002-03-10,Netherlands,Defender,19.225188227241617,84,2021-05-31
485585,2021-07-30,21/22,9250,990,Chelsea,Coventry,0.0,0.0,Ian Maatsen,2002-03-10,Netherlands,Defender,19.38945927446954,84,2021-07-30
485585,2022-05-31,21/22,990,9250,Coventry,Chelsea,0.0,5000000.0,Ian Maatsen,2002-03-10,Netherlands,Defender,20.22450376454483,84,2022-05-31
485585,2022-07-15,22/23,9250,1132,Chelsea,Burnley,0.0,5000000.0,Ian Maatsen,2002-03-10,Netherlands,Defender,20.347707049965777,84,2022-07-15
485585,2023-05-31,22/23,1132,9250,Burnley,Chelsea,0.0,9000000.0,Ian Maatsen,2002-03-10,Netherlands,Defender,21.22381930184805,84,2023-05-31
485585,2024-01-12,23/24,631,16,Chelsea,Borussia Dortmund,0.0,20000000.0,Ian Maatsen,2002-03-10,Netherlands,Defender,21.842573579739906,84,2024-01-12
485585,2024-06-30,23/24,16,631,Borussia Dortmund,Chelsea,0.0,40000000.0,Ian Maatsen,2002-03-10,Netherlands,Defender,22.308008213552363,84,2024-06-30
485585,2024-07-01,24/25,631,405,Chelsea,Aston Villa,44500000.0,40000000.0,Ian Maatsen,2002-03-10,Netherlands,Defender,22.310746064339494,84,2024-07-01
355915,2018-07-01,18/19,2417,252,Belgrano,Genoa,4250000.0,750000.0,Cristian Romero,1998-04-27,Argentina,Defender,20.177960301163587,85,2018-07-01
355915,2019-07-12,19/20,252,506,Genoa,Juventus,31500000.0,15000000.0,Cristian Romero,1998-04-27,Argentina,Defender,21.207392197125255,85,2019-07-12
355915,2019-07-13,19/20,506,252,Juventus,Genoa,0.0,15000000.0,Cristian Romero,1998-04-27,Argentina,Defender,21.21013004791239,85,2019-07-13
355915,2020-08-31,19/20,252,506,Genoa,Juventus,0.0,14000000.0,Cristian Romero,1998-04-27,Argentina,Defender,22.34633812457221,85,2020-08-31
355915,2020-09-05,20/21,506,800,Juventus,Atalanta,0.0,14000000.0,Cristian Romero,1998-04-27,Argentina,Defender,22.360027378507873,85,2020-09-05
355915,2021-08-04,21/22,800,506,Atalanta,Juventus,0.0,35000000.0,Cristian Romero,1998-04-27,Argentina,Defender,23.27173169062286,85,2021-08-04
355915,2021-08-06,21/22,800,148,Atalanta,Tottenham Hotspur,0.0,35000000.0,Cristian Romero,1998-04-27,Argentina,Defender,23.277207392197127,85,2021-08-06
355915,2021-08-06,21/22,506,800,Juventus,Atalanta,17000000.0,35000000.0,Cristian Romero,1998-04-27,Argentina,Defender,23.277207392197127,85,2021-08-06
355915,2022-08-29,22/23,148,800,Tottenham Hotspur,Atalanta,0.0,48000000.0,Cristian Romero,1998-04-27,Argentina,Defender,24.33949349760438,85,2022-08-29
355915,2022-08-30,22/23,800,148,Atalanta,Tottenham Hotspur,53800000.0,48000000.0,Cristian Romero,1998-04-27,Argentina,Defender,24.34223134839151,85,2022-08-30
231572,2012-07-01,12/13,1992,10330,Sintrense,Benfica,0.0,0.0,Nélson Semedo,1993-11-16,Portugal,Defender,18.622861054072555,86,2012-07-01
231572,2012-08-09,12/13,10330,6987,Benfica,CD Fátima,0.0,0.0,Nélson Semedo,1993-11-16,Portugal,Defender,18.729637234770706,86,2012-08-09
231572,2013-06-30,12/13,6987,10330,CD Fátima,Benfica,0.0,0.0,Nélson Semedo,1993-11-16,Portugal,Defender,19.619438740588638,86,2013-06-30
231572,2017-07-14,17/18,294,131,Benfica,Barcelona,35700000.0,20000000.0,Nélson Semedo,1993-11-16,Portugal,Defender,23.65776865160849,86,2017-07-14
231572,2020-09-23,20/21,131,543,Barcelona,Wolves,32000000.0,40000000.0,Nélson Semedo,1993-11-16,Portugal,Defender,26.85284052019165,86,2020-09-23
231572,2025-07-30,25/26,543,36,Wolves,Fenerbahçe,0.0,9000000.0,Nélson Semedo,1993-11-16,Portugal,Defender,31.701574264202602,86,2025-07-30
479999,2016-08-03,16/17,14620,33727,Millwall,Queens Park,0.0,0.0,Eberechi Eze,1998-06-29,England,Midfield,18.09719370294319,87,2016-08-03
479999,2017-08-30,17/18,1039,2805,QPR,Wycombe,0.0,0.0,Eberechi Eze,1998-06-29,England,Midfield,19.170431211498972,87,2017-08-30
479999,2018-01-02,17/18,2805,1039,Wycombe,QPR,0.0,0.0,Eberechi Eze,1998-06-29,England,Midfield,19.512662559890487,87,2018-01-02
479999,2020-08-28,20/21,1039,873,QPR,Crystal Palace,17800000.0,9000000.0,Eberechi Eze,1998-06-29,England,Midfield,22.16563997262149,87,2020-08-28
479999,2025-08-23,25/26,873,11,Crystal Palace,Arsenal,69300000.0,55000000.0,Eberechi Eze,1998-06-29,England,Midfield,27.15126625598905,87,2025-08-23
66515,2010-01-01,09/10,978,660,Vasco da Gama,Shakhtar D.,6000000.0,3500000.0,Alex Teixeira,1990-01-06,Brazil,Midfield,19.98631074606434,88,2010-01-01
66515,2016-02-05,15/16,660,22219,Shakhtar D.,JS Suning,50000000.0,30000000.0,Alex Teixeira,1990-01-06,Brazil,Midfield,26.080766598220396,88,2016-02-05
66515,2022-07-01,22/23,114,978,Besiktas,Vasco da Gama,0.0,2900000.0,Alex Teixeira,1990-01-06,Brazil,Midfield,32.48186173853525,88,2022-07-01
477758,2019-07-01,19/20,873,985,Crystal Palace,Manchester United,55000000.0,35000000.0,Aaron Wan-Bissaka,1997-11-26,DR Congo,Defender,21.593429158110883,89,2019-07-01
477758,2024-08-13,24/25,985,379,Manchester United,West Ham,17600000.0,20000000.0,Aaron Wan-Bissaka,1997-11-26,DR Congo,Defender,26.713210130047912,89,2024-08-13
221025,2014-07-17,14/15,294,1049,Benfica,Valencia,0.0,5000000.0,André Gomes,1993-07-30,Portugal,Midfield,20.9637234770705,90,2014-07-17
221025,2015-06-30,14/15,1049,294,Valencia,Benfica,0.0,15000000.0,André Gomes,1993-07-30,Portugal,Midfield,21.916495550992472,90,2015-06-30
221025,2015-07-01,15/16,294,1049,Benfica,Valencia,20000000.0,20000000.0,André Gomes,1993-07-30,Portugal,Midfield,21.919233401779604,90,2015-07-01
221025,2016-07-21,16/17,1049,131,Valencia,Barcelona,37000000.0,30000000.0,André Gomes,1993-07-30,Portugal,Midfield,22.976043805612594,90,2016-07-21
221025,2018-08-09,18/19,131,29,Barcelona,Everton,0.0,15000000.0,André Gomes,1993-07-30,Portugal,Midfield,25.026694045174537,90,2018-08-09
221025,2019-06-30,18/19,29,131,Everton,Barcelona,0.0,28000000.0,André Gomes,1993-07-30,Portugal,Midfield,25.916495550992472,90,2019-06-30
221025,2019-07-01,19/20,131,29,Barcelona,Everton,25000000.0,28000000.0,André Gomes,1993-07-30,Portugal,Midfield,25.919233401779604,90,2019-07-01
221025,2022-09-01,22/23,29,1082,Everton,Lille,0.0,18000000.0,André Gomes,1993-07-30,Portugal,Midfield,29.089664613278575,90,2022-09-01
221025,2023-06-30,22/23,1082,29,Lille,Everton,0.0,16000000.0,André Gomes,1993-07-30,Portugal,Midfield,29.916495550992472,90,2023-06-30
221025,2026-02-19,25/26,1082,813,Lille,Columbus,0.0,4500000.0,André Gomes,1993-07-30,Portugal,Midfield,32.558521560574945,90,2026-02-19
627442,2021-06-30,20/21,37024,409,FC Liefering,Salzburg,0.0,5000000.0,Benjamin Sesko,2003-05-31,Slovenia,Attack,18.083504449007528,91,2021-06-30
627442,2023-07-01,23/24,409,23826,Salzburg,Leipzig,31650000.0,24000000.0,Benjamin Sesko,2003-05-31,Slovenia,Attack,20.084873374401095,91,2023-07-01
627442,2025-08-09,25/26,23826,985,Leipzig,Manchester United,76500000.0,70000000.0,Benjamin Sesko,2003-05-31,Slovenia,Attack,22.193018480492814,91,2025-08-09
182904,2017-01-04,16/17,1159,368,AS Nancy,Sevilla FC,5400000.0,2500000.0,Clément Lenglet,1995-06-17,France,Defender,21.5523613963039,92,2017-01-04
182904,2018-07-12,18/19,368,131,Sevilla FC,Barcelona,35900000.0,36000000.0,Clément Lenglet,1995-06-17,France,Defender,23.069130732375086,92,2018-07-12
182904,2022-07-08,22/23,131,148,Barcelona,Tottenham Hotspur,0.0,12000000.0,Clément Lenglet,1995-06-17,France,Defender,27.058179329226558,92,2022-07-08
182904,2023-06-30,22/23,148,131,Tottenham Hotspur,Barcelona,0.0,10000000.0,Clément Lenglet,1995-06-17,France,Defender,28.035592060232716,92,2023-06-30
182904,2023-09-01,23/24,131,405,Barcelona,Aston Villa,0.0,10000000.0,Clément Lenglet,1995-06-17,France,Defender,28.20807665982204,92,2023-09-01
182904,2024-06-30,23/24,405,131,Aston Villa,Barcelona,0.0,10000000.0,Clément Lenglet,1995-06-17,France,Defender,29.037645448323065,92,2024-06-30
182904,2024-08-26,24/25,131,13,Barcelona,Atletico Madrid,0.0,10000000.0,Clément Lenglet,1995-06-17,France,Defender,29.193702943189596,92,2024-08-26
182904,2025-06-08,24/25,13,131,Atletico Madrid,Barcelona,0.0,7500000.0,Clément Lenglet,1995-06-17,France,Defender,29.976728268309376,92,2025-06-08
182904,2025-06-09,25/26,131,13,Barcelona,Atletico Madrid,0.0,7500000.0,Clément Lenglet,1995-06-17,France,Defender,29.97946611909651,92,2025-06-09
234509,2013-06-30,12/13,70373,39813,Cornellà,Barça,0.0,0.0,André Onana,1996-04-02,Cameroon,Goalkeeper,17.242984257357975,93,2013-06-30
234509,2013-07-01,13/14,2470,76811,Barça,UDV Alegre,0.0,0.0,André Onana,1996-04-02,Cameroon,Goalkeeper,17.245722108145106,93,2013-07-01
234509,2014-06-30,13/14,76811,2470,UDV Alegre,Barça,0.0,0.0,André Onana,1996-04-02,Cameroon,Goalkeeper,18.24229979466119,93,2014-06-30
234509,2015-01-14,14/15,2470,8817,Barça,Ajax,150000.0,0.0,André Onana,1996-04-02,Cameroon,Goalkeeper,18.784394250513348,93,2015-01-14
234509,2022-07-01,22/23,610,46,Ajax,Inter,0.0,12000000.0,André Onana,1996-04-02,Cameroon,Goalkeeper,26.245037645448324,93,2022-07-01
234509,2023-07-20,23/24,46,985,Inter,Manchester United,50200000.0,35000000.0,André Onana,1996-04-02,Cameroon,Goalkeeper,27.29637234770705,93,2023-07-20
234509,2025-09-11,25/26,985,449,Manchester United,Trabzonspor,0.0,25000000.0,André Onana,1996-04-02,Cameroon,Goalkeeper,29.44284736481862,93,2025-09-11
234509,2026-06-30,25/26,449,985,Trabzonspor,Manchester United,0.0,10000000.0,André Onana,1996-04-02,Cameroon,Goalkeeper,30.24229979466119,93,2026-06-30
192565,2016-08-02,16/17,33,281,FC Schalke 04,Manchester City,52000000.0,30000000.0,Leroy Sané,1996-01-11,Germany,Attack,20.55852156057495,94,2016-08-02
192565,2020-07-15,20/21,281,27,Manchester City,Bayern Munich,49000000.0,80000000.0,Leroy Sané,1996-01-11,Germany,Attack,24.50924024640657,94,2020-07-15
192565,2025-07-01,25/26,27,141,Bayern Munich,Galatasaray,0.0,32000000.0,Leroy Sané,1996-01-11,Germany,Attack,29.470225872689937,94,2025-07-01
353366,2016-08-30,16/17,1082,79,Lille,Stuttgart,5000000.0,800000.0,Benjamin Pavard,1996-03-28,France,Defender,20.424366872005475,95,2016-08-30
353366,2019-07-01,19/20,79,27,Stuttgart,Bayern Munich,35000000.0,30000000.0,Benjamin Pavard,1996-03-28,France,Defender,23.2580424366872,95,2019-07-01
353366,2023-08-30,23/24,27,46,Bayern Munich,Inter,32400000.0,40000000.0,Benjamin Pavard,1996-03-28,France,Defender,27.422313483915126,95,2023-08-30
353366,2025-09-01,25/26,46,244,Inter,Marseille,0.0,25000000.0,Benjamin Pavard,1996-03-28,France,Defender,29.429158110882955,95,2025-09-01
353366,2026-06-30,25/26,244,46,Marseille,Inter,0.0,12000000.0,Benjamin Pavard,1996-03-28,France,Defender,30.255989048596852,95,2026-06-30
240306,2012-08-27,12/13,12963,6692,Boavista Y19,Novara,40000.0,0.0,Bruno Fernandes,1994-09-08,Portugal,Midfield,17.968514715947983,96,2012-08-27
240306,2013-07-01,13/14,6692,410,Novara,Udinese,2500000.0,3500000.0,Bruno Fernandes,1994-09-08,Portugal,Midfield,18.811772758384667,96,2013-07-01
240306,2016-08-16,16/17,410,1038,Udinese,Sampdoria,0.0,6500000.0,Bruno Fernandes,1994-09-08,Portugal,Midfield,21.93839835728953,96,2016-08-16
240306,2017-06-30,16/17,1038,410,Sampdoria,Udinese,0.0,7500000.0,Bruno Fernandes,1994-09-08,Portugal,Midfield,22.809034907597535,96,2017-06-30
240306,2017-07-01,17/18,410,1038,Udinese,Sampdoria,6000000.0,7500000.0,Bruno Fernandes,1994-09-08,Portugal,Midfield,22.811772758384667,96,2017-07-01
240306,2017-07-02,17/18,1038,336,Sampdoria,Sporting,9700000.0,7500000.0,Bruno Fernandes,1994-09-08,Portugal,Midfield,22.8145106091718,96,2017-07-02
240306,2020-01-29,19/20,336,985,Sporting,Manchester United,65000000.0,60000000.0,Bruno Fernandes,1994-09-08,Portugal,Midfield,25.39082819986311,96,2020-01-29
146854,2009-07-01,09/10,23365,38643,Saint-Denis,Alfortville,0.0,0.0,Wissam Ben Yedder,1990-08-12,France,Attack,18.885694729637233,97,2009-07-01
146854,2010-07-01,10/11,38643,9371,Alfortville,Toulouse,0.0,0.0,Wissam Ben Yedder,1990-08-12,France,Attack,19.88501026694045,97,2010-07-01
146854,2016-07-30,16/17,415,368,Toulouse,Sevilla FC,9500000.0,9000000.0,Wissam Ben Yedder,1990-08-12,France,Attack,25.965776865160848,97,2016-07-30
146854,2019-08-14,19/20,368,162,Sevilla FC,Monaco,40000000.0,40000000.0,Wissam Ben Yedder,1990-08-12,France,Attack,29.00479123887748,97,2019-08-14
197470,2014-07-03,14/15,11998,4331,Atalanta,Trapani,0.0,50000.0,Mattia Caldara,1994-05-05,Italy,Defender,20.161533196440793,98,2014-07-03
197470,2015-06-30,14/15,4331,800,Trapani,Atalanta BC,0.0,400000.0,Mattia Caldara,1994-05-05,Italy,Defender,21.152635181382614,98,2015-06-30
197470,2015-07-10,15/16,800,1429,Atalanta BC,Cesena,0.0,400000.0,Mattia Caldara,1994-05-05,Italy,Defender,21.180013689253936,98,2015-07-10
197470,2016-06-30,15/16,1429,800,Cesena,Atalanta BC,0.0,1000000.0,Mattia Caldara,1994-05-05,Italy,Defender,22.154688569472963,98,2016-06-30
197470,2017-01-12,16/17,800,506,Atalanta BC,Juventus,19000000.0,8000000.0,Mattia Caldara,1994-05-05,Italy,Defender,22.691307323750856,98,2017-01-12
197470,2017-01-13,16/17,506,800,Juventus,Atalanta BC,0.0,8000000.0,Mattia Caldara,1994-05-05,Italy,Defender,22.694045174537987,98,2017-01-13
197470,2018-06-30,17/18,800,506,Atalanta BC,Juventus,0.0,25000000.0,Mattia Caldara,1994-05-05,Italy,Defender,24.1533196440794,98,2018-06-30
197470,2018-08-02,18/19,506,5,Juventus,AC Milan,37740000.0,25000000.0,Mattia Caldara,1994-05-05,Italy,Defender,24.243668720054757,98,2018-08-02
197470,2020-01-12,19/20,5,800,AC Milan,Atalanta BC,0.0,16000000.0,Mattia Caldara,1994-05-05,Italy,Defender,25.689253935660506,98,2020-01-12
197470,2021-06-30,20/21,800,5,Atalanta BC,AC Milan,0.0,5000000.0,Mattia Caldara,1994-05-05,Italy,Defender,27.15400410677618,98,2021-06-30
197470,2021-08-09,21/22,5,607,AC Milan,Venezia,0.0,5000000.0,Mattia Caldara,1994-05-05,Italy,Defender,27.263518138261464,98,2021-08-09
197470,2022-06-30,21/22,607,5,Venezia,AC Milan,0.0,3500000.0,Mattia Caldara,1994-05-05,Italy,Defender,28.1533196440794,98,2022-06-30
197470,2022-07-17,22/23,5,3522,AC Milan,Spezia Calcio,0.0,3500000.0,Mattia Caldara,1994-05-05,Italy,Defender,28.199863107460644,98,2022-07-17
197470,2023-06-30,22/23,3522,5,Spezia Calcio,AC Milan,0.0,2000000.0,Mattia Caldara,1994-05-05,Italy,Defender,29.152635181382614,98,2023-06-30
197470,2024-07-02,24/25,5,1385,AC Milan,Modena,0.0,800000.0,Mattia Caldara,1994-05-05,Italy,Defender,30.16016427104723,98,2024-07-02
900195,2021-06-30,20/21,14807,42746,Palmeiras,Desportivo,0.0,0.0,Kevin,2003-01-04,Brazil,Attack,18.48596851471595,99,2021-06-30
900195,2021-07-01,21/22,42746,14807,Desportivo,Palmeiras,125000.0,0.0,Kevin,2003-01-04,Brazil,Attack,18.48870636550308,99,2021-07-01
900195,2024-01-19,23/24,1023,660,Palmeiras,Shakhtar D.,14800000.0,4000000.0,Kevin,2003-01-04,Brazil,Attack,21.0403832991102,99,2024-01-19
900195,2025-09-01,25/26,660,931,Shakhtar D.,Fulham,40000000.0,12000000.0,Kevin,2003-01-04,Brazil,Attack,22.65845311430527,99,2025-09-01
351749,2022-07-04,22/23,399,281,Leeds,Manchester City,49000000.0,50000000.0,Kalvin Phillips,1995-12-02,England,Midfield,26.587268993839835,100,2022-07-04
351749,2024-01-26,23/24,281,379,Manchester City,West Ham,0.0,28000000.0,Kalvin Phillips,1995-12-02,England,Midfield,28.150581793292265,100,2024-01-26
351749,2024-06-30,23/24,379,281,West Ham,Manchester City,0.0,25000000.0,Kalvin Phillips,1995-12-02,England,Midfield,28.577686516084874,100,2024-06-30
351749,2024-08-16,24/25,281,677,Manchester City,Ipswich,0.0,25000000.0,Kalvin Phillips,1995-12-02,England,Midfield,28.706365503080082,100,2024-08-16
351749,2025-06-30,24/25,677,281,Ipswich,Manchester City,0.0,12000000.0,Kalvin Phillips,1995-12-02,England,Midfield,29.57700205338809,100,2025-06-30
351749,2026-02-02,25/26,281,350,Manchester City,Sheff Utd,0.0,6000000.0,Kalvin Phillips,1995-12-02,England,Midfield,30.171115674195757,100,2026-02-02
351749,2026-06-30,25/26,350,281,Sheff Utd,Manchester City,0.0,2500000.0,Kalvin Phillips,1995-12-02,England,Midfield,30.576317590691307,100,2026-06-30
401530,2018-08-07,18/19,585,720,São Paulo,Porto,7000000.0,8000000.0,Éder Militão,1998-01-18,Brazil,Defender,20.550308008213552,101,2018-08-07
401530,2019-07-01,19/20,720,418,Porto,Real Madrid,50000000.0,50000000.0,Éder Militão,1998-01-18,Brazil,Defender,21.44832306639288,101,2019-07-01
537860,2019-03-01,18/19,8963,9007,Shakhtar,Arsenal Kyiv,0.0,0.0,Mykhaylo Mudryk,2001-01-05,Ukraine,Attack,18.1492128678987,102,2019-03-01
537860,2019-06-30,18/19,9007,8963,Arsenal Kyiv,Shakhtar,0.0,200000.0,Mykhaylo Mudryk,2001-01-05,Ukraine,Attack,18.480492813141684,102,2019-06-30
537860,2020-08-06,20/21,8963,16239,Shakhtar,Desna,0.0,200000.0,Mykhaylo Mudryk,2001-01-05,Ukraine,Attack,19.583846680355922,102,2020-08-06
537860,2021-01-08,20/21,16239,8963,Desna,Shakhtar,0.0,200000.0,Mykhaylo Mudryk,2001-01-05,Ukraine,Attack,20.008213552361397,102,2021-01-08
537860,2023-01-15,22/23,660,631,Shakhtar D.,Chelsea,70000000.0,40000000.0,Mykhaylo Mudryk,2001-01-05,Ukraine,Attack,22.026009582477755,102,2023-01-15
475411,2020-10-02,20/21,618,1003,Saint-Étienne,Leicester,35000000.0,10000000.0,Wesley Fofana,2000-12-17,France,Defender,19.79192334017796,103,2020-10-02
475411,2022-08-31,22/23,1003,631,Leicester,Chelsea,80400000.0,40000000.0,Wesley Fofana,2000-12-17,France,Defender,21.702943189596166,103,2022-08-31
505653,2020-09-05,20/21,720,543,Porto,Wolves,40000000.0,12000000.0,Fábio Silva,2002-07-19,Portugal,Attack,18.132785763175907,104,2020-09-05
505653,2022-07-19,22/23,543,58,Wolves,RSC Anderlecht,0.0,15000000.0,Fábio Silva,2002-07-19,Portugal,Attack,20.0,104,2022-07-19
505653,2023-01-24,22/23,58,543,RSC Anderlecht,Wolves,0.0,13000000.0,Fábio Silva,2002-07-19,Portugal,Attack,20.517453798767967,104,2023-01-24
505653,2023-01-25,22/23,543,383,Wolves,PSV,0.0,13000000.0,Fábio Silva,2002-07-19,Portugal,Attack,20.520191649555098,104,2023-01-25
505653,2023-06-30,22/23,383,543,PSV,Wolves,0.0,13000000.0,Fábio Silva,2002-07-19,Portugal,Attack,20.947296372347708,104,2023-06-30
505653,2024-01-01,23/24,543,124,Wolves,Rangers,0.0,13000000.0,Fábio Silva,2002-07-19,Portugal,Attack,21.453798767967147,104,2024-01-01
505653,2024-06-30,23/24,124,543,Rangers,Wolves,0.0,11000000.0,Fábio Silva,2002-07-19,Portugal,Attack,21.949349760438057,104,2024-06-30
505653,2024-08-30,24/25,543,472,Wolves,UD Las Palmas,0.0,11000000.0,Fábio Silva,2002-07-19,Portugal,Attack,22.116358658453116,104,2024-08-30
505653,2025-06-30,24/25,472,543,UD Las Palmas,Wolves,0.0,20000000.0,Fábio Silva,2002-07-19,Portugal,Attack,22.94866529774127,104,2025-06-30
505653,2025-08-29,25/26,543,16,Wolves,Borussia Dortmund,22500000.0,20000000.0,Fábio Silva,2002-07-19,Portugal,Attack,23.1129363449692,104,2025-08-29
741238,2023-07-20,23/24,631,677,Chelsea,Ipswich,0.0,1000000.0,Omari Hutchinson,2003-10-30,England,Midfield,19.720739219712527,105,2023-07-20
741238,2024-06-30,23/24,677,631,Ipswich,Chelsea,0.0,7000000.0,Omari Hutchinson,2003-10-30,England,Midfield,20.66803559206023,105,2024-06-30
741238,2024-07-01,24/25,631,677,Chelsea,Ipswich,23500000.0,7000000.0,Omari Hutchinson,2003-10-30,England,Midfield,20.670773442847366,105,2024-07-01
741238,2025-08-16,25/26,677,703,Ipswich,Nott'm Forest,43400000.0,22000000.0,Omari Hutchinson,2003-10-30,England,Midfield,21.796030116358658,105,2025-08-16
149729,2014-01-09,13/14,10949,1085,Sporting,Vitória Setúbal,0.0,2000000.0,João Mário,1993-01-19,Portugal,Midfield,20.971937029431896,106,2014-01-09
149729,2014-06-30,13/14,1085,10949,Vitória Setúbal,Sporting,0.0,2000000.0,João Mário,1993-01-19,Portugal,Midfield,21.44284736481862,106,2014-06-30
149729,2016-08-28,16/17,336,46,Sporting,Inter,44780000.0,30000000.0,João Mário,1993-01-19,Portugal,Midfield,23.60574948665298,106,2016-08-28
149729,2018-01-26,17/18,46,379,Inter,West Ham,0.0,26000000.0,João Mário,1993-01-19,Portugal,Midfield,25.018480492813143,106,2018-01-26
149729,2018-06-30,17/18,379,46,West Ham,Inter,0.0,25000000.0,João Mário,1993-01-19,Portugal,Midfield,25.44284736481862,106,2018-06-30
149729,2019-08-27,19/20,46,932,Inter,Loko Moscow,0.0,18000000.0,João Mário,1993-01-19,Portugal,Midfield,26.600958247775495,106,2019-08-27
149729,2020-07-31,19/20,932,46,Loko Moscow,Inter,0.0,13000000.0,João Mário,1993-01-19,Portugal,Midfield,27.529089664613277,106,2020-07-31
149729,2020-10-06,20/21,46,336,Inter,Sporting,0.0,13000000.0,João Mário,1993-01-19,Portugal,Midfield,27.71252566735113,106,2020-10-06
149729,2021-06-30,20/21,336,46,Sporting,Inter,0.0,12000000.0,João Mário,1993-01-19,Portugal,Midfield,28.4435318275154,106,2021-06-30
149729,2021-07-13,21/22,46,294,Inter,Benfica,0.0,12000000.0,João Mário,1993-01-19,Portugal,Midfield,28.479123887748116,106,2021-07-13
149729,2024-09-04,24/25,294,114,Benfica,Besiktas,0.0,4000000.0,João Mário,1993-01-19,Portugal,Midfield,31.6249144421629,106,2024-09-04
149729,2025-06-30,24/25,114,294,Besiktas,Benfica,0.0,2100000.0,João Mário,1993-01-19,Portugal,Midfield,32.4435318275154,106,2025-06-30
149729,2025-07-01,25/26,294,114,Benfica,Besiktas,2000000.0,2100000.0,João Mário,1993-01-19,Portugal,Midfield,32.446269678302535,106,2025-07-01
149729,2025-09-12,25/26,114,2441,Besiktas,AEK Athens,0.0,2100000.0,João Mário,1993-01-19,Portugal,Midfield,32.64613278576318,106,2025-09-12
149729,2026-06-30,25/26,2441,114,AEK Athens,Besiktas,0.0,1500000.0,João Mário,1993-01-19,Portugal,Midfield,33.44284736481862,106,2026-06-30
39728,2008-01-03,07/08,27,16,Bayern Munich,Borussia Dortmund,0.0,250000.0,Mats Hummels,1988-12-16,Germany,Defender,19.04722792607803,107,2008-01-03
39728,2009-06-30,08/09,16,27,Borussia Dortmund,Bayern Munich,0.0,4000000.0,Mats Hummels,1988-12-16,Germany,Defender,20.536618754277892,107,2009-06-30
39728,2009-07-01,09/10,27,16,Bayern Munich,Borussia Dortmund,4200000.0,4000000.0,Mats Hummels,1988-12-16,Germany,Defender,20.539356605065024,107,2009-07-01
39728,2016-07-01,16/17,16,27,Borussia Dortmund,Bayern Munich,35000000.0,38000000.0,Mats Hummels,1988-12-16,Germany,Defender,27.540041067761805,107,2016-07-01
39728,2019-07-01,19/20,27,16,Bayern Munich,Borussia Dortmund,30500000.0,35000000.0,Mats Hummels,1988-12-16,Germany,Defender,30.537987679671456,107,2019-07-01
288255,2020-09-02,20/21,610,985,Ajax,Manchester United,39000000.0,44000000.0,Donny van de Beek,1997-04-18,Netherlands,Midfield,23.37577002053388,108,2020-09-02
288255,2022-01-31,21/22,985,29,Manchester United,Everton,0.0,25000000.0,Donny van de Beek,1997-04-18,Netherlands,Midfield,24.788501026694046,108,2022-01-31
288255,2022-05-31,21/22,29,985,Everton,Manchester United,0.0,25000000.0,Donny van de Beek,1997-04-18,Netherlands,Midfield,25.117043121149898,108,2022-05-31
288255,2024-01-01,23/24,985,24,Manchester United,Frankfurt,0.0,9000000.0,Donny van de Beek,1997-04-18,Netherlands,Midfield,26.704996577686515,108,2024-01-01
288255,2024-06-30,23/24,24,985,Frankfurt,Manchester United,0.0,5000000.0,Donny van de Beek,1997-04-18,Netherlands,Midfield,27.200547570157426,108,2024-06-30
288255,2024-07-11,24/25,985,12321,Manchester United,Girona,500000.0,5000000.0,Donny van de Beek,1997-04-18,Netherlands,Midfield,27.23066392881588,108,2024-07-11
266302,2014-07-01,14/15,448,1184,Vojvodina,Genk,1000000.0,400000.0,Sergej Milinković-Savić,1995-02-27,Serbia,Midfield,19.340177960301162,109,2014-07-01
266302,2015-08-06,15/16,1184,398,Genk,Lazio,12000000.0,4000000.0,Sergej Milinković-Savić,1995-02-27,Serbia,Midfield,20.438056125941138,109,2015-08-06
266302,2023-07-12,23/24,398,1114,Lazio,Al-Hilal,40000000.0,50000000.0,Sergej Milinković-Savić,1995-02-27,Serbia,Midfield,28.369609856262834,109,2023-07-12
488362,2019-08-02,19/20,9250,358,Chelsea,Charlton,0.0,0.0,Conor Gallagher,2000-02-06,England,Midfield,19.485284052019164,110,2019-08-02
488362,2020-01-14,19/20,358,9250,Charlton,Chelsea,0.0,2000000.0,Conor Gallagher,2000-02-06,England,Midfield,19.93702943189596,110,2020-01-14
488362,2020-01-15,19/20,9250,2288,Chelsea,Swansea,0.0,2000000.0,Conor Gallagher,2000-02-06,England,Midfield,19.939767282683093,110,2020-01-15
488362,2020-07-31,19/20,2288,9250,Swansea,Chelsea,0.0,5400000.0,Conor Gallagher,2000-02-06,England,Midfield,20.48186173853525,110,2020-07-31
488362,2020-09-17,20/21,9250,984,Chelsea,West Brom,0.0,5400000.0,Conor Gallagher,2000-02-06,England,Midfield,20.61327857631759,110,2020-09-17
488362,2021-05-31,20/21,984,9250,West Brom,Chelsea,0.0,12000000.0,Conor Gallagher,2000-02-06,England,Midfield,21.31416837782341,110,2021-05-31
488362,2021-07-30,21/22,9250,873,Chelsea,Crystal Palace,0.0,15000000.0,Conor Gallagher,2000-02-06,England,Midfield,21.478439425051334,110,2021-07-30
488362,2022-05-31,21/22,873,9250,Crystal Palace,Chelsea,0.0,25000000.0,Conor Gallagher,2000-02-06,England,Midfield,22.313483915126625,110,2022-05-31
488362,2024-08-21,24/25,631,13,Chelsea,Atletico Madrid,42000000.0,50000000.0,Conor Gallagher,2000-02-06,England,Midfield,24.539356605065024,110,2024-08-21
488362,2026-01-14,25/26,13,148,Atletico Madrid,Tottenham Hotspur,40000000.0,35000000.0,Conor Gallagher,2000-02-06,England,Midfield,25.93839835728953,110,2026-01-14
52769,2007-08-24,07/08,199,660,Corinthians,Shakhtar D.,14000000.0,11000000.0,Willian,1988-08-09,Brazil,Attack,19.039014373716633,111,2007-08-24
52769,2013-01-31,12/13,660,2700,Shakhtar D.,Anzhi,35000000.0,25000000.0,Willian,1988-08-09,Brazil,Attack,24.479123887748116,111,2013-01-31
52769,2013-08-28,13/14,2700,631,Anzhi,Chelsea,35500000.0,30000000.0,Willian,1988-08-09,Brazil,Attack,25.05133470225873,111,2013-08-28
52769,2020-08-14,20/21,631,11,Chelsea,Arsenal,0.0,22500000.0,Willian,1988-08-09,Brazil,Attack,32.01368925393566,111,2020-08-14
52769,2021-08-30,21/22,11,199,Arsenal,Corinthians,0.0,9000000.0,Willian,1988-08-09,Brazil,Attack,33.05681040383299,111,2021-08-30
52769,2022-09-01,22/23,199,931,Corinthians,Fulham,0.0,4000000.0,Willian,1988-08-09,Brazil,Attack,34.06160164271047,111,2022-09-01
52769,2024-09-02,24/25,931,683,Fulham,Olympiacos,0.0,3000000.0,Willian,1988-08-09,Brazil,Attack,36.06570841889117,111,2024-09-02
521964,2022-08-29,22/23,33,5,FC Schalke 04,AC Milan,12800000.0,6000000.0,Malick Thiaw,2001-08-08,Germany,Defender,21.05681040383299,112,2022-08-29
521964,2025-08-12,25/26,5,762,AC Milan,Newcastle,35000000.0,18000000.0,Malick Thiaw,2001-08-08,Germany,Defender,24.01095140314853,112,2025-08-12
659813,2020-08-20,20/21,19309,3938,Independiente,CA Talleres,3550000.0,600000.0,Piero Hincapié,2002-01-09,Ecuador,Defender,18.611909650924023,113,2020-08-20
659813,2021-08-16,21/22,3938,15,CA Talleres,Bayer Leverkusen,6350000.0,8000000.0,Piero Hincapié,2002-01-09,Ecuador,Defender,19.600273785078713,113,2021-08-16
659813,2025-09-01,25/26,15,11,Bayer Leverkusen,Arsenal,0.0,50000000.0,Piero Hincapié,2002-01-09,Ecuador,Defender,23.644079397672826,113,2025-09-01
659813,2026-06-30,25/26,11,15,Arsenal,Bayer Leverkusen,0.0,50000000.0,Piero Hincapié,2002-01-09,Ecuador,Defender,24.470910335386723,113,2026-06-30
659813,2026-07-01,26/27,15,11,Bayer Leverkusen,Arsenal,52000000.0,50000000.0,Piero Hincapié,2002-01-09,Ecuador,Defender,24.473648186173854,113,2026-07-01
95424,2008-11-01,08/09,350,1302,Sheff Utd,Northampton,0.0,0.0,Kyle Walker,1990-05-28,England,Defender,18.431211498973305,114,2008-11-01
95424,2009-01-01,08/09,1302,350,Northampton,Sheff Utd,0.0,0.0,Kyle Walker,1990-05-28,England,Defender,18.598220396988363,114,2009-01-01
95424,2009-07-22,09/10,350,148,Sheff Utd,Tottenham Hotspur,5900000.0,50000.0,Kyle Walker,1990-05-28,England,Defender,19.15126625598905,114,2009-07-22
95424,2009-08-04,09/10,148,350,Tottenham Hotspur,Sheff Utd,0.0,50000.0,Kyle Walker,1990-05-28,England,Defender,19.186858316221766,114,2009-08-04
95424,2010-02-01,09/10,350,148,Sheff Utd,Tottenham Hotspur,0.0,3000000.0,Kyle Walker,1990-05-28,England,Defender,19.682409308692677,114,2010-02-01
95424,2010-09-13,10/11,148,1039,Tottenham Hotspur,QPR,0.0,2000000.0,Kyle Walker,1990-05-28,England,Defender,20.295687885010267,114,2010-09-13
95424,2010-12-31,10/11,1039,148,QPR,Tottenham Hotspur,0.0,2000000.0,Kyle Walker,1990-05-28,England,Defender,20.594113620807665,114,2010-12-31
95424,2011-01-05,10/11,148,405,Tottenham Hotspur,Aston Villa,0.0,2000000.0,Kyle Walker,1990-05-28,England,Defender,20.607802874743328,114,2011-01-05
95424,2011-05-31,10/11,405,148,Aston Villa,Tottenham Hotspur,0.0,2000000.0,Kyle Walker,1990-05-28,England,Defender,21.00752908966461,114,2011-05-31
95424,2017-07-14,17/18,148,281,Tottenham Hotspur,Manchester City,52700000.0,30000000.0,Kyle Walker,1990-05-28,England,Defender,27.129363449691994,114,2017-07-14
95424,2025-01-24,24/25,281,5,Manchester City,AC Milan,0.0,10000000.0,Kyle Walker,1990-05-28,England,Defender,34.6611909650924,114,2025-01-24
95424,2025-06-30,24/25,5,281,AC Milan,Manchester City,0.0,4000000.0,Kyle Walker,1990-05-28,England,Defender,35.09103353867214,114,2025-06-30
95424,2025-07-05,25/26,281,1132,Manchester City,Burnley,5000000.0,4000000.0,Kyle Walker,1990-05-28,England,Defender,35.1047227926078,114,2025-07-05
398184,2020-08-04,20/21,1049,281,Valencia,Manchester City,33500000.0,45000000.0,Ferran Torres,2000-02-29,Spain,Attack,20.42984257357974,115,2020-08-04
398184,2022-01-01,21/22,281,131,Manchester City,Barcelona,55000000.0,45000000.0,Ferran Torres,2000-02-29,Spain,Attack,21.83983572895277,115,2022-01-01
331726,2016-08-05,16/17,9250,698,Chelsea,Bristol City,0.0,0.0,Tammy Abraham,1997-10-02,England,Attack,18.84188911704312,116,2016-08-05
331726,2017-05-31,16/17,698,9250,Bristol City,Chelsea,0.0,5000000.0,Tammy Abraham,1997-10-02,England,Attack,19.66050650239562,116,2017-05-31
331726,2017-07-04,17/18,631,2288,Chelsea,Swansea,0.0,8000000.0,Tammy Abraham,1997-10-02,England,Attack,19.753593429158112,116,2017-07-04
331726,2018-05-31,17/18,2288,631,Swansea,Chelsea,0.0,10000000.0,Tammy Abraham,1997-10-02,England,Attack,20.659822039698838,116,2018-05-31
331726,2018-08-31,18/19,631,405,Chelsea,Aston Villa,0.0,10000000.0,Tammy Abraham,1997-10-02,England,Attack,20.91170431211499,116,2018-08-31
331726,2019-05-31,18/19,405,631,Aston Villa,Chelsea,0.0,15000000.0,Tammy Abraham,1997-10-02,England,Attack,21.659137577002053,116,2019-05-31
331726,2021-08-17,21/22,631,12,Chelsea,Roma,41000000.0,38000000.0,Tammy Abraham,1997-10-02,England,Attack,23.874058863791923,116,2021-08-17
331726,2024-08-30,24/25,12,5,Roma,AC Milan,0.0,30000000.0,Tammy Abraham,1997-10-02,England,Attack,26.910335386721425,116,2024-08-30
331726,2025-06-30,24/25,5,12,AC Milan,Roma,0.0,15000000.0,Tammy Abraham,1997-10-02,England,Attack,27.742642026009584,116,2025-06-30
331726,2025-07-01,25/26,12,114,Roma,Besiktas,0.0,15000000.0,Tammy Abraham,1997-10-02,England,Attack,27.745379876796715,116,2025-07-01
331726,2026-01-25,25/26,114,12,Besiktas,Roma,0.0,14000000.0,Tammy Abraham,1997-10-02,England,Attack,28.314852840520192,116,2026-01-25
331726,2026-01-26,25/26,12,114,Roma,Besiktas,15000000.0,14000000.0,Tammy Abraham,1997-10-02,England,Attack,28.317590691307323,116,2026-01-26
331726,2026-01-27,25/26,114,405,Besiktas,Aston Villa,21000000.0,14000000.0,Tammy Abraham,1997-10-02,England,Attack,28.320328542094455,116,2026-01-27
206040,2014-08-13,14/15,3631,13,América,Atletico Madrid,10500000.0,10000000.0,Raúl Jiménez,1991-05-05,Mexico,Attack,23.274469541409992,117,2014-08-13
206040,2015-08-13,15/16,13,294,Atletico Madrid,Benfica,22000000.0,5000000.0,Raúl Jiménez,1991-05-05,Mexico,Attack,24.27378507871321,117,2015-08-13
206040,2018-07-01,18/19,294,543,Benfica,Wolves,0.0,15000000.0,Raúl Jiménez,1991-05-05,Mexico,Attack,27.156741957563312,117,2018-07-01
206040,2019-06-30,18/19,543,294,Wolves,Benfica,0.0,35000000.0,Raúl Jiménez,1991-05-05,Mexico,Attack,28.1533196440794,117,2019-06-30
206040,2019-07-01,19/20,294,543,Benfica,Wolves,38000000.0,35000000.0,Raúl Jiménez,1991-05-05,Mexico,Attack,28.15605749486653,117,2019-07-01
206040,2023-07-25,23/24,543,931,Wolves,Fulham,6400000.0,6000000.0,Raúl Jiménez,1991-05-05,Mexico,Attack,32.2217659137577,117,2023-07-25
206040,2026-07-01,26/27,931,543,Fulham,Wolves,0.0,3000000.0,Raúl Jiménez,1991-05-05,Mexico,Attack,35.15674195756331,117,2026-07-01
39983,2005-07-01,05/06,27579,5380,Viterbese Y.,Inter,40000.0,0.0,Leonardo Bonucci,1987-05-01,Italy,Defender,18.168377823408623,118,2005-07-01
39983,2007-07-01,07/08,46,2251,Inter,Treviso,0.0,50000.0,Leonardo Bonucci,1987-05-01,Italy,Defender,20.16700889801506,118,2007-07-01
39983,2009-01-24,08/09,2251,46,Treviso,Inter,0.0,300000.0,Leonardo Bonucci,1987-05-01,Italy,Defender,21.73579739904175,118,2009-01-24
39983,2009-01-25,08/09,46,4172,Inter,AC Pisa,0.0,300000.0,Leonardo Bonucci,1987-05-01,Italy,Defender,21.738535249828885,118,2009-01-25
39983,2009-06-30,08/09,4172,46,AC Pisa,Inter,0.0,400000.0,Leonardo Bonucci,1987-05-01,Italy,Defender,22.16563997262149,118,2009-06-30
39983,2009-07-01,09/10,46,252,Inter,Genoa,4000000.0,400000.0,Leonardo Bonucci,1987-05-01,Italy,Defender,22.168377823408623,118,2009-07-01
39983,2009-08-01,09/10,252,332,Genoa,Bari,10500000.0,400000.0,Leonardo Bonucci,1987-05-01,Italy,Defender,22.253251197809718,118,2009-08-01
39983,2010-07-01,10/11,332,506,Bari,Juventus,15500000.0,8000000.0,Leonardo Bonucci,1987-05-01,Italy,Defender,23.16769336071184,118,2010-07-01
39983,2017-07-21,17/18,506,5,Juventus,AC Milan,42000000.0,45000000.0,Leonardo Bonucci,1987-05-01,Italy,Defender,30.223134839151268,118,2017-07-21
39983,2018-08-02,18/19,5,506,AC Milan,Juventus,35000000.0,35000000.0,Leonardo Bonucci,1987-05-01,Italy,Defender,31.255304585900067,118,2018-08-02
39983,2023-09-01,23/24,506,89,Juventus,Union Berlin,0.0,1500000.0,Leonardo Bonucci,1987-05-01,Italy,Defender,36.336755646817245,118,2023-09-01
39983,2024-01-11,23/24,89,36,Union Berlin,Fenerbahce,0.0,1500000.0,Leonardo Bonucci,1987-05-01,Italy,Defender,36.69815195071869,118,2024-01-11
302215,2014-07-01,14/15,2580,409,FC Istres,RB Salzburg,1500000.0,0.0,Naby Keïta,1995-02-10,Guinea,Midfield,19.38672142368241,119,2014-07-01
302215,2016-07-01,16/17,409,23826,RB Salzburg,RB Leipzig,29750000.0,11000000.0,Naby Keïta,1995-02-10,Guinea,Midfield,21.388090349075977,119,2016-07-01
302215,2018-07-01,18/19,23826,31,RB Leipzig,Liverpool,60000000.0,65000000.0,Naby Keïta,1995-02-10,Guinea,Midfield,23.38672142368241,119,2018-07-01
302215,2023-07-01,23/24,31,86,Liverpool,Werder Bremen,0.0,12000000.0,Naby Keïta,1995-02-10,Guinea,Midfield,28.386036960985628,119,2023-07-01
487469,2020-09-10,20/21,720,543,Porto,Wolves,0.0,5000000.0,Vitinha,2000-02-13,Portugal,Midfield,20.57494866529774,120,2020-09-10
487469,2021-06-30,20/21,543,720,Wolves,Porto,0.0,7000000.0,Vitinha,2000-02-13,Portugal,Midfield,21.377138945927445,120,2021-06-30
487469,2022-07-01,22/23,720,583,Porto,Paris Saint-Germain,41500000.0,30000000.0,Vitinha,2000-02-13,Portugal,Midfield,22.379192334017795,120,2022-07-01
397033,2020-09-09,20/21,19,5,Brescia,AC Milan,0.0,32000000.0,Sandro Tonali,2000-05-08,Italy,Midfield,20.33949349760438,121,2020-09-09
397033,2021-06-30,20/21,5,19,AC Milan,Brescia,0.0,27000000.0,Sandro Tonali,2000-05-08,Italy,Midfield,21.144421629021217,121,2021-06-30
397033,2021-07-08,21/22,19,5,Brescia,AC Milan,14280000.0,27000000.0,Sandro Tonali,2000-05-08,Italy,Midfield,21.166324435318277,121,2021-07-08
397033,2023-07-03,23/24,5,762,AC Milan,Newcastle,60800000.0,50000000.0,Sandro Tonali,2000-05-08,Italy,Midfield,23.15126625598905,121,2023-07-03
68290,2013-07-01,13/14,221,131,Santos,Barcelona,88000000.0,50000000.0,Neymar,1992-02-05,Brazil,Midfield,21.401779603011637,122,2013-07-01
68290,2017-08-03,17/18,131,583,Barcelona,Paris Saint-Germain,222000000.0,100000000.0,Neymar,1992-02-05,Brazil,Midfield,25.492128678986994,122,2017-08-03
68290,2023-08-15,23/24,583,1114,Paris Saint-Germain,Al-Hilal,90000000.0,60000000.0,Neymar,1992-02-05,Brazil,Midfield,31.523613963039015,122,2023-08-15
68290,2025-01-31,24/25,1114,221,Al-Hilal,Santos,0.0,15000000.0,Neymar,1992-02-05,Brazil,Midfield,32.988364134154686,122,2025-01-31
190393,2017-07-01,17/18,1041,27,Lyon,Bayern Munich,41500000.0,22000000.0,Corentin Tolisso,1994-08-03,France,Midfield,22.910335386721425,123,2017-07-01
190393,2022-07-01,22/23,27,1041,Bayern Munich,Lyon,0.0,15000000.0,Corentin Tolisso,1994-08-03,France,Midfield,27.90965092402464,123,2022-07-01
401173,2017-08-31,17/18,6930,16,Manchester City,Borussia Dortmund,20590000.0,5000000.0,Jadon Sancho,2000-03-25,England,Attack,17.43463381245722,124,2017-08-31
401173,2021-07-23,21/22,16,985,Borussia Dortmund,Manchester United,85000000.0,100000000.0,Jadon Sancho,2000-03-25,England,Attack,21.32785763175907,124,2021-07-23
401173,2024-01-11,23/24,985,16,Manchester United,Borussia Dortmund,0.0,25000000.0,Jadon Sancho,2000-03-25,England,Attack,23.797399041752225,124,2024-01-11
401173,2024-06-30,23/24,16,985,Borussia Dortmund,Manchester United,0.0,30000000.0,Jadon Sancho,2000-03-25,England,Attack,24.265571526351813,124,2024-06-30
401173,2024-08-30,24/25,985,631,Manchester United,Chelsea,0.0,30000000.0,Jadon Sancho,2000-03-25,England,Attack,24.432580424366872,124,2024-08-30
401173,2025-06-30,24/25,631,985,Chelsea,Manchester United,0.0,28000000.0,Jadon Sancho,2000-03-25,England,Attack,25.26488706365503,124,2025-06-30
401173,2025-09-01,25/26,985,405,Manchester United,Aston Villa,0.0,28000000.0,Jadon Sancho,2000-03-25,England,Attack,25.437371663244353,124,2025-09-01
401173,2026-06-30,25/26,405,985,Aston Villa,Manchester United,0.0,18000000.0,Jadon Sancho,2000-03-25,England,Attack,26.26420260095825,124,2026-06-30
321247,2017-07-27,17/18,3709,4542,Getafe,CyD Leonesa,0.0,500000.0,Emiliano Buendía,1996-12-25,Argentina,Attack,20.58590006844627,125,2017-07-27
321247,2018-06-30,17/18,4542,3709,CyD Leonesa,Getafe,0.0,2500000.0,Emiliano Buendía,1996-12-25,Argentina,Attack,21.51129363449692,125,2018-06-30
321247,2018-07-01,18/19,3709,1123,Getafe,Norwich,1500000.0,2500000.0,Emiliano Buendía,1996-12-25,Argentina,Attack,21.51403148528405,125,2018-07-01
321247,2021-07-01,21/22,1123,405,Norwich,Aston Villa,38400000.0,35000000.0,Emiliano Buendía,1996-12-25,Argentina,Attack,24.514715947980836,125,2021-07-01
321247,2025-01-29,24/25,405,15,Aston Villa,Bayer Leverkusen,0.0,18000000.0,Emiliano Buendía,1996-12-25,Argentina,Attack,28.095824777549623,125,2025-01-29
321247,2025-06-30,24/25,15,405,Bayer Leverkusen,Aston Villa,0.0,15000000.0,Emiliano Buendía,1996-12-25,Argentina,Attack,28.511978097193705,125,2025-06-30
228948,2018-08-16,18/19,33,583,FC Schalke 04,Paris Saint-Germain,37000000.0,18000000.0,Thilo Kehrer,1996-09-21,Germany,Defender,21.900068446269678,126,2018-08-16
228948,2022-08-17,22/23,583,379,Paris Saint-Germain,West Ham,12000000.0,22000000.0,Thilo Kehrer,1996-09-21,Germany,Defender,25.90280629705681,126,2022-08-17
228948,2024-01-05,23/24,379,162,West Ham,Monaco,0.0,9000000.0,Thilo Kehrer,1996-09-21,Germany,Defender,27.288158795345655,126,2024-01-05
228948,2024-06-30,23/24,162,379,Monaco,West Ham,0.0,10000000.0,Thilo Kehrer,1996-09-21,Germany,Defender,27.772758384668034,126,2024-06-30
228948,2024-07-01,24/25,379,162,West Ham,Monaco,11000000.0,10000000.0,Thilo Kehrer,1996-09-21,Germany,Defender,27.77549623545517,126,2024-07-01
105470,2016-07-06,16/17,6600,12,Internacional,Roma,8000000.0,7000000.0,Alisson,1992-10-02,Brazil,Goalkeeper,23.759069130732374,127,2016-07-06
105470,2018-07-19,18/19,12,31,Roma,Liverpool,72500000.0,60000000.0,Alisson,1992-10-02,Brazil,Goalkeeper,25.793292265571527,127,2018-07-19
205562,2015-07-01,15/16,1162,162,SM Caen,Monaco,4000000.0,1250000.0,Thomas Lemar,1995-11-12,France,Midfield,19.633127994524298,128,2015-07-01
205562,2018-07-01,18/19,162,13,Monaco,Atletico Madrid,72000000.0,65000000.0,Thomas Lemar,1995-11-12,France,Midfield,22.633812457221083,128,2018-07-01
205562,2025-07-30,25/26,13,12321,Atletico Madrid,Girona,0.0,5000000.0,Thomas Lemar,1995-11-12,France,Midfield,29.713894592744694,128,2025-07-30
205562,2026-06-30,25/26,12321,13,Girona,Atletico Madrid,0.0,1800000.0,Thomas Lemar,1995-11-12,France,Midfield,30.63107460643395,128,2026-06-30
291417,2012-07-01,12/13,54295,106291,Paris Saint-Germain,Mantois 78,0.0,0.0,Ferland Mendy,1995-06-08,France,Defender,17.065023956194388,129,2012-07-01
291417,2013-07-01,13/14,106291,15439,Mantois 78,Le Havre,0.0,0.0,Ferland Mendy,1995-06-08,France,Defender,18.064339493497606,129,2013-07-01
291417,2017-07-01,17/18,738,1041,Le Havre AC,Lyon,5000000.0,1250000.0,Ferland Mendy,1995-06-08,France,Defender,22.064339493497606,129,2017-07-01
291417,2019-07-01,19/20,1041,418,Lyon,Real Madrid,48000000.0,30000000.0,Ferland Mendy,1995-06-08,France,Defender,24.06297056810404,129,2019-07-01
315867,2017-01-31,16/17,4575,19114,PSV,Sassuolo,4100000.0,100000.0,Gianluca Scamacca,1999-01-01,Italy,Attack,18.083504449007528,130,2017-01-31
315867,2018-01-31,17/18,6574,2239,Sassuolo,Cremonese,0.0,300000.0,Gianluca Scamacca,1999-01-01,Italy,Attack,19.082819986310746,130,2018-01-31
315867,2018-06-30,17/18,2239,6574,Cremonese,Sassuolo,0.0,800000.0,Gianluca Scamacca,1999-01-01,Italy,Attack,19.49349760438056,130,2018-06-30
315867,2018-08-31,18/19,6574,1269,Sassuolo,PEC Zwolle,0.0,800000.0,Gianluca Scamacca,1999-01-01,Italy,Attack,19.66324435318275,130,2018-08-31
315867,2019-01-22,18/19,1269,6574,PEC Zwolle,Sassuolo,0.0,700000.0,Gianluca Scamacca,1999-01-01,Italy,Attack,20.057494866529773,130,2019-01-22
315867,2019-07-14,19/20,6574,408,Sassuolo,Ascoli,0.0,700000.0,Gianluca Scamacca,1999-01-01,Italy,Attack,20.531143052703626,130,2019-07-14
315867,2020-08-31,19/20,408,6574,Ascoli,Sassuolo,0.0,5000000.0,Gianluca Scamacca,1999-01-01,Italy,Attack,21.66461327857632,130,2020-08-31
315867,2020-10-02,20/21,6574,252,Sassuolo,Genoa,0.0,5000000.0,Gianluca Scamacca,1999-01-01,Italy,Attack,21.752224503764545,130,2020-10-02
315867,2021-06-30,20/21,252,6574,Genoa,Sassuolo,0.0,15000000.0,Gianluca Scamacca,1999-01-01,Italy,Attack,22.494182067077343,130,2021-06-30
315867,2022-07-26,22/23,6574,379,Sassuolo,West Ham,38600000.0,30000000.0,Gianluca Scamacca,1999-01-01,Italy,Attack,23.564681724845997,130,2022-07-26
315867,2023-08-07,23/24,379,800,West Ham,Atalanta,28000000.0,22000000.0,Gianluca Scamacca,1999-01-01,Italy,Attack,24.5968514715948,130,2023-08-07
58864,2008-07-02,08/09,5,2969,AC Milan,Dijon,0.0,0.0,Pierre-Emerick Aubameyang,1989-06-18,Gabon,Attack,19.039014373716633,131,2008-07-02
58864,2009-06-30,08/09,2969,5,Dijon,AC Milan,0.0,1000000.0,Pierre-Emerick Aubameyang,1989-06-18,Gabon,Attack,20.032854209445585,131,2009-06-30
58864,2009-07-01,09/10,5,1082,AC Milan,Lille,0.0,1000000.0,Pierre-Emerick Aubameyang,1989-06-18,Gabon,Attack,20.035592060232716,131,2009-07-01
58864,2010-06-30,09/10,1082,5,Lille,AC Milan,0.0,1700000.0,Pierre-Emerick Aubameyang,1989-06-18,Gabon,Attack,21.032169746748803,131,2010-06-30
58864,2010-07-06,10/11,5,162,AC Milan,Monaco,0.0,1700000.0,Pierre-Emerick Aubameyang,1989-06-18,Gabon,Attack,21.048596851471594,131,2010-07-06
58864,2011-01-30,10/11,162,5,Monaco,AC Milan,0.0,3000000.0,Pierre-Emerick Aubameyang,1989-06-18,Gabon,Attack,21.61806981519507,131,2011-01-30
58864,2011-01-31,10/11,5,618,AC Milan,Saint-Étienne,0.0,3000000.0,Pierre-Emerick Aubameyang,1989-06-18,Gabon,Attack,21.620807665982205,131,2011-01-31
58864,2011-12-31,11/12,618,5,Saint-Étienne,AC Milan,0.0,4000000.0,Pierre-Emerick Aubameyang,1989-06-18,Gabon,Attack,22.535249828884325,131,2011-12-31
58864,2012-01-01,11/12,5,618,AC Milan,Saint-Étienne,1800000.0,4000000.0,Pierre-Emerick Aubameyang,1989-06-18,Gabon,Attack,22.537987679671456,131,2012-01-01
58864,2013-07-04,13/14,618,16,Saint-Étienne,Borussia Dortmund,13000000.0,15000000.0,Pierre-Emerick Aubameyang,1989-06-18,Gabon,Attack,24.043805612594113,131,2013-07-04
58864,2018-01-31,17/18,16,11,Borussia Dortmund,Arsenal,63750000.0,65000000.0,Pierre-Emerick Aubameyang,1989-06-18,Gabon,Attack,28.621492128678987,131,2018-01-31
58864,2022-01-31,21/22,11,131,Arsenal,Barcelona,0.0,15000000.0,Pierre-Emerick Aubameyang,1989-06-18,Gabon,Attack,32.62149212867899,131,2022-01-31
58864,2022-09-01,22/23,131,631,Barcelona,Chelsea,12000000.0,15000000.0,Pierre-Emerick Aubameyang,1989-06-18,Gabon,Attack,33.204654346338124,131,2022-09-01
58864,2023-07-21,23/24,631,244,Chelsea,Marseille,0.0,4000000.0,Pierre-Emerick Aubameyang,1989-06-18,Gabon,Attack,34.08898015058179,131,2023-07-21
58864,2024-07-18,24/25,244,26069,Marseille,Al-Qadsiah,9000000.0,5000000.0,Pierre-Emerick Aubameyang,1989-06-18,Gabon,Attack,35.082819986310746,131,2024-07-18
58864,2025-07-31,25/26,26069,244,Al-Qadsiah,Marseille,0.0,3500000.0,Pierre-Emerick Aubameyang,1989-06-18,Gabon,Attack,36.11772758384668,131,2025-07-31
88755,2012-01-31,11/12,1184,631,Genk,Chelsea,8000000.0,9000000.0,Kevin De Bruyne,1991-06-28,Belgium,Midfield,20.594113620807665,132,2012-01-31
88755,2012-02-01,11/12,631,1184,Chelsea,Genk,0.0,9000000.0,Kevin De Bruyne,1991-06-28,Belgium,Midfield,20.5968514715948,132,2012-02-01
88755,2012-06-30,11/12,1184,631,Genk,Chelsea,0.0,9000000.0,Kevin De Bruyne,1991-06-28,Belgium,Midfield,21.00752908966461,132,2012-06-30
88755,2012-08-02,12/13,631,86,Chelsea,Werder Bremen,0.0,9000000.0,Kevin De Bruyne,1991-06-28,Belgium,Midfield,21.097878165639973,132,2012-08-02
88755,2013-06-30,12/13,86,631,Werder Bremen,Chelsea,0.0,10000000.0,Kevin De Bruyne,1991-06-28,Belgium,Midfield,22.00684462696783,132,2013-06-30
88755,2014-01-18,13/14,631,82,Chelsea,Wolfsburg,22000000.0,15000000.0,Kevin De Bruyne,1991-06-28,Belgium,Midfield,22.559890485968516,132,2014-01-18
88755,2015-08-30,15/16,82,281,Wolfsburg,Manchester City,76000000.0,45000000.0,Kevin De Bruyne,1991-06-28,Belgium,Midfield,24.17248459958932,132,2015-08-30
88755,2025-07-01,25/26,281,6195,Manchester City,Napoli,0.0,20000000.0,Kevin De Bruyne,1991-06-28,Belgium,Midfield,34.00958247775496,132,2025-07-01
608172,2024-07-01,24/25,434,2282,FC Luzern,Club Brugge,6000000.0,6000000.0,Ardon Jashari,2002-07-30,Switzerland,Midfield,21.921971252566735,133,2024-07-01
608172,2025-08-06,25/26,2282,5,Club Brugge,AC Milan,36000000.0,32000000.0,Ardon Jashari,2002-07-30,Switzerland,Midfield,23.019849418206707,133,2025-08-06
626724,2020-01-01,19/20,2462,1010,Fluminense,Watford,11500000.0,20000000.0,João Pedro,2001-09-26,Brazil,Attack,18.26420260095825,134,2020-01-01
626724,2023-07-01,23/24,1010,1237,Watford,Brighton,34200000.0,32000000.0,João Pedro,2001-09-26,Brazil,Attack,21.760438056125942,134,2023-07-01
626724,2025-07-02,25/26,1237,631,Brighton,Chelsea,63700000.0,50000000.0,João Pedro,2001-09-26,Brazil,Attack,23.76454483230664,134,2025-07-02
99343,2011-07-01,11/12,142,621,Real Zaragoza,Athletic Club,7500000.0,7500000.0,Ander Herrera,1989-08-14,Spain,Midfield,21.87816563997262,135,2011-07-01
99343,2014-07-01,14/15,621,985,Athletic Club,Manchester United,36000000.0,20000000.0,Ander Herrera,1989-08-14,Spain,Midfield,24.878850102669404,135,2014-07-01
99343,2019-07-04,19/20,985,583,Manchester United,Paris Saint-Germain,0.0,25000000.0,Ander Herrera,1989-08-14,Spain,Midfield,29.88637919233402,135,2019-07-04
99343,2022-08-27,22/23,583,621,Paris Saint-Germain,Athletic Club,0.0,10000000.0,Ander Herrera,1989-08-14,Spain,Midfield,33.034907597535934,135,2022-08-27
99343,2023-01-30,22/23,621,583,Athletic Club,Paris Saint-Germain,0.0,4000000.0,Ander Herrera,1989-08-14,Spain,Midfield,33.46201232032854,135,2023-01-30
99343,2023-01-31,22/23,583,621,Paris Saint-Germain,Athletic Club,0.0,4000000.0,Ander Herrera,1989-08-14,Spain,Midfield,33.464750171115675,135,2023-01-31
99343,2025-01-17,24/25,621,189,Athletic Club,Boca Juniors,400000.0,1500000.0,Ander Herrera,1989-08-14,Spain,Midfield,35.42778918548939,135,2025-01-17
548111,2021-08-19,21/22,1050,12321,Villarreal,Girona,0.0,2500000.0,Álex Baena,2001-07-20,Spain,Attack,20.082135523613964,136,2021-08-19
548111,2022-06-30,21/22,12321,1050,Girona,Villarreal,0.0,3000000.0,Álex Baena,2001-07-20,Spain,Attack,20.944558521560573,136,2022-06-30
548111,2025-07-02,25/26,1050,13,Villarreal,Atletico Madrid,42000000.0,55000000.0,Álex Baena,2001-07-20,Spain,Attack,23.95071868583162,136,2025-07-02
463600,2021-07-09,21/22,1082,1423,Lille,Valenciennes FC,0.0,500000.0,Lucas Chevalier,2001-11-06,France,Goalkeeper,19.67145790554415,137,2021-07-09
463600,2022-06-30,21/22,1423,1082,Valenciennes FC,Lille,0.0,2500000.0,Lucas Chevalier,2001-11-06,France,Goalkeeper,20.646132785763175,137,2022-06-30
463600,2025-08-09,25/26,1082,583,Lille,Paris Saint-Germain,40000000.0,30000000.0,Lucas Chevalier,2001-11-06,France,Goalkeeper,23.756331279945243,137,2025-08-09
341092,2020-10-05,20/21,430,506,Fiorentina,Juventus,0.0,48000000.0,Federico Chiesa,1997-10-25,Italy,Attack,22.94592744695414,138,2020-10-05
341092,2022-06-30,21/22,506,430,Juventus,Fiorentina,0.0,65000000.0,Federico Chiesa,1997-10-25,Italy,Attack,24.67898699520876,138,2022-06-30
341092,2022-07-01,22/23,430,506,Fiorentina,Juventus,44600000.0,65000000.0,Federico Chiesa,1997-10-25,Italy,Attack,24.681724845995895,138,2022-07-01
341092,2024-08-29,24/25,506,31,Juventus,Liverpool,12000000.0,35000000.0,Federico Chiesa,1997-10-25,Italy,Attack,26.844626967830255,138,2024-08-29
363205,2017-01-01,16/17,1023,281,Palmeiras,Manchester City,32000000.0,16000000.0,Gabriel Jesus,1997-04-03,Brazil,Attack,19.748117727583846,139,2017-01-01
363205,2022-07-04,22/23,281,11,Manchester City,Arsenal,52200000.0,50000000.0,Gabriel Jesus,1997-04-03,Brazil,Attack,25.251197809719372,139,2022-07-04
127189,2012-07-24,12/13,826,368,Lens,Sevilla FC,4000000.0,3000000.0,Geoffrey Kondogbia,1993-02-15,Central African Republic,Midfield,19.43600273785079,140,2012-07-24
127189,2013-08-30,13/14,368,162,Sevilla FC,Monaco,20000000.0,15000000.0,Geoffrey Kondogbia,1993-02-15,Central African Republic,Midfield,20.536618754277892,140,2013-08-30
127189,2015-07-01,15/16,162,46,Monaco,Inter,36000000.0,16000000.0,Geoffrey Kondogbia,1993-02-15,Central African Republic,Midfield,22.3709787816564,140,2015-07-01
127189,2017-08-21,17/18,46,1049,Inter,Valencia,0.0,18000000.0,Geoffrey Kondogbia,1993-02-15,Central African Republic,Midfield,24.511978097193705,140,2017-08-21
127189,2018-06-30,17/18,1049,46,Valencia,Inter,0.0,30000000.0,Geoffrey Kondogbia,1993-02-15,Central African Republic,Midfield,25.36892539356605,140,2018-06-30
127189,2018-07-01,18/19,46,1049,Inter,Valencia,22000000.0,30000000.0,Geoffrey Kondogbia,1993-02-15,Central African Republic,Midfield,25.371663244353183,140,2018-07-01
127189,2020-11-03,20/21,1049,13,Valencia,Atletico Madrid,16000000.0,17500000.0,Geoffrey Kondogbia,1993-02-15,Central African Republic,Midfield,27.71526351813826,140,2020-11-03
127189,2023-07-01,23/24,13,244,Atletico Madrid,Marseille,8000000.0,14000000.0,Geoffrey Kondogbia,1993-02-15,Central African Republic,Midfield,30.3709787816564,140,2023-07-01
730861,2021-02-01,20/21,6055,10958,ETO FC,Milan,200000.0,200000.0,Milos Kerkez,2003-11-07,Hungary,Defender,17.23750855578371,141,2021-02-01
730861,2022-01-29,21/22,10958,1090,Milan,AZ Alkmaar,2700000.0,300000.0,Milos Kerkez,2003-11-07,Hungary,Defender,18.22861054072553,141,2022-01-29
730861,2023-07-20,23/24,1090,989,AZ Alkmaar,Bournemouth,20470000.0,15000000.0,Milos Kerkez,2003-11-07,Hungary,Defender,19.698836413415467,141,2023-07-20
730861,2025-07-01,25/26,989,31,Bournemouth,Liverpool,46900000.0,45000000.0,Milos Kerkez,2003-11-07,Hungary,Defender,21.648186173853524,141,2025-07-01
344695,2017-01-13,16/17,409,23826,Salzburg,Leipzig,18500000.0,5000000.0,Dayot Upamecano,1998-10-27,France,Defender,18.21492128678987,142,2017-01-13
344695,2021-07-05,21/22,23826,27,Leipzig,Bayern Munich,42500000.0,60000000.0,Dayot Upamecano,1998-10-27,France,Defender,22.688569472963724,142,2021-07-05
709726,2021-01-29,20/21,11204,443,Stade Reims,Vejle BK,0.0,400000.0,Hugo Ekitiké,2002-06-20,France,Attack,18.611909650924023,143,2021-01-29
709726,2021-06-30,20/21,443,11204,Vejle BK,Stade Reims,0.0,600000.0,Hugo Ekitiké,2002-06-20,France,Attack,19.028062970568104,143,2021-06-30
709726,2022-07-16,22/23,1421,583,Stade Reims,Paris Saint-Germain,0.0,28000000.0,Hugo Ekitiké,2002-06-20,France,Attack,20.071184120465436,143,2022-07-16
709726,2023-06-30,22/23,583,1421,Paris Saint-Germain,Stade Reims,0.0,20000000.0,Hugo Ekitiké,2002-06-20,France,Attack,21.026694045174537,143,2023-06-30
709726,2023-07-01,23/24,1421,583,Stade Reims,Paris Saint-Germain,28500000.0,20000000.0,Hugo Ekitiké,2002-06-20,France,Attack,21.02943189596167,143,2023-07-01
709726,2024-02-01,23/24,583,24,Paris Saint-Germain,Frankfurt,0.0,15000000.0,Hugo Ekitiké,2002-06-20,France,Attack,21.61806981519507,143,2024-02-01
709726,2024-06-30,23/24,24,583,Frankfurt,Paris Saint-Germain,0.0,20000000.0,Hugo Ekitiké,2002-06-20,France,Attack,22.028747433264886,143,2024-06-30
709726,2024-07-01,24/25,583,24,Paris Saint-Germain,Frankfurt,31500000.0,20000000.0,Hugo Ekitiké,2002-06-20,France,Attack,22.031485284052017,143,2024-07-01
709726,2025-07-23,25/26,24,31,Frankfurt,Liverpool,95000000.0,75000000.0,Hugo Ekitiké,2002-06-20,France,Attack,23.091033538672143,143,2025-07-23
341429,2016-07-28,16/17,8172,610,Atl. Nacional,Ajax,5500000.0,550000.0,Davinson Sánchez,1996-06-12,Colombia,Defender,20.125941136208077,144,2016-07-28
341429,2017-08-23,17/18,610,148,Ajax,Tottenham Hotspur,42000000.0,25000000.0,Davinson Sánchez,1996-06-12,Colombia,Defender,21.196440793976727,144,2017-08-23
341429,2023-09-04,23/24,148,141,Tottenham Hotspur,Galatasaray,9500000.0,15000000.0,Davinson Sánchez,1996-06-12,Colombia,Defender,27.227926078028748,144,2023-09-04
616341,2021-08-31,21/22,336,583,Sporting,Paris Saint-Germain,0.0,40000000.0,Nuno Mendes,2002-06-19,Portugal,Defender,19.200547570157426,145,2021-08-31
616341,2022-06-30,21/22,583,336,Paris Saint-Germain,Sporting,0.0,40000000.0,Nuno Mendes,2002-06-19,Portugal,Defender,20.030116358658454,145,2022-06-30
616341,2022-07-01,22/23,336,583,Sporting,Paris Saint-Germain,38000000.0,40000000.0,Nuno Mendes,2002-06-19,Portugal,Defender,20.032854209445585,145,2022-07-01
525247,2015-07-01,15/16,7454,61392,Welling Utd.,Maidenhead,0.0,0.0,Maximilian Kilman,1997-05-23,England,Defender,18.105407255304584,146,2015-07-01
525247,2016-08-01,16/17,7123,43407,Maidenhead Utd.,Marlow,0.0,0.0,Maximilian Kilman,1997-05-23,England,Defender,19.19233401779603,146,2016-08-01
525247,2017-05-01,16/17,43407,7123,Marlow,Maidenhead Utd.,0.0,0.0,Maximilian Kilman,1997-05-23,England,Defender,19.939767282683093,146,2017-05-01
525247,2018-08-09,18/19,7123,543,Maidenhead Utd.,Wolves,4750000.0,0.0,Maximilian Kilman,1997-05-23,England,Defender,21.21286789869952,146,2018-08-09
525247,2024-07-06,24/25,543,379,Wolves,West Ham,47500000.0,32000000.0,Maximilian Kilman,1997-05-23,England,Defender,27.121149897330596,146,2024-07-06
316264,2017-01-09,16/17,418,306,Real Madrid,Heerenveen,0.0,2000000.0,Martin Ødegaard,1998-12-17,Norway,Midfield,18.064339493497606,147,2017-01-09
316264,2018-06-30,17/18,306,418,Heerenveen,Real Madrid,0.0,4000000.0,Martin Ødegaard,1998-12-17,Norway,Midfield,19.534565366187543,147,2018-06-30
316264,2018-08-21,18/19,418,499,Real Madrid,Vitesse,0.0,4000000.0,Martin Ødegaard,1998-12-17,Norway,Midfield,19.67693360711841,147,2018-08-21
316264,2019-06-30,18/19,499,418,Vitesse,Real Madrid,0.0,15000000.0,Martin Ødegaard,1998-12-17,Norway,Midfield,20.53388090349076,147,2019-06-30
316264,2019-07-05,19/20,418,681,Real Madrid,Real Sociedad,0.0,15000000.0,Martin Ødegaard,1998-12-17,Norway,Midfield,20.54757015742642,147,2019-07-05
316264,2020-07-20,20/21,681,418,Real Sociedad,Real Madrid,0.0,45000000.0,Martin Ødegaard,1998-12-17,Norway,Midfield,21.590691307323752,147,2020-07-20
316264,2021-01-27,20/21,418,11,Real Madrid,Arsenal,0.0,40000000.0,Martin Ødegaard,1998-12-17,Norway,Midfield,22.11362080766598,147,2021-01-27
316264,2021-06-30,20/21,11,418,Arsenal,Real Madrid,0.0,40000000.0,Martin Ødegaard,1998-12-17,Norway,Midfield,22.535249828884325,147,2021-06-30
316264,2021-08-20,21/22,418,11,Real Madrid,Arsenal,35000000.0,40000000.0,Martin Ødegaard,1998-12-17,Norway,Midfield,22.67488021902806,147,2021-08-20
470607,2020-09-25,20/21,703,1198,Nott'm Forest,Lincoln City,0.0,0.0,Brennan Johnson,2001-05-23,Wales,Attack,19.342915811088297,148,2020-09-25
470607,2021-05-31,20/21,1198,703,Lincoln City,Nott'm Forest,0.0,0.0,Brennan Johnson,2001-05-23,Wales,Attack,20.021902806297057,148,2021-05-31
470607,2023-09-01,23/24,703,148,Nott'm Forest,Tottenham Hotspur,55000000.0,38000000.0,Brennan Johnson,2001-05-23,Wales,Attack,22.275154004106778,148,2023-09-01
470607,2026-01-02,25/26,148,873,Tottenham Hotspur,Crystal Palace,40000000.0,35000000.0,Brennan Johnson,2001-05-23,Wales,Attack,24.61327857631759,148,2026-01-02
204069,2013-02-27,12/13,1443,12005,MSK Zilina,FC ViOn,0.0,100000.0,Milan Škriniar,1995-02-11,Slovakia,Defender,18.04517453798768,149,2013-02-27
204069,2013-06-30,12/13,12005,1443,FC ViOn,MSK Zilina,0.0,100000.0,Milan Škriniar,1995-02-11,Slovakia,Defender,18.38193018480493,149,2013-06-30
204069,2016-01-29,15/16,1443,1038,MSK Zilina,Sampdoria,5200000.0,600000.0,Milan Škriniar,1995-02-11,Slovakia,Defender,20.9637234770705,149,2016-01-29
204069,2017-07-07,17/18,1038,46,Sampdoria,Inter,34000000.0,7000000.0,Milan Škriniar,1995-02-11,Slovakia,Defender,22.401095140314855,149,2017-07-07
204069,2023-07-06,23/24,46,583,Inter,Paris Saint-Germain,0.0,50000000.0,Milan Škriniar,1995-02-11,Slovakia,Defender,28.396988364134156,149,2023-07-06
204069,2025-01-30,24/25,583,36,Paris Saint-Germain,Fenerbahçe,0.0,15000000.0,Milan Škriniar,1995-02-11,Slovakia,Defender,29.968514715947983,149,2025-01-30
204069,2025-06-30,24/25,36,583,Fenerbahçe,Paris Saint-Germain,0.0,15000000.0,Milan Škriniar,1995-02-11,Slovakia,Defender,30.38193018480493,149,2025-06-30
204069,2025-07-30,25/26,583,36,Paris Saint-Germain,Fenerbahçe,6000000.0,15000000.0,Milan Škriniar,1995-02-11,Slovakia,Defender,30.46406570841889,149,2025-07-30
880245,2023-08-29,23/24,336,1465,Sporting,Estoril,0.0,1500000.0,Mateus Fernandes,2004-07-10,Portugal,Midfield,19.134839151266256,150,2023-08-29
880245,2024-06-30,23/24,1465,336,Estoril,Sporting,0.0,8000000.0,Mateus Fernandes,2004-07-10,Portugal,Midfield,19.972621492128678,150,2024-06-30
880245,2024-08-20,24/25,336,180,Sporting,Southampton,15000000.0,8000000.0,Mateus Fernandes,2004-07-10,Portugal,Midfield,20.112251882272417,150,2024-08-20
880245,2025-08-29,25/26,180,379,Southampton,West Ham,44000000.0,15000000.0,Mateus Fernandes,2004-07-10,Portugal,Midfield,21.136208076659823,150,2025-08-29
176553,2018-01-30,17/18,621,281,Athletic Club,Manchester City,65000000.0,25000000.0,Aymeric Laporte,1994-05-27,Spain,Defender,23.679671457905545,151,2018-01-30
176553,2023-08-24,23/24,281,18544,Manchester City,Al-Nassr,27500000.0,25000000.0,Aymeric Laporte,1994-05-27,Spain,Defender,29.242984257357975,151,2023-08-24
176553,2025-09-01,25/26,18544,621,Al-Nassr,Athletic Club,10000000.0,15000000.0,Aymeric Laporte,1994-05-27,Spain,Defender,31.266255989048595,151,2025-09-01
39152,2009-07-15,09/10,209,720,River Plate,Porto,5430000.0,6500000.0,Radamel Falcao,1986-02-10,Colombia,Attack,23.42505133470226,152,2009-07-15
39152,2011-08-18,11/12,720,13,Porto,Atletico Madrid,40000000.0,25000000.0,Radamel Falcao,1986-02-10,Colombia,Attack,25.516769336071185,152,2011-08-18
39152,2013-07-01,13/14,13,162,Atletico Madrid,Monaco,43000000.0,60000000.0,Radamel Falcao,1986-02-10,Colombia,Attack,27.38672142368241,152,2013-07-01
39152,2014-09-01,14/15,162,985,Monaco,Manchester United,0.0,55000000.0,Radamel Falcao,1986-02-10,Colombia,Attack,28.555783709787818,152,2014-09-01
39152,2015-06-30,14/15,985,162,Manchester United,Monaco,0.0,45000000.0,Radamel Falcao,1986-02-10,Colombia,Attack,29.38261464750171,152,2015-06-30
39152,2015-07-03,15/16,162,631,Monaco,Chelsea,0.0,35000000.0,Radamel Falcao,1986-02-10,Colombia,Attack,29.39082819986311,152,2015-07-03
39152,2016-06-30,15/16,631,162,Chelsea,Monaco,0.0,23000000.0,Radamel Falcao,1986-02-10,Colombia,Attack,30.38466803559206,152,2016-06-30
39152,2019-09-02,19/20,162,141,Monaco,Galatasaray,0.0,10000000.0,Radamel Falcao,1986-02-10,Colombia,Attack,33.55783709787816,152,2019-09-02
39152,2021-09-04,21/22,141,367,Galatasaray,Rayo Vallecano,0.0,2200000.0,Radamel Falcao,1986-02-10,Colombia,Attack,35.564681724846,152,2021-09-04
39152,2024-07-01,24/25,367,2350,Rayo Vallecano,Millonarios,0.0,800000.0,Radamel Falcao,1986-02-10,Colombia,Attack,38.38740588637919,152,2024-07-01
450936,2014-07-01,14/15,12749,16671,EA Guingamp,Amiens SC,0.0,0.0,Tanguy Ndombélé,1996-12-28,France,Midfield,17.505817932922657,153,2014-07-01
450936,2017-08-31,17/18,1416,1041,Amiens SC,Lyon,0.0,1000000.0,Tanguy Ndombélé,1996-12-28,France,Midfield,20.673511293634498,153,2017-08-31
450936,2018-06-30,17/18,1041,1416,Lyon,Amiens SC,0.0,25000000.0,Tanguy Ndombélé,1996-12-28,France,Midfield,21.503080082135522,153,2018-06-30
450936,2018-07-01,18/19,1416,1041,Amiens SC,Lyon,8000000.0,25000000.0,Tanguy Ndombélé,1996-12-28,France,Midfield,21.505817932922657,153,2018-07-01
450936,2019-07-02,19/20,1041,148,Lyon,Tottenham Hotspur,62000000.0,65000000.0,Tanguy Ndombélé,1996-12-28,France,Midfield,22.507871321013006,153,2019-07-02
450936,2022-01-31,21/22,148,1041,Tottenham Hotspur,Lyon,0.0,38000000.0,Tanguy Ndombélé,1996-12-28,France,Midfield,25.09240246406571,153,2022-01-31
450936,2022-06-30,21/22,1041,148,Lyon,Tottenham Hotspur,0.0,30000000.0,Tanguy Ndombélé,1996-12-28,France,Midfield,25.503080082135522,153,2022-06-30
450936,2022-08-19,22/23,148,6195,Tottenham Hotspur,Napoli,0.0,30000000.0,Tanguy Ndombélé,1996-12-28,France,Midfield,25.639972621492127,153,2022-08-19
450936,2023-06-30,22/23,6195,148,Napoli,Tottenham Hotspur,0.0,22000000.0,Tanguy Ndombélé,1996-12-28,France,Midfield,26.50239561943874,153,2023-06-30
450936,2023-09-04,23/24,148,141,Tottenham Hotspur,Galatasaray,0.0,22000000.0,Tanguy Ndombélé,1996-12-28,France,Midfield,26.68309377138946,153,2023-09-04
450936,2024-06-30,23/24,141,148,Galatasaray,Tottenham Hotspur,0.0,8000000.0,Tanguy Ndombélé,1996-12-28,France,Midfield,27.50444900752909,153,2024-06-30
450936,2024-07-04,24/25,148,417,Tottenham Hotspur,Nice,0.0,8000000.0,Tanguy Ndombélé,1996-12-28,France,Midfield,27.515400410677618,153,2024-07-04
44352,2006-07-11,06/07,866,202,Nacional,FC Groningen,800000.0,0.0,Luis Suárez,1987-01-24,Uruguay,Attack,19.460643394934976,154,2006-07-11
44352,2007-08-09,07/08,202,610,FC Groningen,Ajax,7500000.0,1000000.0,Luis Suárez,1987-01-24,Uruguay,Attack,20.539356605065024,154,2007-08-09
44352,2011-01-31,10/11,610,31,Ajax,Liverpool,26500000.0,25000000.0,Luis Suárez,1987-01-24,Uruguay,Attack,24.019164955509925,154,2011-01-31
44352,2014-07-11,14/15,31,131,Liverpool,Barcelona,81720000.0,52000000.0,Luis Suárez,1987-01-24,Uruguay,Attack,27.460643394934976,154,2014-07-11
44352,2020-07-01,20/21,131,13,Barcelona,Atletico Madrid,9000000.0,28000000.0,Luis Suárez,1987-01-24,Uruguay,Attack,33.43463381245722,154,2020-07-01
44352,2023-01-01,22/23,866,210,Nacional,Grêmio,0.0,4000000.0,Luis Suárez,1987-01-24,Uruguay,Attack,35.937029431895965,154,2023-01-01
44352,2024-01-01,23/24,210,69261,Grêmio,Miami,0.0,4000000.0,Luis Suárez,1987-01-24,Uruguay,Attack,36.936344969199176,154,2024-01-01
249565,2017-07-01,17/18,58,162,RSC Anderlecht,Monaco,25000000.0,22000000.0,Youri Tielemans,1997-05-07,Belgium,Midfield,20.150581793292265,155,2017-07-01
249565,2019-01-31,18/19,162,1003,Monaco,Leicester,0.0,18000000.0,Youri Tielemans,1997-05-07,Belgium,Midfield,21.73579739904175,155,2019-01-31
249565,2019-06-30,18/19,1003,162,Leicester,Monaco,0.0,38000000.0,Youri Tielemans,1997-05-07,Belgium,Midfield,22.146475017111566,155,2019-06-30
249565,2019-07-08,19/20,162,1003,Monaco,Leicester,45000000.0,38000000.0,Youri Tielemans,1997-05-07,Belgium,Midfield,22.168377823408623,155,2019-07-08
249565,2023-07-01,23/24,1003,405,Leicester,Aston Villa,0.0,25000000.0,Youri Tielemans,1997-05-07,Belgium,Midfield,26.1492128678987,155,2023-07-01
398073,2018-07-11,18/19,418,16,Real Madrid,Borussia Dortmund,0.0,5000000.0,Achraf Hakimi,1998-11-04,Morocco,Defender,19.682409308692677,156,2018-07-11
398073,2020-06-30,19/20,16,418,Borussia Dortmund,Real Madrid,0.0,54000000.0,Achraf Hakimi,1998-11-04,Morocco,Defender,21.65366187542779,156,2020-06-30
398073,2020-09-01,20/21,418,46,Real Madrid,Inter,43000000.0,54000000.0,Achraf Hakimi,1998-11-04,Morocco,Defender,21.82614647501711,156,2020-09-01
398073,2021-07-06,21/22,46,583,Inter,Paris Saint-Germain,68000000.0,60000000.0,Achraf Hakimi,1998-11-04,Morocco,Defender,22.6694045174538,156,2021-07-06
401356,2019-07-22,19/20,3631,610,América,Ajax,15000000.0,7500000.0,Edson Álvarez,1997-10-24,Mexico,Midfield,21.741273100616016,157,2019-07-22
401356,2023-08-10,23/24,610,379,Ajax,West Ham,38000000.0,35000000.0,Edson Álvarez,1997-10-24,Mexico,Midfield,25.793292265571527,157,2023-08-10
401356,2025-08-22,25/26,379,36,West Ham,Fenerbahçe,0.0,25000000.0,Edson Álvarez,1997-10-24,Mexico,Midfield,27.82751540041068,157,2025-08-22
401356,2026-06-30,25/26,36,379,Fenerbahçe,West Ham,0.0,15000000.0,Edson Álvarez,1997-10-24,Mexico,Midfield,28.681724845995895,157,2026-06-30
171424,2009-07-01,09/10,73865,23375,AAS Sarcelles,Quimper FC,0.0,0.0,Riyad Mahrez,1991-02-21,Algeria,Attack,18.357289527720738,158,2009-07-01
171424,2010-07-01,10/11,23375,15439,Quimper FC,Le Havre,0.0,0.0,Riyad Mahrez,1991-02-21,Algeria,Attack,19.356605065023956,158,2010-07-01
171424,2014-01-11,13/14,738,1003,Le Havre AC,Leicester,500000.0,750000.0,Riyad Mahrez,1991-02-21,Algeria,Attack,22.888432580424368,158,2014-01-11
171424,2018-07-10,18/19,1003,281,Leicester,Manchester City,67800000.0,50000000.0,Riyad Mahrez,1991-02-21,Algeria,Attack,27.381245722108144,158,2018-07-10
171424,2023-07-28,23/24,281,18487,Manchester City,Al-Ahli,35000000.0,20000000.0,Riyad Mahrez,1991-02-21,Algeria,Attack,32.42984257357974,158,2023-07-28
763079,2022-03-17,21/22,85976,27204,Bunyodkor,Energetik-BGU,800000.0,0.0,Abdukodir Khusanov,2004-02-29,Uzbekistan,Defender,18.04517453798768,159,2022-03-17
763079,2023-07-24,23/24,27204,826,Energetik-BGU,Lens,450000.0,400000.0,Abdukodir Khusanov,2004-02-29,Uzbekistan,Defender,19.397672826830938,159,2023-07-24
763079,2025-01-20,24/25,826,281,Lens,Manchester City,40000000.0,12000000.0,Abdukodir Khusanov,2004-02-29,Uzbekistan,Defender,20.892539356605067,159,2025-01-20
398065,2017-01-20,16/17,39341,991,Leicester,MK Dons,0.0,0.0,Harvey Barnes,1997-12-09,England,Attack,19.11567419575633,160,2017-01-20
398065,2017-05-01,16/17,991,39341,MK Dons,Leicester,0.0,100000.0,Harvey Barnes,1997-12-09,England,Attack,19.392197125256672,160,2017-05-01
398065,2017-08-11,17/18,39341,349,Leicester,Barnsley,0.0,100000.0,Harvey Barnes,1997-12-09,England,Attack,19.67145790554415,160,2017-08-11
398065,2018-01-01,17/18,349,39341,Barnsley,Leicester,0.0,250000.0,Harvey Barnes,1997-12-09,England,Attack,20.06297056810404,160,2018-01-01
398065,2018-07-24,18/19,1003,984,Leicester,West Brom,0.0,250000.0,Harvey Barnes,1997-12-09,England,Attack,20.621492128678987,160,2018-07-24
398065,2019-01-11,18/19,984,1003,West Brom,Leicester,0.0,1500000.0,Harvey Barnes,1997-12-09,England,Attack,21.089664613278575,160,2019-01-11
398065,2023-07-23,23/24,1003,762,Leicester,Newcastle,44000000.0,35000000.0,Harvey Barnes,1997-12-09,England,Attack,25.61806981519507,160,2023-07-23
487465,2017-08-31,17/18,1075,398,Braga,Lazio,0.0,250000.0,Pedro Neto,2000-03-09,Portugal,Attack,17.478439425051334,161,2017-08-31
487465,2019-06-30,18/19,398,1075,Lazio,Braga,0.0,2500000.0,Pedro Neto,2000-03-09,Portugal,Attack,19.307323750855577,161,2019-06-30
487465,2019-07-01,19/20,1075,398,Braga,Lazio,11000000.0,2500000.0,Pedro Neto,2000-03-09,Portugal,Attack,19.310061601642712,161,2019-07-01
487465,2019-08-02,19/20,398,543,Lazio,Wolves,17900000.0,2500000.0,Pedro Neto,2000-03-09,Portugal,Attack,19.397672826830938,161,2019-08-02
487465,2024-08-11,24/25,543,631,Wolves,Chelsea,60000000.0,55000000.0,Pedro Neto,2000-03-09,Portugal,Attack,24.424366872005475,161,2024-08-11
74842,2013-07-01,13/14,16,27,Borussia Dortmund,Bayern Munich,37000000.0,45000000.0,Mario Götze,1992-06-03,Germany,Midfield,21.075975359342916,162,2013-07-01
74842,2016-07-21,16/17,27,16,Bayern Munich,Borussia Dortmund,22000000.0,35000000.0,Mario Götze,1992-06-03,Germany,Midfield,24.13141683778234,162,2016-07-21
74842,2020-10-06,20/21,16,383,Borussia Dortmund,PSV,0.0,10500000.0,Mario Götze,1992-06-03,Germany,Midfield,28.34223134839151,162,2020-10-06
74842,2022-07-01,22/23,383,24,PSV,Frankfurt,3000000.0,10000000.0,Mario Götze,1992-06-03,Germany,Midfield,30.075290896646134,162,2022-07-01
445939,2021-01-05,20/21,82,35,Wolfsburg,St. Pauli,0.0,400000.0,Omar Marmoush,1999-02-07,Egypt,Attack,21.911019849418206,163,2021-01-05
445939,2021-06-30,20/21,35,82,St. Pauli,Wolfsburg,0.0,2000000.0,Omar Marmoush,1999-02-07,Egypt,Attack,22.392881587953458,163,2021-06-30
445939,2021-08-30,21/22,82,79,Wolfsburg,Stuttgart,0.0,2000000.0,Omar Marmoush,1999-02-07,Egypt,Attack,22.559890485968516,163,2021-08-30
445939,2022-06-30,21/22,79,82,Stuttgart,Wolfsburg,0.0,6000000.0,Omar Marmoush,1999-02-07,Egypt,Attack,23.392197125256672,163,2022-06-30
445939,2023-07-01,23/24,82,24,Wolfsburg,Frankfurt,0.0,6000000.0,Omar Marmoush,1999-02-07,Egypt,Attack,24.39425051334702,163,2023-07-01
445939,2025-01-23,24/25,24,281,Frankfurt,Manchester City,75000000.0,60000000.0,Omar Marmoush,1999-02-07,Egypt,Attack,25.960301163586585,163,2025-01-23
357498,2018-07-01,18/19,669,430,Partizan,Fiorentina,3200000.0,1000000.0,Dušan Vlahović,2000-01-28,Serbia,Attack,18.42299794661191,164,2018-07-01
357498,2022-01-28,21/22,430,506,Fiorentina,Juventus,85400000.0,70000000.0,Dušan Vlahović,2000-01-28,Serbia,Attack,22.001368925393567,164,2022-01-28
411975,2019-07-03,19/20,40,368,G. Bordeaux,Sevilla FC,35000000.0,15000000.0,Jules Koundé,1998-11-12,France,Defender,20.637919233401778,165,2019-07-03
411975,2022-07-28,22/23,368,131,Sevilla FC,Barcelona,50000000.0,60000000.0,Jules Koundé,1998-11-12,France,Defender,23.707049965776864,165,2022-07-28
395516,2018-01-31,17/18,8512,4083,Paris Saint-Germain,Crotone,0.0,0.0,Moussa Diaby,1999-07-07,France,Attack,18.570841889117045,166,2018-01-31
395516,2018-06-30,17/18,4083,8512,Crotone,Paris Saint-Germain,0.0,500000.0,Moussa Diaby,1999-07-07,France,Attack,18.981519507186857,166,2018-06-30
395516,2019-07-01,19/20,583,15,Paris Saint-Germain,Bayer Leverkusen,15000000.0,12000000.0,Moussa Diaby,1999-07-07,France,Attack,19.983572895277206,166,2019-07-01
395516,2023-07-22,23/24,15,405,Bayer Leverkusen,Aston Villa,55000000.0,50000000.0,Moussa Diaby,1999-07-07,France,Attack,24.041067761806982,166,2023-07-22
395516,2024-07-24,24/25,405,8023,Aston Villa,Al-Ittihad,60000000.0,55000000.0,Moussa Diaby,1999-07-07,France,Attack,25.048596851471594,166,2024-07-24
480762,2017-08-11,17/18,14836,2402,Newell's,Defensa,0.0,0.0,Lisandro Martínez,1998-01-18,Argentina,Defender,19.561943874058862,167,2017-08-11
480762,2018-06-30,17/18,2402,14836,Defensa,Newell's,0.0,2000000.0,Lisandro Martínez,1998-01-18,Argentina,Defender,20.44626967830253,167,2018-06-30
480762,2018-07-01,18/19,14836,2402,Newell's,Defensa,725000.0,2000000.0,Lisandro Martínez,1998-01-18,Argentina,Defender,20.449007529089666,167,2018-07-01
480762,2019-07-01,19/20,2402,610,Defensa,Ajax,7000000.0,6000000.0,Lisandro Martínez,1998-01-18,Argentina,Defender,21.44832306639288,167,2019-07-01
480762,2022-07-27,22/23,610,985,Ajax,Manchester United,57370000.0,32000000.0,Lisandro Martínez,1998-01-18,Argentina,Defender,24.520191649555098,167,2022-07-27
485706,2020-07-01,20/21,8925,41,Hoffenheim,Hamburg,0.0,0.0,Amadou Onana,2001-08-16,Belgium,Midfield,18.874743326488705,168,2020-07-01
485706,2021-08-05,21/22,41,1082,Hamburg,Lille,13570000.0,3000000.0,Amadou Onana,2001-08-16,Belgium,Midfield,19.969883641341546,168,2021-08-05
485706,2022-08-09,22/23,1082,29,Lille,Everton,39870000.0,10000000.0,Amadou Onana,2001-08-16,Belgium,Midfield,20.980150581793293,168,2022-08-09
485706,2024-07-22,24/25,29,405,Everton,Aston Villa,59350000.0,50000000.0,Amadou Onana,2001-08-16,Belgium,Midfield,22.93223819301848,168,2024-07-22
333241,2015-07-01,15/16,8718,533,Sport Recife,Hoffenheim,2200000.0,1250000.0,Joelinton,1996-08-14,Brazil,Midfield,18.87748117727584,169,2015-07-01
333241,2016-07-01,16/17,533,170,Hoffenheim,Rapid Vienna,0.0,1250000.0,Joelinton,1996-08-14,Brazil,Midfield,19.87953456536619,169,2016-07-01
333241,2018-06-30,17/18,170,533,Rapid Vienna,Hoffenheim,0.0,1250000.0,Joelinton,1996-08-14,Brazil,Midfield,21.87542778918549,169,2018-06-30
333241,2019-07-23,19/20,533,762,Hoffenheim,Newcastle,43500000.0,35000000.0,Joelinton,1996-08-14,Brazil,Midfield,22.937713894592743,169,2019-07-23
534033,2019-01-24,18/19,1030,1237,Argentinos Jrs.,Brighton,8000000.0,5000000.0,Alexis Mac Allister,1998-12-24,Argentina,Midfield,20.084873374401095,170,2019-01-24
534033,2019-01-25,18/19,1237,1030,Brighton,Argentinos Jrs.,0.0,5000000.0,Alexis Mac Allister,1998-12-24,Argentina,Midfield,20.087611225188226,170,2019-01-25
534033,2019-06-30,18/19,1030,1237,Argentinos Jrs.,Brighton,0.0,5000000.0,Alexis Mac Allister,1998-12-24,Argentina,Midfield,20.514715947980836,170,2019-06-30
534033,2019-07-01,19/20,1237,189,Brighton,Boca Juniors,0.0,5000000.0,Alexis Mac Allister,1998-12-24,Argentina,Midfield,20.517453798767967,170,2019-07-01
534033,2020-01-31,19/20,189,1237,Boca Juniors,Brighton,0.0,12500000.0,Alexis Mac Allister,1998-12-24,Argentina,Midfield,21.10335386721424,170,2020-01-31
534033,2023-07-01,23/24,1237,31,Brighton,Liverpool,42000000.0,65000000.0,Alexis Mac Allister,1998-12-24,Argentina,Midfield,24.517453798767967,170,2023-07-01
46001,2013-01-21,12/13,415,762,Toulouse,Newcastle,2000000.0,10000000.0,Moussa Sissoko,1989-08-16,France,Midfield,23.433264887063654,171,2013-01-21
46001,2016-08-31,16/17,762,148,Newcastle,Tottenham Hotspur,35000000.0,13000000.0,Moussa Sissoko,1989-08-16,France,Midfield,27.041752224503764,171,2016-08-31
46001,2021-08-27,21/22,148,1010,Tottenham Hotspur,Watford,3500000.0,10000000.0,Moussa Sissoko,1989-08-16,France,Midfield,32.030116358658454,171,2021-08-27
46001,2022-07-01,22/23,1010,995,Watford,FC Nantes,2000000.0,4500000.0,Moussa Sissoko,1989-08-16,France,Midfield,32.87337440109514,171,2022-07-01
46001,2024-07-10,24/25,995,1010,FC Nantes,Watford,0.0,1200000.0,Moussa Sissoko,1989-08-16,France,Midfield,34.899383983572896,171,2024-07-10
486049,2020-10-05,20/21,58,273,RSC Anderlecht,Stade Rennais,26000000.0,9000000.0,Jérémy Doku,2002-05-27,Belgium,Attack,18.360027378507873,172,2020-10-05
486049,2023-08-24,23/24,273,281,Stade Rennais,Manchester City,60000000.0,28000000.0,Jérémy Doku,2002-05-27,Belgium,Attack,21.242984257357975,172,2023-08-24
451276,2021-01-01,20/21,409,23826,Salzburg,Leipzig,36000000.0,25000000.0,Dominik Szoboszlai,2000-10-25,Hungary,Midfield,20.186173853524984,173,2021-01-01
451276,2023-07-02,23/24,23826,31,Leipzig,Liverpool,70000000.0,50000000.0,Dominik Szoboszlai,2000-10-25,Hungary,Midfield,22.68309377138946,173,2023-07-02
231289,2014-09-01,14/15,6600,720,Internacional,Porto,2500000.0,2000000.0,Otávio,1995-02-09,Portugal,Midfield,19.55920602327173,174,2014-09-01
231289,2015-02-02,14/15,720,2420,Porto,Vit. Guimarães,0.0,4500000.0,Otávio,1995-02-09,Portugal,Midfield,19.980835044490075,174,2015-02-02
231289,2016-06-30,15/16,2420,720,Vit. Guimarães,Porto,0.0,3250000.0,Otávio,1995-02-09,Portugal,Midfield,21.388090349075977,174,2016-06-30
231289,2023-08-22,23/24,720,18544,Porto,Al-Nassr,60000000.0,35000000.0,Otávio,1995-02-09,Portugal,Midfield,28.531143052703626,174,2023-08-22
231289,2025-09-09,25/26,18544,26069,Al-Nassr,Al-Qadsiah,0.0,15000000.0,Otávio,1995-02-09,Portugal,Midfield,30.581793292265573,174,2025-09-09
96341,2011-08-08,11/12,58,631,RSC Anderlecht,Chelsea,15000000.0,15000000.0,Romelu Lukaku,1993-05-13,Belgium,Attack,18.236824093086927,175,2011-08-08
96341,2012-08-10,12/13,631,984,Chelsea,West Brom,0.0,14000000.0,Romelu Lukaku,1993-05-13,Belgium,Attack,19.24435318275154,175,2012-08-10
96341,2013-05-31,12/13,984,631,West Brom,Chelsea,0.0,19000000.0,Romelu Lukaku,1993-05-13,Belgium,Attack,20.04928131416838,175,2013-05-31
96341,2013-09-02,13/14,631,29,Chelsea,Everton,0.0,24000000.0,Romelu Lukaku,1993-05-13,Belgium,Attack,20.306639288158795,175,2013-09-02
96341,2014-05-31,13/14,29,631,Everton,Chelsea,0.0,25000000.0,Romelu Lukaku,1993-05-13,Belgium,Attack,21.048596851471594,175,2014-05-31
96341,2014-07-30,14/15,631,29,Chelsea,Everton,35360000.0,25000000.0,Romelu Lukaku,1993-05-13,Belgium,Attack,21.21286789869952,175,2014-07-30
96341,2017-07-10,17/18,29,985,Everton,Manchester United,84700000.0,50000000.0,Romelu Lukaku,1993-05-13,Belgium,Attack,24.15879534565366,175,2017-07-10
96341,2019-08-08,19/20,985,46,Manchester United,Inter,74000000.0,75000000.0,Romelu Lukaku,1993-05-13,Belgium,Attack,26.236824093086927,175,2019-08-08
96341,2021-08-12,21/22,46,631,Inter,Chelsea,113000000.0,100000000.0,Romelu Lukaku,1993-05-13,Belgium,Attack,28.249144421629023,175,2021-08-12
96341,2022-07-01,22/23,631,46,Chelsea,Inter,0.0,70000000.0,Romelu Lukaku,1993-05-13,Belgium,Attack,29.13347022587269,175,2022-07-01
96341,2023-06-30,22/23,46,631,Inter,Chelsea,0.0,40000000.0,Romelu Lukaku,1993-05-13,Belgium,Attack,30.130047912388775,175,2023-06-30
96341,2023-08-30,23/24,631,12,Chelsea,Roma,0.0,40000000.0,Romelu Lukaku,1993-05-13,Belgium,Attack,30.297056810403834,175,2023-08-30
96341,2024-06-30,23/24,12,631,Roma,Chelsea,0.0,30000000.0,Romelu Lukaku,1993-05-13,Belgium,Attack,31.132101300479125,175,2024-06-30
96341,2024-08-29,24/25,631,6195,Chelsea,Napoli,30700000.0,30000000.0,Romelu Lukaku,1993-05-13,Belgium,Attack,31.29637234770705,175,2024-08-29
225693,2011-02-28,10/11,29283,14702,Paulínia-SP,Fluminense,0.0,0.0,Fabinho,1993-10-23,Brazil,Midfield,17.349760438056126,176,2011-02-28
225693,2012-07-01,12/13,14702,2425,Fluminense,Rio Ave,500000.0,0.0,Fabinho,1993-10-23,Brazil,Midfield,18.688569472963724,176,2012-07-01
225693,2012-07-19,12/13,2425,6767,Rio Ave,RM,0.0,0.0,Fabinho,1993-10-23,Brazil,Midfield,18.7378507871321,176,2012-07-19
225693,2013-06-30,12/13,6767,2425,RM,Rio Ave,0.0,2500000.0,Fabinho,1993-10-23,Brazil,Midfield,19.685147159479808,176,2013-06-30
225693,2013-07-19,13/14,2425,162,Rio Ave,Monaco,0.0,2500000.0,Fabinho,1993-10-23,Brazil,Midfield,19.737166324435318,176,2013-07-19
225693,2015-06-30,14/15,162,2425,Monaco,Rio Ave,0.0,8000000.0,Fabinho,1993-10-23,Brazil,Midfield,21.683778234086244,176,2015-06-30
225693,2015-07-01,15/16,2425,162,Rio Ave,Monaco,6000000.0,8000000.0,Fabinho,1993-10-23,Brazil,Midfield,21.686516084873375,176,2015-07-01
225693,2018-07-01,18/19,162,31,Monaco,Liverpool,45000000.0,45000000.0,Fabinho,1993-10-23,Brazil,Midfield,24.687200547570157,176,2018-07-01
225693,2023-07-31,23/24,31,8023,Liverpool,Al-Ittihad,46700000.0,42000000.0,Fabinho,1993-10-23,Brazil,Midfield,29.76865160848734,176,2023-07-31
288230,2016-07-01,16/17,273,16,Stade Rennais,Borussia Dortmund,35000000.0,12000000.0,Ousmane Dembélé,1997-05-15,France,Attack,19.129363449691994,177,2016-07-01
288230,2017-08-25,17/18,16,131,Borussia Dortmund,Barcelona,148000000.0,33000000.0,Ousmane Dembélé,1997-05-15,France,Attack,20.279260780287473,177,2017-08-25
288230,2023-08-12,23/24,131,583,Barcelona,Paris Saint-Germain,50000000.0,60000000.0,Ousmane Dembélé,1997-05-15,France,Attack,26.24229979466119,177,2023-08-12
134425,2015-07-14,15/16,31,281,Liverpool,Manchester City,63700000.0,40000000.0,Raheem Sterling,1994-12-08,England,Attack,20.5968514715948,178,2015-07-14
134425,2022-07-13,22/23,281,631,Manchester City,Chelsea,56200000.0,70000000.0,Raheem Sterling,1994-12-08,England,Attack,27.59479808350445,178,2022-07-13
134425,2024-08-30,24/25,631,11,Chelsea,Arsenal,0.0,35000000.0,Raheem Sterling,1994-12-08,England,Attack,29.727583846680357,178,2024-08-30
134425,2025-06-30,24/25,11,631,Arsenal,Chelsea,0.0,10000000.0,Raheem Sterling,1994-12-08,England,Attack,30.559890485968516,178,2025-06-30
1005575,2025-01-21,24/25,1023,281,Palmeiras,Manchester City,37000000.0,14000000.0,Vitor Reis,2006-01-12,Brazil,Defender,19.025325119780973,179,2025-01-21
1005575,2025-08-08,25/26,281,12321,Manchester City,Girona,0.0,30000000.0,Vitor Reis,2006-01-12,Brazil,Defender,19.57015742642026,179,2025-08-08
1005575,2026-06-30,25/26,12321,281,Girona,Manchester City,0.0,30000000.0,Vitor Reis,2006-01-12,Brazil,Defender,20.462696783025326,179,2026-06-30
487969,2019-08-22,19/20,995,7042,FC Nantes,US Boulogne,0.0,300000.0,Randal Kolo Muani,1998-12-05,France,Attack,20.711841204654345,180,2019-08-22
487969,2020-06-30,19/20,7042,995,US Boulogne,FC Nantes,0.0,300000.0,Randal Kolo Muani,1998-12-05,France,Attack,21.568788501026695,180,2020-06-30
487969,2022-07-01,22/23,995,24,FC Nantes,Frankfurt,0.0,16000000.0,Randal Kolo Muani,1998-12-05,France,Attack,23.57015742642026,180,2022-07-01
487969,2023-09-01,23/24,24,583,Frankfurt,Paris Saint-Germain,95000000.0,80000000.0,Randal Kolo Muani,1998-12-05,France,Attack,24.739219712525667,180,2023-09-01
487969,2025-01-23,24/25,583,506,Paris Saint-Germain,Juventus,0.0,30000000.0,Randal Kolo Muani,1998-12-05,France,Attack,26.135523613963038,180,2025-01-23
487969,2025-07-15,24/25,506,583,Juventus,Paris Saint-Germain,0.0,30000000.0,Randal Kolo Muani,1998-12-05,France,Attack,26.60917180013689,180,2025-07-15
487969,2025-09-01,25/26,583,148,Paris Saint-Germain,Tottenham Hotspur,0.0,30000000.0,Randal Kolo Muani,1998-12-05,France,Attack,26.740588637919235,180,2025-09-01
487969,2026-06-30,25/26,148,583,Tottenham Hotspur,Paris Saint-Germain,0.0,20000000.0,Randal Kolo Muani,1998-12-05,France,Attack,27.567419575633128,180,2026-06-30
