player_name,nationality_name,from_club_name,to_club_name,transfer_fee,transfer_date,game_day,selected_nationality
Antoine Semenyo,Ghana,Bournemouth,Manchester City,72000000.0,2026-01-09,1,Ghana
Mohammed Kudus,Ghana,West Ham,Tottenham Hotspur,63800000.0,2025-07-10,1,Ghana
Thomas Partey,Ghana,Atlético,Arsenal,50000000.0,2020-10-05,1,Ghana
Ernest Nuamah,Ghana,RWDM,Lyon,28500000.0,2024-07-07,1,Ghana
Abdul Rahman Baba,Ghana,Augsburg,Chelsea,26000000.0,2015-08-16,1,Ghana
Kamaldeen Sulemana,Ghana,Stade Rennais,Southampton,25000000.0,2023-01-31,1,Ghana
André Ayew,Ghana,Swansea,West Ham United,24100000.0,2016-08-08,1,Ghana
Ibrahim Osman,Ghana,Nordsjaelland,Brighton & Hove Albion,19500000.0,2024-07-01,1,Ghana
Christopher Bonsu Baah,Ghana,Genk,Al-Qadsiah,17000000.0,2025-07-07,1,Ghana
Abdul Fatawu,Ghana,Sporting,Leicester City,16250000.0,2024-07-01,1,Ghana
Mateo Retegui,Italy,Atalanta,Al-Qadsiah,61750000.0,2025-07-21,2,Italy
Sandro Tonali,Italy,AC Milan,Newcastle United,60800000.0,2023-07-03,2,Italy
Jorginho,Italy,Napoli,Chelsea,57000000.0,2018-07-14,2,Italy
Federico Chiesa,Italy,Fiorentina,Juventus,44600000.0,2022-07-01,2,Italy
Riccardo Calafiori,Italy,Bologna,Arsenal,43700000.0,2024-07-29,2,Italy
Leonardo Bonucci,Italy,Juventus,AC Milan,42000000.0,2017-07-21,2,Italy
Alessandro Bastoni,Italy,Atalanta,Inter,40700000.0,2017-08-31,2,Italy
Federico Bernardeschi,Italy,Fiorentina,Juventus,40000000.0,2017-07-24,2,Italy
Gianluca Scamacca,Italy,Sassuolo,West Ham United,38600000.0,2022-07-26,2,Italy
Nicolò Barella,Italy,Cagliari,Inter,38500000.0,2020-09-01,2,Italy
Erling Haaland,Norway,Dortmund,Manchester City,60000000.0,2022-07-01,3,Norway
Jørgen Strand Larsen,Norway,Wolves,Crystal Palace,49700000.0,2026-02-02,3,Norway
Martin Ødegaard,Norway,Real Madrid,Arsenal,35000000.0,2021-08-20,3,Norway
Alexander Sørloth,Norway,Villarreal,Atletico Madrid,32000000.0,2024-08-03,3,Norway
Oscar Bobb,Norway,Man City,Fulham,31200000.0,2026-01-30,3,Norway
Sander Berge,Norway,Genk,Sheff Utd,25000000.0,2020-01-30,3,Norway
Antonio Nusa,Norway,Club Brugge,RB Leipzig,21000000.0,2024-08-13,3,Norway
Mohamed Elyounoussi,Norway,Basel,Southampton,18000000.0,2018-07-01,3,Norway
Kristoffer Ajer,Norway,Celtic,Brentford,15700000.0,2021-07-21,3,Norway
Sverre Nypan,Norway,Rosenborg BK,Manchester City,15000000.0,2025-07-17,3,Norway
Josko Gvardiol,Croatia,Leipzig,Manchester City,90000000.0,2023-08-05,4,Croatia
Mateo Kovacic,Croatia,Real Madrid,Chelsea,45000000.0,2019-07-01,4,Croatia
Luka Modrić,Croatia,Tottenham,Real Madrid,35000000.0,2012-08-27,4,Croatia
Nikola Vlašić,Croatia,CSKA Moscow,West Ham United,30000000.0,2021-08-31,4,Croatia
Marko Pjaca,Croatia,Dinamo Zagreb,Juventus,29400000.0,2016-07-21,4,Croatia
Dejan Lovren,Croatia,Southampton,Liverpool,25300000.0,2014-07-27,4,Croatia
Lovro Majer,Croatia,Stade Rennais,Wolfsburg,25000000.0,2023-08-16,4,Croatia
Franjo Ivanović,Croatia,Union SG,Benfica,22800000.0,2025-07-31,4,Croatia
Josip Sutalo,Croatia,Dinamo Zagreb,Ajax,20500000.0,2023-08-20,4,Croatia
Duje Caleta-Car,Croatia,Salzburg,Marseille,19000000.0,2018-07-20,4,Croatia
El Bilal Touré,Mali,UD Almería,Atalanta,30200000.0,2023-07-29,5,Mali
Yves Bissouma,Mali,Brighton,Tottenham Hotspur,29200000.0,2022-07-01,5,Mali
Cheick Doucouré,Mali,Lens,Crystal Palace,22600000.0,2022-07-11,5,Mali
Abdoulaye Doucouré,Mali,Watford,Everton,22000000.0,2020-09-08,5,Mali
Amadou Haidara,Mali,Salzburg,RB Leipzig,19000000.0,2019-01-01,5,Mali
Dorgeles Nene,Mali,Salzburg,Fenerbahçe,18000000.0,2025-08-19,5,Mali
Mahamadou Doumbia,Mali,Royal Antwerp,Al-Ittihad,16000000.0,2025-09-08,5,Mali
Moussa Djenepo,Mali,Standard Liège,Southampton,15700000.0,2019-07-01,5,Mali
Mohamed Camara,Mali,RB Salzburg,Monaco,15000000.0,2022-08-14,5,Mali
Diadié Samassékou,Mali,Salzburg,Hoffenheim,12500000.0,2019-08-15,5,Mali
Nicolas Pépé,Cote d'Ivoire,Lille,Arsenal,80000000.0,2019-08-01,6,Cote d'Ivoire
Sébastien Haller,Cote d'Ivoire,Frankfurt,West Ham United,50000000.0,2019-07-17,6,Cote d'Ivoire
Eric Bailly,Cote d'Ivoire,Villarreal,Manchester United,38000000.0,2016-07-01,6,Cote d'Ivoire
Ibrahim Sangaré,Cote d'Ivoire,PSV,Nott'm Forest,35000000.0,2023-09-01,6,Cote d'Ivoire
Franck Kessié,Cote d'Ivoire,Atalanta,AC Milan,32000000.0,2019-07-01,6,Cote d'Ivoire
Wilfried Singo,Cote d'Ivoire,Monaco,Galatasaray,30770000.0,2025-08-28,6,Cote d'Ivoire
Kader Meïté,Cote d'Ivoire,Stade Rennais,Al-Hilal,30000000.0,2026-02-01,6,Cote d'Ivoire
Elye Wahi,Cote d'Ivoire,Montpellier,Lens,30000000.0,2023-08-20,6,Cote d'Ivoire
Evann Guessand,Cote d'Ivoire,Nice,Aston Villa,30000000.0,2025-08-08,6,Cote d'Ivoire
Amad Diallo,Cote d'Ivoire,Atalanta,Manchester United,27300000.0,2021-01-02,6,Cote d'Ivoire
Miguel Almirón,Paraguay,Atlanta,Newcastle United,24000000.0,2019-01-31,7,Paraguay
Diego Gómez,Paraguay,Miami,Brighton & Hove Albion,13000000.0,2025-01-01,7,Paraguay
Ramón Sosa,Paraguay,Nott'm Forest,Palmeiras,12500000.0,2025-07-09,7,Paraguay
Julio Enciso,Paraguay,Libertad,Brighton & Hove Albion,11600000.0,2022-07-01,7,Paraguay
Omar Alderete,Paraguay,Getafe,Sunderland,11600000.0,2025-08-12,7,Paraguay
Mauricio,Paraguay,Internacional,Palmeiras,10500000.0,2024-07-10,7,Paraguay
Gustavo Gómez,Paraguay,Lanús,AC Milan,9560000.0,2016-08-05,7,Paraguay
Óscar Romero,Paraguay,Racing Club,SH Shenhua,8400000.0,2017-01-17,7,Paraguay
Júnior Alonso,Paraguay,Atlético-MG,Krasnodar,8000000.0,2022-01-07,7,Paraguay
Antonio Sanabria,Paraguay,Roma,Real Betis,7500000.0,2016-07-15,7,Paraguay
Aleksandr Golovin,Russia,CSKA Moscow,Monaco,30000000.0,2018-07-27,8,Russia
Matvey Safonov,Russia,Krasnodar,Paris Saint-Germain,20000000.0,2024-07-01,8,Russia
Aleksandr Kokorin,Russia,Anzhi,Dinamo Moscow,19000000.0,2013-08-16,8,Russia
Aleksey Miranchuk,Russia,Loko Moscow,Atalanta,15000000.0,2020-09-04,8,Russia
Arsen Zakharyan,Russia,Dynamo Moscow,Real Sociedad,13000000.0,2023-08-19,8,Russia
Mário Fernandes,Russia,Grêmio,CSKA Moscow,10500000.0,2012-07-01,8,Russia
Aleksandr Sobolev,Russia,Spartak Moscow,Zenit S-Pb,10000000.0,2024-08-30,8,Russia
Fedor Smolov,Russia,Krasnodar,Loko Moscow,9000000.0,2018-08-09,8,Russia
Danil Glebov,Russia,Rostov,Dynamo Moscow,8000000.0,2025-02-20,8,Russia
Denis Glushakov,Russia,Loko Moskau,Spartak Moscow,8000000.0,2013-07-01,8,Russia
Yoane Wissa,DR Congo,Brentford,Newcastle United,57700000.0,2025-09-01,9,DR Congo
Aaron Wan-Bissaka,DR Congo,Crystal Palace,Manchester United,55000000.0,2019-07-01,9,DR Congo
Cédric Bakambu,DR Congo,Villarreal,BJ Guoan,40000000.0,2018-01-17,9,DR Congo
Yannick Bolasie,DR Congo,Crystal Palace,Everton,28900000.0,2016-08-15,9,DR Congo
Giannelli Imbula,DR Congo,FC Porto,Stoke City,24250000.0,2016-02-01,9,DR Congo
Britt Assombalonga,DR Congo,Nottm Forest,Middlesbrough,17100000.0,2017-07-17,9,DR Congo
Noah Sadiki,DR Congo,Union SG,Sunderland,17000000.0,2025-07-04,9,DR Congo
Grady Diangana,DR Congo,West Ham,West Brom,13500000.0,2020-09-04,9,DR Congo
Chancel Mbemba,DR Congo,RSC Anderlecht,Newcastle United,12000000.0,2015-07-30,9,DR Congo
Simon Banza,DR Congo,Braga,Al-Jazira,8500000.0,2025-09-22,9,DR Congo
Romelu Lukaku,Belgium,Inter,Chelsea,113000000.0,2021-08-12,10,Belgium
Kevin De Bruyne,Belgium,Wolfsburg,Manchester City,76000000.0,2015-08-30,10,Belgium
Roméo Lavia,Belgium,Southampton,Chelsea,62100000.0,2023-08-18,10,Belgium
Jérémy Doku,Belgium,Stade Rennais,Manchester City,60000000.0,2023-08-24,10,Belgium
Amadou Onana,Belgium,Everton,Aston Villa,59350000.0,2024-07-22,10,Belgium
Youri Tielemans,Belgium,Monaco,Leicester City,45000000.0,2019-07-08,10,Belgium
Loïs Openda,Belgium,Leipzig,Juventus,42750000.0,2026-07-01,10,Belgium
Axel Witsel,Belgium,Benfica,Zenit S-Pb,40000000.0,2012-09-03,10,Belgium
Michy Batshuayi,Belgium,Marseille,Chelsea,39000000.0,2016-07-03,10,Belgium
Charles De Ketelaere,Belgium,Club Brugge,AC Milan,37500000.0,2022-08-02,10,Belgium
Dušan Vlahović,Serbia,Fiorentina,Juventus,85400000.0,2022-01-28,11,Serbia
Luka Jović,Serbia,Frankfurt,Real Madrid,63000000.0,2019-07-02,11,Serbia
Aleksandar Mitrović,Serbia,Fulham,Al-Hilal,52600000.0,2023-08-19,11,Serbia
Nemanja Matić,Serbia,Chelsea,Manchester United,44700000.0,2017-07-31,11,Serbia
Sergej Milinković-Savić,Serbia,Lazio,Al-Hilal,40000000.0,2023-07-12,11,Serbia
Djordje Petrovic,Serbia,Chelsea,Bournemouth,28900000.0,2025-07-16,11,Serbia
Lazar Markovic,Serbia,Benfica,Liverpool,25000000.0,2014-07-15,11,Serbia
Aleksandar Stanković,Serbia,Club Brugge,Inter,23000000.0,2026-06-28,11,Serbia
Nikola Maksimović,Serbia,Torino,Napoli,21000000.0,2017-07-01,11,Serbia
Strahinja Pavlović,Serbia,Salzburg,AC Milan,18500000.0,2024-07-31,11,Serbia
Miralem Pjanić,Bosnia-Herzegovina,Juventus,Barcelona,60000000.0,2020-09-01,12,Bosnia-Herzegovina
Edin Dzeko,Bosnia-Herzegovina,Wolfsburg,Manchester City,37000000.0,2011-01-07,12,Bosnia-Herzegovina
Ermedin Demirovic,Bosnia-Herzegovina,Augsburg,Stuttgart,23000000.0,2024-07-16,12,Bosnia-Herzegovina
Amar Dedić,Bosnia-Herzegovina,Salzburg,Benfica,12000000.0,2025-07-14,12,Bosnia-Herzegovina
Asmir Begovic,Bosnia-Herzegovina,Chelsea,Bournemouth,11500000.0,2017-07-01,12,Bosnia-Herzegovina
Rade Krunic,Bosnia-Herzegovina,FC Empoli,AC Milan,8600000.0,2019-07-08,12,Bosnia-Herzegovina
Ivan Šunjić,Bosnia-Herzegovina,Dinamo Zagreb,Birmingham,8000000.0,2019-07-26,12,Bosnia-Herzegovina
Kerim Alajbegovic,Bosnia-Herzegovina,Salzburg,Bayer Leverkusen,8000000.0,2026-07-01,12,Bosnia-Herzegovina
Benjamin Tahirović,Bosnia-Herzegovina,Roma,Ajax,7500000.0,2023-07-01,12,Bosnia-Herzegovina
Anel Ahmedhodzic,Bosnia-Herzegovina,Sheff Utd,Feyenoord,6900000.0,2025-08-05,12,Bosnia-Herzegovina
Ferdi Kadıoğlu,Türkiye,Fenerbahçe,Brighton & Hove Albion,30000000.0,2024-08-24,13,Türkiye
Orkun Kökçü,Türkiye,Benfica,Besiktas,30000000.0,2026-07-01,13,Türkiye
Arda Güler,Türkiye,Fenerbahçe,Real Madrid,28000000.0,2023-07-06,13,Türkiye
Uğurcan Çakır,Türkiye,Trabzonspor,Galatasaray,27500000.0,2025-09-01,13,Türkiye
Hakan Çalhanoğlu,Türkiye,Leverkusen,AC Milan,23300000.0,2017-07-03,13,Türkiye
Cenk Tosun,Türkiye,Besiktas,Everton,22500000.0,2018-01-05,13,Türkiye
Kerem Aktürkoğlu,Türkiye,Benfica,Fenerbahçe,22500000.0,2025-09-01,13,Türkiye
Yusuf Akçiçek,Türkiye,Fenerbahçe,Al-Hilal,22000000.0,2025-09-01,13,Türkiye
Çağlar Söyüncü,Türkiye,Freiburg,Leicester City,21100000.0,2018-08-09,13,Türkiye
Merih Demiral,Türkiye,Juventus,Atalanta,21000000.0,2022-07-01,13,Türkiye
Achraf Hakimi,Morocco,Inter,Paris Saint-Germain,68000000.0,2021-07-06,14,Morocco
Hakim Ziyech,Morocco,Ajax,Chelsea,40000000.0,2020-07-01,14,Morocco
Nayef Aguerd,Morocco,Stade Rennais,West Ham United,35000000.0,2022-07-01,14,Morocco
Eliesse Ben Seghir,Morocco,Monaco,Bayer Leverkusen,32000000.0,2025-08-31,14,Morocco
Issa Diop,Morocco,Toulouse,West Ham United,25000000.0,2018-07-01,14,Morocco
Neil El Aynaoui,Morocco,Lens,Roma,23500000.0,2025-07-20,14,Morocco
Bilal El Khannouss,Morocco,Genk,Leicester City,22500000.0,2024-08-29,14,Morocco
Sofiane Diop,Morocco,Monaco,Nice,22000000.0,2022-08-29,14,Morocco
Yassine Bounou,Morocco,Sevilla FC,Al-Hilal,21000000.0,2023-08-17,14,Morocco
Amine Adli,Morocco,Leverkusen,Bournemouth,21000000.0,2025-08-21,14,Morocco
Patrik Schick,Czech Republic,Sampdoria,Roma,42000000.0,2018-07-01,15,Czech Republic
Adam Hlozek,Czech Republic,Leverkusen,Hoffenheim,18000000.0,2024-08-17,15,Czech Republic
Antonín Kinský,Czech Republic,Slavia Praha,Tottenham Hotspur,16500000.0,2025-01-05,15,Czech Republic
Tomáš Souček,Czech Republic,Slavia Praha,West Ham United,16200000.0,2020-07-27,15,Czech Republic
Jakub Jankto,Czech Republic,Udinese,Sampdoria,14500000.0,2019-07-01,15,Czech Republic
David Jurásek,Czech Republic,Slavia Praha,Benfica,14000000.0,2023-07-10,15,Czech Republic
Matej Vydra,Czech Republic,Derby,Burnley,12200000.0,2018-08-07,15,Czech Republic
Alex Král,Czech Republic,Slavia Praha,Spartak Moscow,12000000.0,2019-09-01,15,Czech Republic
Ladislav Krejčí,Czech Republic,Sparta Prague,Girona,12000000.0,2024-07-01,15,Czech Republic
Martin Vitík,Czech Republic,Sparta Prague,Bologna,11000000.0,2025-07-06,15,Czech Republic
Radu Drăgușin,Romania,Genoa,Tottenham Hotspur,28000000.0,2024-01-11,16,Romania
Dennis Man,Romania,FCSB,Parma,12600000.0,2021-01-29,16,Romania
Răzvan Marin,Romania,Standard Liège,Ajax,12500000.0,2019-07-01,16,Romania
Nicolae Stanciu,Romania,Steaua Bucharest,RSC Anderlecht,11000000.0,2016-08-29,16,Romania
Ionuț Radu,Romania,Genoa,Inter,10500000.0,2019-07-12,16,Romania
Valentin Mihăilă,Romania,Univ. Craiova,Parma,9500000.0,2020-10-05,16,Romania
Vlad Chiricheș,Romania,Napoli,Sassuolo,9500000.0,2020-09-01,16,Romania
Alexandru Mitriță,Romania,Univ. Craiova,New York City,8000000.0,2019-02-04,16,Romania
George Pușcaș,Romania,Inter,Reading,7500000.0,2019-08-07,16,Romania
Alexandru Cicâldău,Romania,Univ. Craiova,Galatasaray,6500000.0,2021-07-24,16,Romania
Scott McTominay,Scotland,Man Utd,Napoli,30500000.0,2024-08-30,17,Scotland
Kieran Tierney,Scotland,Celtic,Arsenal,27000000.0,2019-08-08,17,Scotland
Ben Gannon-Doak,Scotland,Liverpool,Bournemouth,23200000.0,2025-08-18,17,Scotland
Oli McBurnie,Scotland,Swansea,Sheff Utd,19100000.0,2019-08-02,17,Scotland
Ché Adams,Scotland,Birmingham,Southampton,16700000.0,2019-07-01,17,Scotland
Oliver Burke,Scotland,Leipzig,West Brom,15200000.0,2017-08-25,17,Scotland
Billy Gilmour,Scotland,Brighton,Napoli,14750000.0,2024-08-30,17,Scotland
Aaron Hickey,Scotland,Bologna,Brentford,14250000.0,2022-07-09,17,Scotland
Nathan Patterson,Scotland,Rangers,Everton,14000000.0,2022-01-04,17,Scotland
Matt Ritchie,Scotland,Bournemouth,Newcastle United,12000000.0,2016-07-01,17,Scotland
Alexander Isak,Sweden,Newcastle,Liverpool,145000000.0,2025-09-01,18,Sweden
Viktor Gyökeres,Sweden,Sporting,Arsenal,66900000.0,2025-07-26,18,Sweden
Anthony Elanga,Sweden,Nott'm Forest,Newcastle United,61400000.0,2025-07-11,18,Sweden
Dejan Kulusevski,Sweden,Atalanta,Juventus,39000000.0,2020-01-02,18,Sweden
Victor Lindelöf,Sweden,Benfica,Manchester United,35000000.0,2017-07-01,18,Sweden
Lucas Bergvall,Sweden,Djurgården,Tottenham Hotspur,20000000.0,2024-07-01,18,Sweden
Adrian Lahdo,Sweden,Hammarby,Como,11940000.0,2026-02-02,18,Sweden
Gabriel Gudmundsson,Sweden,Lille,Leeds United,11600000.0,2025-07-08,18,Sweden
Jens Cajuste,Sweden,Stade Reims,Napoli,11500000.0,2023-08-10,18,Sweden
Jesper Karlsson,Sweden,AZ Alkmaar,Bologna,11150000.0,2023-08-23,18,Sweden
Brennan Johnson,Wales,Nott'm Forest,Tottenham Hotspur,55000000.0,2023-09-01,19,Wales
Daniel James,Wales,Man Utd,Leeds United,29100000.0,2021-08-31,19,Wales
Neco Williams,Wales,Liverpool,Nott'm Forest,20000000.0,2022-07-10,19,Wales
Joe Allen,Wales,Swansea,Liverpool,19000000.0,2012-08-10,19,Wales
Danny Ward,Wales,Liverpool,Leicester City,14000000.0,2018-07-20,19,Wales
Harry Wilson,Wales,Liverpool,Fulham,14000000.0,2021-07-24,19,Wales
Chris Mepham,Wales,Brentford,Bournemouth,13600000.0,2019-01-22,19,Wales
Ben Davies,Wales,Swansea,Tottenham Hotspur,12650000.0,2014-07-23,19,Wales
Joe Rodon,Wales,Swansea,Tottenham Hotspur,12100000.0,2020-10-16,19,Wales
David Brooks,Wales,Sheff Utd,Bournemouth,11300000.0,2018-07-01,19,Wales
Robert Lewandowski,Poland,Bayern Munich,Barcelona,45000000.0,2022-07-19,20,Poland
Krzysztof Piatek,Poland,Genoa,AC Milan,35000000.0,2019-01-23,20,Poland
Arkadiusz Milik,Poland,Ajax,Napoli,32000000.0,2016-08-01,20,Poland
Jakub Kiwior,Poland,Spezia Calcio,Arsenal,19500000.0,2023-01-23,20,Poland
Wojciech Szczęsny,Poland,Arsenal,Juventus,18400000.0,2017-07-19,20,Poland
Nicola Zalewski,Poland,Inter,Atalanta,17500000.0,2025-08-18,20,Poland
Piotr Zielinski,Poland,Udinese,Napoli,16000000.0,2016-08-04,20,Poland
Matty Cash,Poland,Nott'm Forest,Aston Villa,15750000.0,2020-09-03,20,Poland
Marcin Bulka,Poland,Nice,NEOM,15000000.0,2025-07-05,20,Poland
Kamil Grabara,Poland,Copenhagen,Wolfsburg,13500000.0,2024-07-01,20,Poland
João Félix,Portugal,Benfica,Atletico Madrid,127200000.0,2019-07-03,21,Portugal
Cristiano Ronaldo,Portugal,Real Madrid,Juventus,117000000.0,2018-07-10,21,Portugal
Rúben Dias,Portugal,Benfica,Manchester City,71600000.0,2020-09-29,21,Portugal
João Neves,Portugal,Benfica,Paris Saint-Germain,65920000.0,2024-08-05,21,Portugal
João Cancelo,Portugal,Juventus,Manchester City,65000000.0,2019-08-07,21,Portugal
Bruno Fernandes,Portugal,Sporting,Manchester United,65000000.0,2020-01-29,21,Portugal
Gonçalo Ramos,Portugal,Benfica,Paris Saint-Germain,65000000.0,2024-01-01,21,Portugal
Matheus Nunes,Portugal,Wolves,Manchester City,62000000.0,2023-09-01,21,Portugal
Otávio,Portugal,Porto,Al-Nassr,60000000.0,2023-08-22,21,Portugal
Pedro Neto,Portugal,Wolves,Chelsea,60000000.0,2024-08-11,21,Portugal
Frenkie de Jong,Netherlands,Ajax,Barcelona,86000000.0,2019-07-01,22,Netherlands
Matthijs de Ligt,Netherlands,Ajax,Juventus,85500000.0,2019-07-18,22,Netherlands
Virgil van Dijk,Netherlands,Southampton,Liverpool,84650000.0,2018-01-01,22,Netherlands
Xavi Simons,Netherlands,Leipzig,Tottenham Hotspur,65000000.0,2025-08-29,22,Netherlands
Teun Koopmeiners,Netherlands,Atalanta,Juventus,58400000.0,2024-08-28,22,Netherlands
Tijjani Reijnders,Netherlands,AC Milan,Manchester City,54900000.0,2025-06-10,22,Netherlands
Nathan Aké,Netherlands,Bournemouth,Manchester City,45300000.0,2020-08-05,22,Netherlands
Ian Maatsen,Netherlands,Chelsea,Aston Villa,44500000.0,2024-07-01,22,Netherlands
Jorrel Hato,Netherlands,Ajax,Chelsea,44180000.0,2025-08-03,22,Netherlands
Joshua Zirkzee,Netherlands,Bologna,Manchester United,42500000.0,2024-07-14,22,Netherlands
Hirving Lozano,Mexico,PSV,Napoli,50000000.0,2019-08-23,23,Mexico
Edson Álvarez,Mexico,Ajax,West Ham United,38000000.0,2023-08-10,23,Mexico
Raúl Jiménez,Mexico,Benfica,Wolverhampton Wanderers,38000000.0,2019-07-01,23,Mexico
Santiago Gimenez,Mexico,Feyenoord,AC Milan,30200000.0,2025-02-03,23,Mexico
Rodolfo Pizarro,Mexico,Pachuca,Chivas,14750000.0,2017-01-01,23,Mexico
César Montes,Mexico,Espanyol,Almería,14000000.0,2023-09-01,23,Mexico
Diego Lainez,Mexico,América,Real Betis,14000000.0,2019-01-10,23,Mexico
Julián Quiñones,Mexico,América,Al-Qadsiah,13800000.0,2024-07-18,23,Mexico
Germán Berterame,Mexico,Monterrey,Miami,12600000.0,2026-01-30,23,Mexico
Héctor Herrera,Mexico,Pachuca,Porto,11000000.0,2013-07-01,23,Mexico
Nathan Collins,Ireland,Wolves,Brentford,26850000.0,2023-07-04,24,Ireland
Jake O'Brien,Ireland,Lyon,Everton,19500000.0,2024-07-30,24,Ireland
Matt Doherty,Ireland,Wolves,Tottenham Hotspur,16800000.0,2020-08-30,24,Ireland
James McCarthy,Ireland,Wigan,Everton,15300000.0,2013-09-02,24,Ireland
Robbie Brady,Ireland,Norwich,Burnley,15100000.0,2017-01-31,24,Ireland
Caoimhín Kelleher,Ireland,Liverpool,Brentford,14800000.0,2025-07-01,24,Ireland
Dara O'Shea,Ireland,Burnley,Ipswich,14200000.0,2024-08-25,24,Ireland
Gavin Bazunu,Ireland,Man City U21,Southampton,14000000.0,2022-07-01,24,Ireland
Kasey McAteer,Ireland,Leicester,Ipswich,13900000.0,2025-08-22,24,Ireland
Finn Azaz,Ireland,Middlesbrough,Southampton,13900000.0,2025-08-29,24,Ireland
Shoya Nakajima,Japan,Portimonense,Al-Duhail,35000000.0,2019-02-03,25,Japan
Hiroki Ito,Japan,Stuttgart,Bayern Munich,23500000.0,2024-07-01,25,Japan
Ritsu Doan,Japan,Freiburg,Frankfurt,21000000.0,2025-08-07,25,Japan
Wataru Endo,Japan,Stuttgart,Liverpool,20000000.0,2023-08-18,25,Japan
Takehiro Tomiyasu,Japan,Bologna,Arsenal,18600000.0,2021-08-31,25,Japan
Shinji Kagawa,Japan,Dortmund,Manchester United,16000000.0,2012-07-01,25,Japan
Takumi Minamino,Japan,Liverpool,Monaco,15000000.0,2022-07-01,25,Japan
Keito Nakamura,Japan,LASK,Stade Reims,12000000.0,2023-08-10,25,Japan
Kyogo Furuhashi,Japan,Celtic,Rennes,12000000.0,2025-01-27,25,Japan
Shinji Okazaki,Japan,1.FSV Mainz 05,Leicester City,11000000.0,2015-07-01,25,Japan
Kepa Arrizabalaga,Spain,Athletic Club,Chelsea,80000000.0,2018-08-08,26,Spain
Martín Zubimendi,Spain,Real Sociedad,Arsenal,70000000.0,2025-07-06,26,Spain
Rodri,Spain,Atlético,Manchester City,70000000.0,2019-07-04,26,Spain
Álvaro Morata,Spain,Real Madrid,Chelsea,66000000.0,2017-07-21,26,Spain
Marc Cucurella,Spain,Brighton,Chelsea,65300000.0,2022-08-05,26,Spain
Aymeric Laporte,Spain,Athletic Club,Manchester City,65000000.0,2018-01-30,26,Spain
Dean Huijsen,Spain,Bournemouth,Real Madrid,62500000.0,2025-06-01,26,Spain
Dani Olmo,Spain,Leipzig,Barcelona,61000000.0,2024-08-09,26,Spain
Nico González,Spain,Porto,Manchester City,60000000.0,2025-02-03,26,Spain
Ferran Torres,Spain,Man City,Barcelona,55000000.0,2022-01-01,26,Spain
Mykhaylo Mudryk,Ukraine,Shakhtar D.,Chelsea,70000000.0,2023-01-15,27,Ukraine
Ilya Zabarnyi,Ukraine,Bournemouth,Paris Saint-Germain,63000000.0,2025-08-12,27,Ukraine
Artem Dovbyk,Ukraine,Girona,Roma,41100000.0,2024-08-02,27,Ukraine
Oleksandr Zinchenko,Ukraine,Man City,Arsenal,35000000.0,2022-07-22,27,Ukraine
Andriy Yarmolenko,Ukraine,Dynamo Kyiv,Borussia Dortmund,25000000.0,2017-08-28,27,Ukraine
Dmytro Chygrynskyi,Ukraine,Shakhtar D.,Barcelona,25000000.0,2009-08-31,27,Ukraine
Vitaliy Mykolenko,Ukraine,Dynamo Kyiv,Everton,23500000.0,2022-01-01,27,Ukraine
Georgiy Sudakov,Ukraine,Shakhtar D.,Benfica,20250000.0,2026-07-01,27,Ukraine
Roman Yaremchuk,Ukraine,Benfica,Brugge,17000000.0,2022-08-29,27,Ukraine
Vladyslav Vanat,Ukraine,Dynamo Kyiv,Girona,15000000.0,2025-09-01,27,Ukraine
Riyad Mahrez,Algeria,Leicester,Manchester City,67800000.0,2018-07-10,28,Algeria
Rayan Aït-Nouri,Algeria,Wolves,Manchester City,36800000.0,2025-06-09,28,Algeria
Islam Slimani,Algeria,Sporting,Leicester City,31000000.0,2016-08-31,28,Algeria
Amine Gouiri,Algeria,Nice,Rennes,28000000.0,2022-09-01,28,Algeria
Saïd Benrahma,Algeria,Brentford,West Ham United,23100000.0,2021-01-29,28,Algeria
Nabil Bentaleb,Algeria,Tottenham,Schalke,19000000.0,2017-07-01,28,Algeria
Ismaël Bennacer,Algeria,FC Empoli,AC Milan,17200000.0,2019-08-04,28,Algeria
Badredine Bouanani,Algeria,Nice,Stuttgart,15000000.0,2025-08-31,28,Algeria
Mohamed Amoura,Algeria,Union SG,Wolfsburg,14750000.0,2025-07-01,28,Algeria
Rachid Ghezzal,Algeria,Monaco,Leicester City,14000000.0,2018-08-05,28,Algeria
Konstantinos Manolas,Greece,AS Roma,Napoli,36000000.0,2019-07-01,29,Greece
Charalampos Kostoulas,Greece,Olympiacos,Brighton & Hove Albion,35000000.0,2025-07-01,29,Greece
Stefanos Tzimas,Greece,1.FC Nuremberg,Brighton & Hove Albion,26500000.0,2025-02-03,29,Greece
Odysseas Vlachodimos,Greece,Nott'm Forest,Newcastle United,23600000.0,2024-07-01,29,Greece
Fotis Ioannidis,Greece,Panathinaikos,Sporting CP,22000000.0,2025-09-01,29,Greece
Konstantinos Mavropanos,Greece,Stuttgart,West Ham United,20000000.0,2023-08-22,29,Greece
Vangelis Pavlidis,Greece,AZ Alkmaar,Benfica,18000000.0,2024-07-01,29,Greece
Panagiotis Retsos,Greece,Olympiacos,Bayer Leverkusen,17500000.0,2017-08-31,29,Greece
Sokratis Papastathopoulos,Greece,Bor. Dortmund,Arsenal,16000000.0,2018-07-02,29,Greece
Anastasios Douvikas,Greece,Celta de Vigo,Como,14000000.0,2025-02-03,29,Greece
Kylian Mbappé,France,Monaco,Paris Saint-Germain,180000000.0,2018-07-01,30,France
Ousmane Dembélé,France,Dortmund,Barcelona,148000000.0,2017-08-25,30,France
Antoine Griezmann,France,Atlético,Barcelona,120000000.0,2019-07-14,30,France
Paul Pogba,France,Juventus,Manchester United,105000000.0,2016-08-09,30,France
Randal Kolo Muani,France,Frankfurt,Paris Saint-Germain,95000000.0,2023-09-01,30,France
Hugo Ekitiké,France,Frankfurt,Liverpool,95000000.0,2025-07-23,30,France
Wesley Fofana,France,Leicester,Chelsea,80400000.0,2022-08-31,30,France
Lucas Hernández,France,Atlético,Bayern Munich,80000000.0,2019-07-01,30,France
Aurélien Tchouaméni,France,Monaco,Real Madrid,80000000.0,2022-07-01,30,France
Thomas Lemar,France,Monaco,Atletico Madrid,72000000.0,2018-07-01,30,France
Darwin Núñez,Uruguay,Benfica,Liverpool,85000000.0,2022-07-01,31,Uruguay
Luis Suárez,Uruguay,Liverpool,Barcelona,81720000.0,2014-07-11,31,Uruguay
Edinson Cavani,Uruguay,Napoli,Paris Saint-Germain,64500000.0,2013-07-16,31,Uruguay
Manuel Ugarte,Uruguay,Sporting,Paris Saint-Germain,60000000.0,2023-07-07,31,Uruguay
Rodrigo Zalazar,Uruguay,Braga,Sporting CP,30000000.0,2026-07-01,31,Uruguay
Lucas Torreira,Uruguay,Sampdoria,Arsenal,28650000.0,2018-07-10,31,Uruguay
Matías Vecino,Uruguay,Fiorentina,Inter,24000000.0,2017-08-02,31,Uruguay
Rodrigo Bentancur,Uruguay,Boca Juniors,Juventus,23500000.0,2017-07-01,31,Uruguay
Luciano Rodríguez,Uruguay,EC Bahia,NEOM,20000000.0,2025-09-10,31,Uruguay
Diego Laxalt,Uruguay,Genoa,AC Milan,19000000.0,2018-08-17,31,Uruguay
Rasmus Højlund,Denmark,Atalanta,Manchester United,79800000.0,2023-08-05,32,Denmark
Patrick Dorgu,Denmark,Lecce,Manchester United,30000000.0,2025-02-02,32,Denmark
Jesper Lindstrøm,Denmark,Frankfurt,Napoli,30000000.0,2023-08-29,32,Denmark
Joachim Andersen,Denmark,Crystal Palace,Fulham,29500000.0,2024-08-23,32,Denmark
Matt O'Riley,Denmark,Celtic,Brighton & Hove Albion,29500000.0,2024-08-26,32,Denmark
Christian Eriksen,Denmark,Tottenham,Inter,27000000.0,2020-01-28,32,Denmark
Jannik Vestergaard,Denmark,Mönchengladbach,Southampton,25000000.0,2018-07-13,32,Denmark
Filip Jørgensen,Denmark,Villarreal,Chelsea,24500000.0,2024-07-30,32,Denmark
Conrad Harder,Denmark,Sporting,RB Leipzig,24000000.0,2025-09-01,32,Denmark
Mads Hermansen,Denmark,Leicester,West Ham United,20800000.0,2025-08-09,32,Denmark
Kalidou Koulibaly,Senegal,Napoli,Chelsea,41900000.0,2022-07-16,33,Senegal
Sadio Mané,Senegal,Southampton,Liverpool,41200000.0,2016-07-01,33,Senegal
Nicolas Jackson,Senegal,Villarreal,Chelsea,37000000.0,2023-07-01,33,Senegal
Moussa Niakhaté,Senegal,Nott'm Forest,Lyon,31900000.0,2024-07-04,33,Senegal
Habib Diarra,Senegal,R. Strasbourg,Sunderland,31500000.0,2025-07-01,33,Senegal
Keita Baldé,Senegal,Lazio,Monaco,30000000.0,2017-08-29,33,Senegal
Idrissa Gueye,Senegal,Everton,Paris Saint-Germain,30000000.0,2019-07-30,33,Senegal
Ismaïla Sarr,Senegal,Stade Rennais,Watford,30000000.0,2019-08-08,33,Senegal
Edouard Mendy,Senegal,Stade Rennais,Chelsea,24000000.0,2020-09-24,33,Senegal
El Hadji Malick Diouf,Senegal,Slavia Praha,West Ham United,22000000.0,2025-07-15,33,Senegal
Christian Pulisic,United States,Dortmund,Chelsea,64000000.0,2019-01-02,34,United States
Malik Tillman,United States,PSV,Bayer Leverkusen,35000000.0,2025-07-12,34,United States
Brenden Aaronson,United States,Salzburg,Leeds United,32840000.0,2022-07-01,34,United States
Folarin Balogun,United States,Arsenal,Monaco,30000000.0,2023-08-30,34,United States
Tyler Adams,United States,Leeds,Bournemouth,26900000.0,2023-08-20,34,United States
Johnny Cardoso,United States,Real Betis,Atletico Madrid,24000000.0,2025-07-16,34,United States
Weston McKennie,United States,FC Schalke 04,Juventus,21900000.0,2021-07-01,34,United States
Yunus Musah,United States,Valencia,AC Milan,21200000.0,2023-08-04,34,United States
Sergiño Dest,United States,Ajax,Barcelona,21000000.0,2020-10-01,34,United States
Josh Sargent,United States,Norwich,Toronto,18650000.0,2026-02-27,34,United States
Christoph Baumgartner,Austria,Hoffenheim,RB Leipzig,25500000.0,2023-07-01,35,Austria
Marko Arnautovic,Austria,West Ham,SH SIPG,25000000.0,2019-07-08,35,Austria
Kevin Danso,Austria,Lens,Tottenham Hotspur,25000000.0,2025-07-01,35,Austria
Valentino Lazaro,Austria,Hertha BSC,Inter,22400000.0,2019-07-01,35,Austria
Aleksandar Dragovic,Austria,Dynamo Kyiv,Bayer Leverkusen,21000000.0,2016-08-23,35,Austria
Nicolas Seiwald,Austria,Salzburg,RB Leipzig,20000000.0,2023-07-01,35,Austria
Carney Chukwuemeka,Austria,Chelsea,Borussia Dortmund,20000000.0,2025-08-26,35,Austria
Marcel Sabitzer,Austria,Bayern Munich,Borussia Dortmund,19000000.0,2023-07-24,35,Austria
Jannik Schuster,Austria,Salzburg,Brentford,18000000.0,2026-07-01,35,Austria
Sasa Kalajdzic,Austria,Stuttgart,Wolverhampton Wanderers,18000000.0,2022-08-31,35,Austria
Victor Osimhen,Nigeria,Lille,Napoli,78900000.0,2020-09-01,36,Nigeria
Ademola Lookman,Nigeria,Atalanta,Atletico Madrid,35000000.0,2026-02-02,36,Nigeria
George Ilenikhena,Nigeria,Monaco,Al-Ittihad,33000000.0,2026-02-02,36,Nigeria
Alex Iwobi,Nigeria,Arsenal,Everton,30400000.0,2019-08-08,36,Nigeria
Zadok Yohanna,Nigeria,AIK,Brighton & Hove Albion,28000000.0,2026-07-01,36,Nigeria
Kelechi Iheanacho,Nigeria,Man City,Leicester City,27700000.0,2017-08-03,36,Nigeria
Tolu Arokodare,Nigeria,Genk,Wolverhampton Wanderers,26000000.0,2025-09-01,36,Nigeria
Nathan Tella,Nigeria,Southampton,Bayer Leverkusen,23300000.0,2023-08-27,36,Nigeria
Calvin Bassey,Nigeria,Rangers,Ajax,23000000.0,2022-07-20,36,Nigeria
Victor Boniface,Nigeria,Union SG,Bayer Leverkusen,22600000.0,2023-07-22,36,Nigeria
Neymar,Brazil,Barcelona,Paris Saint-Germain,222000000.0,2017-08-03,37,Brazil
Philippe Coutinho,Brazil,Liverpool,Barcelona,135000000.0,2018-01-08,37,Brazil
Antony,Brazil,Ajax,Manchester United,95000000.0,2022-08-30,37,Brazil
Arthur Melo,Brazil,Barcelona,Juventus,80600000.0,2020-09-01,37,Brazil
Matheus Cunha,Brazil,Wolves,Manchester United,74200000.0,2025-07-01,37,Brazil
Alisson,Brazil,Roma,Liverpool,72500000.0,2018-07-19,37,Brazil
Casemiro,Brazil,Real Madrid,Manchester United,70650000.0,2022-08-22,37,Brazil
João Pedro,Brazil,Brighton,Chelsea,63700000.0,2025-07-02,37,Brazil
Malcom,Brazil,Zenit S-Pb,Al-Hilal,60000000.0,2023-07-26,37,Brazil
Fred,Brazil,Shakhtar D.,Manchester United,59000000.0,2018-07-01,37,Brazil
Moteb Al-Harbi,Saudi Arabia,Al-Shabab,Al-Hilal,28950000.0,2024-09-01,38,Saudi Arabia
Faisal Al-Ghamdi,Saudi Arabia,Al-Ettifaq,Al-Ittihad,11720000.0,2023-09-07,38,Saudi Arabia
Musab Al-Juwayr,Saudi Arabia,Al-Hilal,Al-Qadsiah,11520000.0,2025-08-03,38,Saudi Arabia
Hassan Tambakti,Saudi Arabia,Al-Shabab,Al-Hilal,11500000.0,2023-08-21,38,Saudi Arabia
Ahmed Al-Julaydan,Saudi Arabia,Al-Fateh,Al-Ittihad,10900000.0,2025-08-13,38,Saudi Arabia
Hassan Kadesh,Saudi Arabia,Al-Taawoun,Al-Ittihad,9880000.0,2023-08-31,38,Saudi Arabia
Firas Al-Buraikan,Saudi Arabia,Al-Fateh,Al-Ahli,9830000.0,2023-09-03,38,Saudi Arabia
Yahya Al-Shehri,Saudi Arabia,Al-Ettifaq,Al-Nassr,9800000.0,2013-07-01,38,Saudi Arabia
Saad Al-Nasser,Saudi Arabia,Al-Taawoun,Al-Nassr,9770000.0,2025-08-31,38,Saudi Arabia
Hamed Al-Ghamdi,Saudi Arabia,Al-Ettifaq,Al-Ittihad,9160000.0,2025-07-18,38,Saudi Arabia
Bryan Mbeumo,Cameroon,Brentford,Manchester United,75000000.0,2025-07-21,39,Cameroon
André Onana,Cameroon,Inter,Manchester United,50200000.0,2023-07-20,39,Cameroon
Carlos Baleba,Cameroon,Lille,Brighton & Hove Albion,27000000.0,2023-08-29,39,Cameroon
Frank Anguissa,Cameroon,Marseille,Fulham,24850000.0,2018-08-09,39,Cameroon
Clinton N'Jie,Cameroon,Olympique Lyon,Tottenham Hotspur,14100000.0,2015-08-15,39,Cameroon
Jackson Tchatchoua,Cameroon,Hellas Verona,Wolverhampton Wanderers,12500000.0,2025-08-19,39,Cameroon
Vincent Aboubakar,Cameroon,FC Lorient,Porto,12300000.0,2014-08-24,39,Cameroon
Christopher Wooh,Cameroon,Lens,Rennes,9000000.0,2022-09-01,39,Cameroon
Faris Moumbagna,Cameroon,Bodø/Glimt,Marseille,8000000.0,2024-01-20,39,Cameroon
Nathan Ngoumou,Cameroon,Toulouse,Mönchengladbach,8000000.0,2022-08-30,39,Cameroon
Jhon Durán,Colombia,Aston Villa,Al-Nassr,77000000.0,2025-01-31,40,Colombia
James Rodríguez,Colombia,Monaco,Real Madrid,75000000.0,2014-07-22,40,Colombia
Luis Díaz,Colombia,Liverpool,Bayern Munich,70000000.0,2025-07-30,40,Colombia
Radamel Falcao,Colombia,Atlético,Monaco,43000000.0,2013-07-01,40,Colombia
Davinson Sánchez,Colombia,Ajax,Tottenham Hotspur,42000000.0,2017-08-23,40,Colombia
Carlos Bacca,Colombia,Sevilla FC,AC Milan,33300000.0,2015-07-03,40,Colombia
Juan Cuadrado,Colombia,Fiorentina,Chelsea,31000000.0,2015-02-02,40,Colombia
Jefferson Lerma,Colombia,Levante,Bournemouth,30500000.0,2018-08-07,40,Colombia
Yerry Mina,Colombia,Barcelona,Everton,30250000.0,2018-08-09,40,Colombia
Richard Ríos,Colombia,Palmeiras,Benfica,27000000.0,2025-07-22,40,Colombia
Moisés Caicedo,Ecuador,Brighton,Chelsea,116000000.0,2023-08-14,41,Ecuador
Piero Hincapié,Ecuador,Leverkusen,Arsenal,52000000.0,2026-07-01,41,Ecuador
Willian Pacho,Ecuador,Frankfurt,Paris Saint-Germain,40000000.0,2024-08-09,41,Ecuador
Pervis Estupiñán,Ecuador,Villarreal,Brighton & Hove Albion,17800000.0,2022-08-16,41,Ecuador
Nilson Angulo,Ecuador,RSC Anderlecht,Sunderland,17340000.0,2026-02-02,41,Ecuador
Enner Valencia,Ecuador,Pachuca,West Ham United,15000000.0,2014-07-17,41,Ecuador
Gonzalo Plata,Ecuador,Real Valladolid,Al-Sadd,12000000.0,2023-07-23,41,Ecuador
Kendry Páez,Ecuador,Independiente,Chelsea,10000000.0,2025-07-01,41,Ecuador
Keny Arroyo,Ecuador,Besiktas,Cruzeiro,8500000.0,2025-09-02,41,Ecuador
Christian Noboa,Ecuador,Rubin Kazan,Dinamo Moscow,8000000.0,2012-01-19,41,Ecuador
Jude Bellingham,England,Dortmund,Real Madrid,127000000.0,2023-07-01,42,England
Jack Grealish,England,Aston Villa,Manchester City,117500000.0,2021-08-05,42,England
Declan Rice,England,West Ham,Arsenal,116600000.0,2023-07-15,42,England
Harry Kane,England,Tottenham,Bayern Munich,95000000.0,2023-08-12,42,England
Harry Maguire,England,Leicester,Manchester United,87000000.0,2019-08-05,42,England
Jadon Sancho,England,Dortmund,Manchester United,85000000.0,2021-07-23,42,England
Anthony Gordon,England,Newcastle,Barcelona,80000000.0,2026-07-01,42,England
Eberechi Eze,England,Crystal Palace,Arsenal,69300000.0,2025-08-23,42,England
Mason Mount,England,Chelsea,Manchester United,67700000.0,2023-07-05,42,England
Dominic Solanke,England,Bournemouth,Tottenham Hotspur,64300000.0,2024-08-10,42,England
Florian Wirtz,Germany,Leverkusen,Liverpool,125000000.0,2025-07-01,43,Germany
Kai Havertz,Germany,Leverkusen,Chelsea,100000000.0,2020-09-04,43,Germany
Nick Woltemade,Germany,Stuttgart,Newcastle United,75000000.0,2025-08-30,43,Germany
Timo Werner,Germany,Leipzig,Chelsea,53000000.0,2020-07-01,43,Germany
Leroy Sané,Germany,FC Schalke 04,Manchester City,52000000.0,2016-08-02,43,Germany
Thilo Kehrer,Germany,FC Schalke 04,Paris Saint-Germain,37000000.0,2018-08-16,43,Germany
Mario Götze,Germany,Dortmund,Bayern Munich,37000000.0,2013-07-01,43,Germany
Malick Thiaw,Germany,AC Milan,Newcastle United,35000000.0,2025-08-12,43,Germany
Mats Hummels,Germany,Dortmund,Bayern Munich,35000000.0,2016-07-01,43,Germany
Antonio Rüdiger,Germany,Roma,Chelsea,35000000.0,2017-07-09,43,Germany
Enzo Fernández,Argentina,Benfica,Chelsea,121000000.0,2023-01-31,44,Argentina
Julián Alvarez,Argentina,Man City,Atletico Madrid,75000000.0,2024-08-12,44,Argentina
Ángel Di María,Argentina,Real Madrid,Manchester United,75000000.0,2014-08-26,44,Argentina
Lisandro Martínez,Argentina,Ajax,Manchester United,57370000.0,2022-07-27,44,Argentina
Cristian Romero,Argentina,Atalanta,Tottenham Hotspur,53800000.0,2022-08-30,44,Argentina
Mauro Icardi,Argentina,Inter,Paris Saint-Germain,50000000.0,2020-07-01,44,Argentina
Alejandro Garnacho,Argentina,Man Utd,Chelsea,46200000.0,2025-08-30,44,Argentina
Franco Mastantuono,Argentina,River Plate,Real Madrid,45000000.0,2025-08-14,44,Argentina
Nicolás Otamendi,Argentina,Valencia,Manchester City,44500000.0,2015-08-20,44,Argentina
Alexis Mac Allister,Argentina,Brighton,Liverpool,42000000.0,2023-07-01,44,Argentina
Alexis Sánchez,Chile,Barcelona,Arsenal,42500000.0,2014-07-10,45,Chile
Arturo Vidal,Chile,Juventus,Bayern Munich,39250000.0,2015-07-28,45,Chile
Claudio Bravo,Chile,Barcelona,Manchester City,18000000.0,2016-08-25,45,Chile
Guillermo Maripán,Chile,Alavés,Monaco,18000000.0,2019-08-24,45,Chile
Eduardo Vargas,Chile,U. de Chile,Napoli,13500000.0,2012-01-09,45,Chile
Charles Aránguiz,Chile,Internacional,Bayer Leverkusen,13000000.0,2015-08-13,45,Chile
Erick Pulgar,Chile,Bologna,Fiorentina,12300000.0,2019-08-09,45,Chile
Diego Valdés,Chile,Santos Laguna,América,10600000.0,2022-01-01,45,Chile
Víctor Dávila,Chile,Necaxa,Pachuca,10600000.0,2019-01-01,45,Chile
Marcelino Núñez,Chile,Norwich,Ipswich,8650000.0,2025-08-29,45,Chile
Granit Xhaka,Switzerland,Mönchengladbach,Arsenal,45000000.0,2016-07-01,46,Switzerland
Dan Ndoye,Switzerland,Bologna,Nott'm Forest,42000000.0,2025-07-31,46,Switzerland
Ardon Jashari,Switzerland,Club Brugge,AC Milan,36000000.0,2025-08-06,46,Switzerland
Breel Embolo,Switzerland,Basel,Schalke,26500000.0,2016-07-01,46,Switzerland
Manuel Akanji,Switzerland,Basel,Borussia Dortmund,21500000.0,2018-01-15,46,Switzerland
Denis Zakaria,Switzerland,Juventus,Monaco,20000000.0,2023-08-14,46,Switzerland
Noah Okafor,Switzerland,AC Milan,Leeds United,19000000.0,2025-08-21,46,Switzerland
Zeki Amdouni,Switzerland,Basel,Burnley,18600000.0,2023-07-19,46,Switzerland
Gökhan Inler,Switzerland,Udinese Calcio,Napoli,18000000.0,2011-07-11,46,Switzerland
Xherdan Shaqiri,Switzerland,Inter,Stoke City,17000000.0,2015-08-11,46,Switzerland
Min-jae Kim,"Korea, South",Napoli,Bayern Munich,50000000.0,2023-07-18,47,"Korea, South"
Heung-min Son,"Korea, South",Bayer Leverkusen,Tottenham Hotspur,30000000.0,2015-08-28,47,"Korea, South"
Kang-in Lee,"Korea, South",Mallorca,Paris Saint-Germain,22000000.0,2023-07-08,47,"Korea, South"
Hee-chan Hwang,"Korea, South",RB Leipzig,Wolverhampton Wanderers,16700000.0,2022-07-01,47,"Korea, South"
Hyeon-gyu Oh,"Korea, South",Genk,Besiktas,14000000.0,2026-02-04,47,"Korea, South"
Kyung-won Kwon,"Korea, South",Al-Ahli (UAE),TJ Quanjian,10500000.0,2017-01-02,47,"Korea, South"
Ji-sung Park,"Korea, South",PSV Eindhoven,Manchester United,7300000.0,2005-07-05,47,"Korea, South"
In-beom Hwang,"Korea, South",Red Star,Feyenoord,7000000.0,2024-09-02,47,"Korea, South"
Sung-yueng Ki,"Korea, South",Celtic,Swansea,7000000.0,2012-08-24,47,"Korea, South"
Chu-young Park,"Korea, South",Monaco,Arsenal,6500000.0,2011-08-30,47,"Korea, South"
Munas Dabbur,Israel,RB Salzburg,Sevilla,17000000.0,2019-07-01,48,Israel
Oscar Gloukh,Israel,Salzburg,Ajax,14750000.0,2025-08-01,48,Israel
Eyal Berkovic,Israel,West Ham United,Celtic,8800000.0,1999-07-01,48,Israel
Daniel Peretz,Israel,Bayern Munich,Southampton,8000000.0,2026-07-01,48,Israel
Liel Abada,Israel,Celtic,Charlotte,8000000.0,2024-03-07,48,Israel
Yossi Benayoun,Israel,West Ham United,Liverpool,7300000.0,2007-07-12,48,Israel
Eran Zahavi,Israel,M. Tel Aviv,GZ R&F,7230000.0,2016-07-01,48,Israel
Anan Khalaili,Israel,Maccabi Haifa,Union SG,6500000.0,2024-07-01,48,Israel
Manor Solomon,Israel,M. Petah Tikva,Shakhtar D,6500000.0,2019-01-11,48,Israel
Tal Ben Haim,Israel,Chelsea,Manchester City,6400000.0,2008-07-30,48,Israel
Milan Škriniar,Slovakia,Sampdoria,Inter,34000000.0,2017-07-07,49,Slovakia
Dávid Hancko,Slovakia,Feyenoord,Atletico Madrid,26000000.0,2025-07-24,49,Slovakia
Stanislav Lobotka,Slovakia,Celta Vigo,Napoli,24000000.0,2020-01-15,49,Slovakia
Marek Hamsik,Slovakia,Napoli,DL Yifang,20000000.0,2019-02-14,49,Slovakia
Vratislav Gresko,Slovakia,Inter,Parma,16000000.0,2002-07-01,49,Slovakia
Denis Vavro,Slovakia,Copenhagen,Lazio,10500000.0,2019-07-04,49,Slovakia
Martin Skrtel,Slovakia,Zenit S-Pb,Liverpool,10000000.0,2008-01-11,49,Slovakia
Tomas Hubocan,Slovakia,Zenit S-Pb,Dinamo Moscow,8000000.0,2014-08-29,49,Slovakia
David Strelec,Slovakia,Slo. Bratislava,Middlesbrough,7500000.0,2025-09-01,49,Slovakia
Ondrej Duda,Slovakia,Hertha Berlin,Köln,7000000.0,2020-09-16,49,Slovakia
Chengdong Zhang,China,BJ Guoan,HB CFFC,20440000.0,2017-01-12,50,China
Elkeson,China,GZ Evergrande,SH SIPG,18500000.0,2016-01-21,50,China
Yuhao Zhao,China,HZ Greentown,HB CFFC,17800000.0,2017-01-12,50,China
Yongpo Wang,China,Luneng,TJ Quanjian,12440000.0,2017-02-08,50,China
Alan,China,RB Salzburg,GZ Evergrande,11100000.0,2015-01-16,50,China
Mingjian Zhao,China,Luneng,HB CFFC,10950000.0,2017-02-20,50,China
Yangyang Jin,China,GZ R&F,HB CFFC,10830000.0,2016-02-19,50,China
Hang Ren,China,JS Suning,HB CFFC,10750000.0,2017-01-01,50,China
Wenzhao Zhang,China,Luneng,GZ Evergrande,10400000.0,2016-07-07,50,China
Jinhao Bi,China,HN Jianye,SH Shenhua,9980000.0,2016-01-15,50,China
Antoine Semenyo,Ghana,Bournemouth,Manchester City,72000000.0,2026-01-09,51,Ghana
Mohammed Kudus,Ghana,West Ham United,Tottenham Hotspur,63800000.0,2025-07-10,51,Ghana
Thomas Partey,Ghana,Atletico Madrid,Arsenal,50000000.0,2020-10-05,51,Ghana
Michael Essien,Ghana,Lyon,Chelsea,38000000.0,2005-08-19,51,Ghana
Ernest Nuamah,Ghana,RWDM,Lyon,28500000.0,2024-07-07,51,Ghana
Abdul Rahman Baba,Ghana,Augsburg,Chelsea,26000000.0,2015-08-16,51,Ghana
Kamaldeen Sulemana,Ghana,Rennes,Southampton,25000000.0,2023-01-31,51,Ghana
André Ayew,Ghana,Swansea,West Ham United,24100000.0,2016-08-08,51,Ghana
Ibrahim Osman,Ghana,Nordsjaelland,Brighton & Hove Albion,19500000.0,2024-07-01,51,Ghana
Kwadwo Asamoah,Ghana,Udinese,Juventus,18000000.0,2012-07-02,51,Ghana
Mateo Retegui,Italy,Atalanta,Al-Qadsiah,68250000.0,2025-07-21,52,Italy
Sandro Tonali,Italy,AC Milan,Newcastle United,60800000.0,2023-07-03,52,Italy
Jorginho,Italy,Napoli,Chelsea,57000000.0,2018-07-14,52,Italy
Gianluigi Buffon,Italy,Parma,Juventus,52880000.0,2001-07-03,52,Italy
Christian Vieri,Italy,Lazio,Inter,46480000.0,1999-07-01,52,Italy
Riccardo Calafiori,Italy,Bologna,Arsenal,45000000.0,2024-07-29,52,Italy
Marco Verratti,Italy,Paris Saint-Germain,Al-Arabi,45000000.0,2023-09-13,52,Italy
Federico Chiesa,Italy,Fiorentina,Juventus,44600000.0,2022-07-01,52,Italy
Leonardo Bonucci,Italy,Juventus,AC Milan,42000000.0,2017-07-21,52,Italy
Alessandro Bastoni,Italy,Atalanta,Inter,40700000.0,2017-08-31,52,Italy
Erling Haaland,Norway,Borussia Dortmund,Manchester City,60000000.0,2022-07-01,53,Norway
Jørgen Strand Larsen,Norway,Wolverhampton Wanderers,Crystal Palace,49700000.0,2026-02-02,53,Norway
Martin Ødegaard,Norway,Real Madrid,Arsenal,35000000.0,2021-08-20,53,Norway
Alexander Sørloth,Norway,Villarreal,Atletico Madrid,32000000.0,2024-08-03,53,Norway
Oscar Bobb,Norway,Manchester City,Fulham,31200000.0,2026-01-30,53,Norway
Sander Berge,Norway,KRC Genk,Sheff Utd,25000000.0,2020-01-30,53,Norway
Antonio Nusa,Norway,Brugge,RB Leipzig,21000000.0,2024-08-13,53,Norway
Sindre Walle Egeli,Norway,Nordsjaelland,Ipswich,20000000.0,2025-08-29,53,Norway
Mohamed Elyounoussi,Norway,Basel,Southampton,18000000.0,2018-07-01,53,Norway
Tore André Flo,Norway,Chelsea,Rangers,18000000.0,2000-11-23,53,Norway
Josko Gvardiol,Croatia,RB Leipzig,Manchester City,90000000.0,2023-08-05,54,Croatia
Mateo Kovacic,Croatia,Real Madrid,Chelsea,45000000.0,2019-07-01,54,Croatia
Luka Modrić,Croatia,Tottenham Hotspur,Real Madrid,35000000.0,2012-08-27,54,Croatia
Nikola Vlašić,Croatia,CSKA Moscow,West Ham United,30000000.0,2021-08-31,54,Croatia
Marko Pjaca,Croatia,Dinamo Zagreb,Juventus,29400000.0,2016-07-21,54,Croatia
Dejan Lovren,Croatia,Southampton,Liverpool,25300000.0,2014-07-27,54,Croatia
Lovro Majer,Croatia,Rennes,Wolfsburg,25000000.0,2023-08-16,54,Croatia
Franjo Ivanović,Croatia,Union SG,Benfica,22800000.0,2025-07-31,54,Croatia
Nikola Kalinic,Croatia,Fiorentina,AC Milan,22500000.0,2018-07-01,54,Croatia
Mario Mandzukic,Croatia,Bayern Munich,Atletico Madrid,22000000.0,2014-07-10,54,Croatia
El Bilal Touré,Mali,Almería,Atalanta,30200000.0,2023-07-29,55,Mali
Yves Bissouma,Mali,Brighton & Hove Albion,Tottenham Hotspur,29200000.0,2022-07-01,55,Mali
Mahamadou Diarra,Mali,Lyon,Real Madrid,26000000.0,2006-08-15,55,Mali
Cheick Doucouré,Mali,Lens,Crystal Palace,22600000.0,2022-07-11,55,Mali
Abdoulaye Doucouré,Mali,Watford,Everton,22000000.0,2020-09-08,55,Mali
Amadou Haidara,Mali,Salzburg,RB Leipzig,19000000.0,2019-01-01,55,Mali
Dorgeles Nene,Mali,Salzburg,Fenerbahçe,18000000.0,2025-08-19,55,Mali
Mohamed Camara,Mali,Monaco,Al-Sadd,16500000.0,2024-07-30,55,Mali
Mahamadou Doumbia,Mali,Royal Antwerp,Al-Ittihad,16000000.0,2025-09-08,55,Mali
Moussa Djenepo,Mali,Standard Liège,Southampton,15700000.0,2019-07-01,55,Mali
Nicolas Pépé,Cote d'Ivoire,Lille,Arsenal,80000000.0,2019-08-01,56,Cote d'Ivoire
Sébastien Haller,Cote d'Ivoire,Frankfurt,West Ham United,50000000.0,2019-07-17,56,Cote d'Ivoire
Didier Drogba,Cote d'Ivoire,Marseille,Chelsea,38500000.0,2004-07-20,56,Cote d'Ivoire
Eric Bailly,Cote d'Ivoire,Villarreal,Manchester United,38000000.0,2016-07-01,56,Cote d'Ivoire
Ibrahim Sangaré,Cote d'Ivoire,PSV Eindhoven,Nott'm Forest,35000000.0,2023-09-01,56,Cote d'Ivoire
Franck Kessié,Cote d'Ivoire,Atalanta,AC Milan,32000000.0,2019-07-01,56,Cote d'Ivoire
Wilfried Singo,Cote d'Ivoire,Monaco,Galatasaray,30770000.0,2025-08-28,56,Cote d'Ivoire
Yaya Touré,Cote d'Ivoire,Barcelona,Manchester City,30000000.0,2010-07-02,56,Cote d'Ivoire
Kader Meïté,Cote d'Ivoire,Rennes,Al-Hilal,30000000.0,2026-02-01,56,Cote d'Ivoire
Jean Michaël Seri,Cote d'Ivoire,Nice,Fulham,30000000.0,2018-07-12,56,Cote d'Ivoire
Juan Iturbe,Paraguay,Hellas Verona,Roma,24500000.0,2014-07-16,57,Paraguay
Miguel Almirón,Paraguay,Atlanta,Newcastle United,24000000.0,2019-01-31,57,Paraguay
Roque Santa Cruz,Paraguay,Blackburn,Manchester City,21200000.0,2009-07-01,57,Paraguay
Diego Gómez,Paraguay,Miami,Brighton & Hove Albion,13000000.0,2025-01-01,57,Paraguay
Ramón Sosa,Paraguay,Forest,Palmeiras,12500000.0,2025-07-09,57,Paraguay
Óscar Cardozo,Paraguay,Newell's,Benfica,11670000.0,2007-07-01,57,Paraguay
Omar Alderete,Paraguay,Getafe,Sunderland,11600000.0,2025-08-12,57,Paraguay
Julio Enciso,Paraguay,Libertad,Brighton & Hove Albion,11600000.0,2022-07-01,57,Paraguay
Mauricio,Paraguay,Internacional,Palmeiras,10500000.0,2024-07-10,57,Paraguay
Gustavo Gómez,Paraguay,Lanús,AC Milan,9560000.0,2016-08-05,57,Paraguay
Aleksandr Golovin,Russia,CSKA Moscow,Monaco,30000000.0,2018-07-27,58,Russia
Yuriy Zhirkov,Russia,CSKA Moscow,Chelsea,21000000.0,2009-07-06,58,Russia
Matvey Safonov,Russia,Krasnodar,Paris Saint-Germain,20000000.0,2024-07-01,58,Russia
Aleksandr Kokorin,Russia,Dinamo Moscow,Anzhi,19000000.0,2013-07-10,58,Russia
Roman Pavlyuchenko,Russia,Spartak Moscow,Tottenham Hotspur,17400000.0,2008-08-30,58,Russia
Andrey Arshavin,Russia,Zenit S-Pb,Arsenal,16500000.0,2009-01-31,58,Russia
Igor Denisov,Russia,Zenit S-Pb,Anzhi,15000000.0,2013-07-01,58,Russia
Aleksey Miranchuk,Russia,Loko Moscow,Atalanta,15000000.0,2020-09-04,58,Russia
Arsen Zakharyan,Russia,Dynamo Moscow,Real Sociedad,13000000.0,2023-08-19,58,Russia
Aleksandr Bukharov,Russia,Rubin Kazan,Zenit S-Pb,12000000.0,2010-07-01,58,Russia
Yoane Wissa,DR Congo,Brentford,Newcastle United,57700000.0,2025-09-01,59,DR Congo
Aaron Wan-Bissaka,DR Congo,Crystal Palace,Manchester United,55000000.0,2019-07-01,59,DR Congo
Cédric Bakambu,DR Congo,Villarreal,BJ Guoan,40000000.0,2018-01-17,59,DR Congo
Yannick Bolasie,DR Congo,Crystal Palace,Everton,28900000.0,2016-08-15,59,DR Congo
Giannelli Imbula,DR Congo,Porto,Stoke City,24250000.0,2016-02-01,59,DR Congo
Britt Assombalonga,DR Congo,Nottm Forest,Middlesbrough,17100000.0,2017-07-17,59,DR Congo
Noah Sadiki,DR Congo,Union SG,Sunderland,17000000.0,2025-07-04,59,DR Congo
Benik Afobe,DR Congo,Wolverhampton Wanderers,Stoke City,13500000.0,2019-01-04,59,DR Congo
Grady Diangana,DR Congo,West Ham United,West Brom,13500000.0,2020-09-04,59,DR Congo
Chancel Mbemba,DR Congo,RSC Anderlecht,Newcastle United,12000000.0,2015-07-30,59,DR Congo
Eden Hazard,Belgium,Chelsea,Real Madrid,120800000.0,2019-07-01,60,Belgium
Romelu Lukaku,Belgium,Inter,Chelsea,113000000.0,2021-08-12,60,Belgium
Kevin De Bruyne,Belgium,Wolfsburg,Manchester City,76000000.0,2015-08-30,60,Belgium
Roméo Lavia,Belgium,Southampton,Chelsea,62100000.0,2023-08-18,60,Belgium
Jérémy Doku,Belgium,Rennes,Manchester City,60000000.0,2023-08-24,60,Belgium
Amadou Onana,Belgium,Everton,Aston Villa,59350000.0,2024-07-22,60,Belgium
Christian Benteke,Belgium,Aston Villa,Liverpool,46500000.0,2015-07-22,60,Belgium
Youri Tielemans,Belgium,Monaco,Leicester City,45000000.0,2019-07-08,60,Belgium
Loïs Openda,Belgium,RB Leipzig,Juventus,42750000.0,2026-07-01,60,Belgium
Axel Witsel,Belgium,Benfica,Zenit S-Pb,40000000.0,2012-09-03,60,Belgium
Dušan Vlahović,Serbia,Fiorentina,Juventus,85400000.0,2022-01-28,61,Serbia
Luka Jović,Serbia,E. Frankfurt,Real Madrid,63000000.0,2019-07-02,61,Serbia
Aleksandar Mitrović,Serbia,Fulham,Al-Hilal,52600000.0,2023-08-19,61,Serbia
Nemanja Matić,Serbia,Chelsea,Manchester United,44700000.0,2017-07-31,61,Serbia
Sergej Milinković-Savić,Serbia,Lazio,Al-Hilal,40000000.0,2023-07-12,61,Serbia
Djordje Petrovic,Serbia,Chelsea,Bournemouth,28900000.0,2025-07-16,61,Serbia
Lazar Markovic,Serbia,Benfica,Liverpool,25000000.0,2014-07-15,61,Serbia
Aleksandar Kolarov,Serbia,Lazio,Manchester City,23860000.0,2010-07-24,61,Serbia
Aleksandar Stanković,Serbia,Brugge,Inter,23000000.0,2026-06-28,61,Serbia
Nikola Maksimović,Serbia,Torino,Napoli,21000000.0,2017-07-01,61,Serbia
Miralem Pjanić,Bosnia-Herzegovina,Juventus,Barcelona,60000000.0,2020-09-01,62,Bosnia-Herzegovina
Edin Dzeko,Bosnia-Herzegovina,Wolfsburg,Manchester City,37000000.0,2011-01-07,62,Bosnia-Herzegovina
Ermedin Demirovic,Bosnia-Herzegovina,Augsburg,Stuttgart,23000000.0,2024-07-16,62,Bosnia-Herzegovina
Amar Dedić,Bosnia-Herzegovina,Salzburg,Benfica,12000000.0,2025-07-14,62,Bosnia-Herzegovina
Asmir Begovic,Bosnia-Herzegovina,Chelsea,Bournemouth,11500000.0,2017-07-01,62,Bosnia-Herzegovina
Rade Krunic,Bosnia-Herzegovina,Empoli,AC Milan,8600000.0,2019-07-08,62,Bosnia-Herzegovina
Zvjezdan Misimovic,Bosnia-Herzegovina,Wolfsburg,Galatasaray,8500000.0,2010-08-01,62,Bosnia-Herzegovina
Ivan Šunjić,Bosnia-Herzegovina,Dinamo Zagreb,Birmingham,8000000.0,2019-07-26,62,Bosnia-Herzegovina
Kerim Alajbegovic,Bosnia-Herzegovina,Salzburg,Bayer Leverkusen,8000000.0,2026-07-01,62,Bosnia-Herzegovina
Benjamin Tahirović,Bosnia-Herzegovina,Roma,Ajax,7500000.0,2023-07-01,62,Bosnia-Herzegovina
Orkun Kökçü,Türkiye,Benfica,Besiktas,30000000.0,2026-07-01,63,Türkiye
Ferdi Kadıoğlu,Türkiye,Fenerbahçe,Brighton & Hove Albion,30000000.0,2024-08-24,63,Türkiye
Arda Güler,Türkiye,Fenerbahçe,Real Madrid,28000000.0,2023-07-06,63,Türkiye
Uğurcan Çakır,Türkiye,Trabzonspor,Galatasaray,27500000.0,2025-09-01,63,Türkiye
Hakan Çalhanoğlu,Türkiye,Bayer Leverkusen,AC Milan,23300000.0,2017-07-03,63,Türkiye
Cenk Tosun,Türkiye,Besiktas,Everton,22500000.0,2018-01-05,63,Türkiye
Kerem Aktürkoğlu,Türkiye,Benfica,Fenerbahce,22500000.0,2025-09-01,63,Türkiye
Yusuf Akçiçek,Türkiye,Fenerbahçe,Al-Hilal,22000000.0,2025-09-01,63,Türkiye
Çağlar Söyüncü,Türkiye,Freiburg,Leicester City,21100000.0,2018-08-09,63,Türkiye
Merih Demiral,Türkiye,Juventus,Atalanta,21000000.0,2022-07-01,63,Türkiye
Achraf Hakimi,Morocco,Inter,Paris Saint-Germain,68000000.0,2021-07-06,64,Morocco
Hakim Ziyech,Morocco,Ajax,Chelsea,40000000.0,2020-07-01,64,Morocco
Nayef Aguerd,Morocco,Rennes,West Ham United,35000000.0,2022-07-01,64,Morocco
Eliesse Ben Seghir,Morocco,Monaco,Bayer Leverkusen,32000000.0,2025-08-31,64,Morocco
Medhi Benatia,Morocco,Roma,Bayern Munich,28000000.0,2014-08-27,64,Morocco
Issa Diop,Morocco,Toulouse,West Ham United,25000000.0,2018-07-01,64,Morocco
Neil El Aynaoui,Morocco,Lens,Roma,23500000.0,2025-07-20,64,Morocco
Bilal El Khannouss,Morocco,Genk,Leicester City,22500000.0,2024-08-29,64,Morocco
Sofiane Diop,Morocco,Monaco,Nice,22000000.0,2022-08-29,64,Morocco
Yassine Bounou,Morocco,Sevilla,Al-Hilal,21000000.0,2023-08-17,64,Morocco
Pavel Nedved,Czech Republic,Lazio,Juventus,45000000.0,2001-07-01,65,Czech Republic
Patrik Schick,Czech Republic,Sampdoria,Roma,42000000.0,2018-07-01,65,Czech Republic
Adam Hlozek,Czech Republic,Bayer Leverkusen,Hoffenheim,18000000.0,2024-08-17,65,Czech Republic
Antonín Kinský,Czech Republic,Slavia Prague,Tottenham Hotspur,16500000.0,2025-01-05,65,Czech Republic
Tomáš Souček,Czech Republic,Slavia Prague,West Ham United,16200000.0,2020-07-27,65,Czech Republic
Tomas Rosicky,Czech Republic,Sparta Prague,Borussia Dortmund,14500000.0,2001-01-01,65,Czech Republic
Jakub Jankto,Czech Republic,Udinese,Sampdoria,14500000.0,2019-07-01,65,Czech Republic
Petr Cech,Czech Republic,Chelsea,Arsenal,14000000.0,2015-07-01,65,Czech Republic
David Jurásek,Czech Republic,Slavia Praha,Benfica,14000000.0,2023-07-10,65,Czech Republic
Matej Vydra,Czech Republic,Derby,Burnley,12200000.0,2018-08-07,65,Czech Republic
Radu Drăgușin,Romania,Genoa,Tottenham Hotspur,28000000.0,2024-01-11,66,Romania
Cristian Chivu,Romania,Ajax,Roma,18000000.0,2003-07-07,66,Romania
Dennis Man,Romania,FCSB,Parma,12600000.0,2021-01-29,66,Romania
Răzvan Marin,Romania,Standard Liège,Ajax,12500000.0,2019-07-01,66,Romania
Ionuț Radu,Romania,Genoa,Inter,11500000.0,2019-07-12,66,Romania
Nicolae Stanciu,Romania,Steaua Bucharest,RSC Anderlecht,11000000.0,2016-08-29,66,Romania
Valentin Mihăilă,Romania,Univ. Craiova,Parma,9500000.0,2020-10-05,66,Romania
Vlad Chiricheș,Romania,Steaua Bucharest,Tottenham Hotspur,9500000.0,2013-08-30,66,Romania
Alexandru Mitriță,Romania,Univ. Craiova,New York City,8000000.0,2019-02-04,66,Romania
George Pușcaș,Romania,Inter,Reading,7500000.0,2019-08-07,66,Romania
Scott McTominay,Scotland,Manchester United,Napoli,30500000.0,2024-08-30,67,Scotland
Kieran Tierney,Scotland,Celtic,Arsenal,27000000.0,2019-08-08,67,Scotland
Ben Gannon-Doak,Scotland,Liverpool,Bournemouth,23200000.0,2025-08-18,67,Scotland
Oli McBurnie,Scotland,Swansea,Sheff Utd,19100000.0,2019-08-02,67,Scotland
Ché Adams,Scotland,Birmingham,Southampton,16700000.0,2019-07-01,67,Scotland
Steven Fletcher,Scotland,Wolverhampton Wanderers,Sunderland,15200000.0,2012-08-24,67,Scotland
Oliver Burke,Scotland,RB Leipzig,West Brom,15200000.0,2017-08-25,67,Scotland
Billy Gilmour,Scotland,Brighton & Hove Albion,Napoli,14750000.0,2024-08-30,67,Scotland
Ross McCormack,Scotland,Fulham,Aston Villa,14300000.0,2016-08-04,67,Scotland
Aaron Hickey,Scotland,Bologna,Brentford,14250000.0,2022-07-09,67,Scotland
Alexander Isak,Sweden,Newcastle United,Liverpool,145000000.0,2025-09-01,68,Sweden
Zlatan Ibrahimović,Sweden,Inter,Barcelona,69500000.0,2009-07-27,68,Sweden
Viktor Gyökeres,Sweden,Sporting CP,Arsenal,66900000.0,2025-07-26,68,Sweden
Anthony Elanga,Sweden,Nott'm Forest,Newcastle United,61400000.0,2025-07-11,68,Sweden
Dejan Kulusevski,Sweden,Atalanta,Juventus,39000000.0,2020-01-02,68,Sweden
Victor Lindelöf,Sweden,Benfica,Manchester United,35000000.0,2017-07-01,68,Sweden
Lucas Bergvall,Sweden,Djurgården,Tottenham Hotspur,20000000.0,2024-07-01,68,Sweden
Johan Elmander,Sweden,Toulouse,Bolton,12600000.0,2008-07-01,68,Sweden
Adrian Lahdo,Sweden,Hammarby,Como,11940000.0,2026-02-02,68,Sweden
Gabriel Gudmundsson,Sweden,Lille,Leeds United,11600000.0,2025-07-08,68,Sweden
Gareth Bale,Wales,Tottenham Hotspur,Real Madrid,101000000.0,2013-09-01,69,Wales
Brennan Johnson,Wales,Forest,Tottenham Hotspur,55000000.0,2023-09-01,69,Wales
Daniel James,Wales,Manchester United,Leeds United,29100000.0,2021-08-31,69,Wales
Neco Williams,Wales,Liverpool,Forest,20000000.0,2022-07-10,69,Wales
Joe Allen,Wales,Swansea,Liverpool,19000000.0,2012-08-10,69,Wales
Craig Bellamy,Wales,West Ham United,Manchester City,15500000.0,2009-01-19,69,Wales
Danny Ward,Wales,Liverpool,Leicester City,14000000.0,2018-07-20,69,Wales
Ashley Williams,Wales,Swansea,Everton,14000000.0,2016-08-10,69,Wales
Harry Wilson,Wales,Liverpool,Fulham,14000000.0,2021-07-24,69,Wales
Chris Mepham,Wales,Brentford,Bournemouth,13600000.0,2019-01-22,69,Wales
Robert Lewandowski,Poland,Bayern Munich,Barcelona,45000000.0,2022-07-19,70,Poland
Krzysztof Piatek,Poland,Genoa,AC Milan,35000000.0,2019-01-23,70,Poland
Arkadiusz Milik,Poland,Ajax,Napoli,32000000.0,2016-08-01,70,Poland
Grzegorz Krychowiak,Poland,Sevilla,Paris Saint-Germain,27500000.0,2016-07-03,70,Poland
Jakub Kiwior,Poland,Spezia Calcio,Arsenal,19500000.0,2023-01-23,70,Poland
Wojciech Szczęsny,Poland,Arsenal,Juventus,18400000.0,2017-07-19,70,Poland
Nicola Zalewski,Poland,Inter,Atalanta,17500000.0,2025-08-18,70,Poland
Piotr Zielinski,Poland,Udinese,Napoli,16000000.0,2016-08-04,70,Poland
Matty Cash,Poland,Forest,Aston Villa,15750000.0,2020-09-03,70,Poland
Marcin Bulka,Poland,Nice,NEOM,15000000.0,2025-07-05,70,Poland
João Félix,Portugal,Benfica,Atletico Madrid,127200000.0,2019-07-03,71,Portugal
Cristiano Ronaldo,Portugal,Real Madrid,Juventus,117000000.0,2018-07-10,71,Portugal
Rúben Dias,Portugal,Benfica,Manchester City,71600000.0,2020-09-29,71,Portugal
João Neves,Portugal,Benfica,Paris Saint-Germain,65920000.0,2024-08-05,71,Portugal
Bruno Fernandes,Portugal,Sporting CP,Manchester United,65000000.0,2020-01-29,71,Portugal
Gonçalo Ramos,Portugal,Benfica,Paris Saint-Germain,65000000.0,2024-01-01,71,Portugal
João Cancelo,Portugal,Juventus,Manchester City,65000000.0,2019-08-07,71,Portugal
Matheus Nunes,Portugal,Wolverhampton Wanderers,Manchester City,62000000.0,2023-09-01,71,Portugal
Pedro Neto,Portugal,Wolverhampton Wanderers,Chelsea,60000000.0,2024-08-11,71,Portugal
Otávio,Portugal,Porto,Al-Nassr,60000000.0,2023-08-22,71,Portugal
Frenkie de Jong,Netherlands,Ajax,Barcelona,86000000.0,2019-07-01,72,Netherlands
Matthijs de Ligt,Netherlands,Ajax,Juventus,85500000.0,2019-07-18,72,Netherlands
Virgil van Dijk,Netherlands,Southampton,Liverpool,84650000.0,2018-01-01,72,Netherlands
Xavi Simons,Netherlands,RB Leipzig,Tottenham Hotspur,65000000.0,2025-08-29,72,Netherlands
Teun Koopmeiners,Netherlands,Atalanta,Juventus,58400000.0,2024-08-28,72,Netherlands
Tijjani Reijnders,Netherlands,AC Milan,Manchester City,55000000.0,2025-06-10,72,Netherlands
Nathan Aké,Netherlands,Bournemouth,Manchester City,45300000.0,2020-08-05,72,Netherlands
Ian Maatsen,Netherlands,Chelsea,Aston Villa,44500000.0,2024-07-01,72,Netherlands
Jorrel Hato,Netherlands,Ajax,Chelsea,44180000.0,2025-08-03,72,Netherlands
Joshua Zirkzee,Netherlands,Bologna,Manchester United,42500000.0,2024-07-14,72,Netherlands
Hirving Lozano,Mexico,PSV Eindhoven,Napoli,50000000.0,2019-08-23,73,Mexico
Edson Álvarez,Mexico,Ajax,West Ham United,38000000.0,2023-08-10,73,Mexico
Raúl Jiménez,Mexico,Benfica,Wolverhampton Wanderers,38000000.0,2019-07-01,73,Mexico
Santiago Gimenez,Mexico,Feyenoord,AC Milan,32000000.0,2025-02-03,73,Mexico
Chicharito,Mexico,Bayer Leverkusen,West Ham United,17800000.0,2017-07-24,73,Mexico
Rodolfo Pizarro,Mexico,Pachuca,Chivas,14750000.0,2017-01-01,73,Mexico
Carlos Vela,Mexico,Arsenal,Real Sociedad,14000000.0,2012-08-10,73,Mexico
César Montes,Mexico,Espanyol,Almería,14000000.0,2023-09-01,73,Mexico
Diego Lainez,Mexico,América,Real Betis,14000000.0,2019-01-10,73,Mexico
Julián Quiñones,Mexico,América,Al-Qadsiah,13800000.0,2024-07-18,73,Mexico
Nathan Collins,Ireland,Wolverhampton Wanderers,Brentford,26850000.0,2023-07-04,74,Ireland
Damien Duff,Ireland,Blackburn,Chelsea,24500000.0,2003-07-21,74,Ireland
Robbie Keane,Ireland,Tottenham Hotspur,Liverpool,24000000.0,2008-07-28,74,Ireland
Jake O'Brien,Ireland,Lyon,Everton,19500000.0,2024-07-30,74,Ireland
Matt Doherty,Ireland,Wolverhampton Wanderers,Tottenham Hotspur,16800000.0,2020-08-30,74,Ireland
James McCarthy,Ireland,Wigan,Everton,15300000.0,2013-09-02,74,Ireland
Robbie Brady,Ireland,Norwich,Burnley,15100000.0,2017-01-31,74,Ireland
Shane Long,Ireland,Hull City,Southampton,14900000.0,2014-08-14,74,Ireland
Caoimhín Kelleher,Ireland,Liverpool,Brentford,14800000.0,2025-07-01,74,Ireland
Dara O'Shea,Ireland,Burnley,Ipswich,14200000.0,2024-08-25,74,Ireland
Shoya Nakajima,Japan,Portimonense,Al-Duhail,35000000.0,2019-02-03,75,Japan
Hiroki Ito,Japan,Stuttgart,Bayern Munich,23500000.0,2024-07-01,75,Japan
Ritsu Doan,Japan,Freiburg,Frankfurt,21000000.0,2025-08-07,75,Japan
Wataru Endo,Japan,Stuttgart,Liverpool,20000000.0,2023-08-18,75,Japan
Takehiro Tomiyasu,Japan,Bologna,Arsenal,18600000.0,2021-08-31,75,Japan
Shinji Kagawa,Japan,Borussia Dortmund,Manchester United,16000000.0,2012-07-01,75,Japan
Takumi Minamino,Japan,Liverpool,Monaco,15000000.0,2022-07-01,75,Japan
Keito Nakamura,Japan,LASK,Stade Reims,12000000.0,2023-08-10,75,Japan
Kyogo Furuhashi,Japan,Celtic,Rennes,12000000.0,2025-01-27,75,Japan
Shinji Okazaki,Japan,Mainz 05,Leicester City,11000000.0,2015-07-01,75,Japan
Kepa Arrizabalaga,Spain,Athletic Bilbao,Chelsea,80000000.0,2018-08-08,76,Spain
Rodri,Spain,Atletico Madrid,Manchester City,70000000.0,2019-07-04,76,Spain
Martín Zubimendi,Spain,Real Sociedad,Arsenal,70000000.0,2025-07-06,76,Spain
Álvaro Morata,Spain,Real Madrid,Chelsea,66000000.0,2017-07-21,76,Spain
Marc Cucurella,Spain,Brighton & Hove Albion,Chelsea,65300000.0,2022-08-05,76,Spain
Aymeric Laporte,Spain,Athletic Bilbao,Manchester City,65000000.0,2018-01-30,76,Spain
Dean Huijsen,Spain,Bournemouth,Real Madrid,62500000.0,2025-06-01,76,Spain
Dani Olmo,Spain,RB Leipzig,Barcelona,61000000.0,2024-08-09,76,Spain
Diego Costa,Spain,Chelsea,Atletico Madrid,60000000.0,2018-01-01,76,Spain
Nico González,Spain,Porto,Manchester City,60000000.0,2025-02-03,76,Spain
Mykhaylo Mudryk,Ukraine,Shakhtar D,Chelsea,70000000.0,2023-01-15,77,Ukraine
Ilya Zabarnyi,Ukraine,Bournemouth,Paris Saint-Germain,63000000.0,2025-08-12,77,Ukraine
Andriy Shevchenko,Ukraine,AC Milan,Chelsea,43880000.0,2006-07-01,77,Ukraine
Artem Dovbyk,Ukraine,Girona,Roma,41100000.0,2024-08-02,77,Ukraine
Oleksandr Zinchenko,Ukraine,Manchester City,Arsenal,35000000.0,2022-07-22,77,Ukraine
Andriy Yarmolenko,Ukraine,Dynamo Kyiv,Borussia Dortmund,25000000.0,2017-08-28,77,Ukraine
Dmytro Chygrynskyi,Ukraine,Shakhtar D,Barcelona,25000000.0,2009-08-31,77,Ukraine
Vitaliy Mykolenko,Ukraine,Dynamo Kyiv,Everton,23500000.0,2022-01-01,77,Ukraine
Georgiy Sudakov,Ukraine,Shakhtar D,Benfica,20250000.0,2026-07-01,77,Ukraine
Roman Yaremchuk,Ukraine,KAA Gent,Benfica,17000000.0,2021-07-31,77,Ukraine
Riyad Mahrez,Algeria,Leicester City,Manchester City,67800000.0,2018-07-10,78,Algeria
Rayan Aït-Nouri,Algeria,Wolverhampton Wanderers,Manchester City,36800000.0,2025-06-09,78,Algeria
Islam Slimani,Algeria,Sporting CP,Leicester City,31000000.0,2016-08-31,78,Algeria
Amine Gouiri,Algeria,Nice,Rennes,28000000.0,2022-09-01,78,Algeria
Saïd Benrahma,Algeria,Brentford,West Ham United,23100000.0,2021-01-29,78,Algeria
Nabil Bentaleb,Algeria,Tottenham Hotspur,Schalke,19000000.0,2017-07-01,78,Algeria
Ismaël Bennacer,Algeria,Empoli,AC Milan,17200000.0,2019-08-04,78,Algeria
Badredine Bouanani,Algeria,Nice,Stuttgart,15000000.0,2025-08-31,78,Algeria
Mohamed Amoura,Algeria,Union SG,Wolfsburg,14750000.0,2025-07-01,78,Algeria
Rachid Ghezzal,Algeria,Monaco,Leicester City,14000000.0,2018-08-05,78,Algeria
Konstantinos Manolas,Greece,Roma,Napoli,36000000.0,2019-07-01,79,Greece
Charalampos Kostoulas,Greece,Olympiacos,Brighton & Hove Albion,35000000.0,2025-07-01,79,Greece
Stefanos Tzimas,Greece,Nuremberg,Brighton & Hove Albion,26500000.0,2025-02-03,79,Greece
Odysseas Vlachodimos,Greece,Forest,Newcastle United,23600000.0,2024-07-01,79,Greece
Fotis Ioannidis,Greece,Panathinaikos,Sporting CP,22000000.0,2025-09-01,79,Greece
Konstantinos Mavropanos,Greece,Stuttgart,West Ham United,20000000.0,2023-08-22,79,Greece
Vangelis Pavlidis,Greece,AZ Alkmaar,Benfica,18000000.0,2024-07-01,79,Greece
Panagiotis Retsos,Greece,Olympiacos,Bayer Leverkusen,17500000.0,2017-08-31,79,Greece
Sokratis Papastathopoulos,Greece,Borussia Dortmund,Arsenal,16000000.0,2018-07-02,79,Greece
Konstantinos Mitroglou,Greece,Olympiacos,Fulham,15200000.0,2014-01-31,79,Greece
Kylian Mbappé,France,Monaco,Paris Saint-Germain,180000000.0,2018-07-01,80,France
Ousmane Dembélé,France,Borussia Dortmund,Barcelona,148000000.0,2017-08-25,80,France
Antoine Griezmann,France,Atletico Madrid,Barcelona,120000000.0,2019-07-14,80,France
Paul Pogba,France,Juventus,Manchester United,105000000.0,2016-08-09,80,France
Hugo Ekitiké,France,Frankfurt,Liverpool,95000000.0,2025-07-23,80,France
Randal Kolo Muani,France,Frankfurt,Paris Saint-Germain,95000000.0,2023-09-01,80,France
Wesley Fofana,France,Leicester City,Chelsea,80400000.0,2022-08-31,80,France
Aurélien Tchouaméni,France,Monaco,Real Madrid,80000000.0,2022-07-01,80,France
Lucas Hernández,France,Atletico Madrid,Bayern Munich,80000000.0,2019-07-01,80,France
Zinédine Zidane,France,Juventus,Real Madrid,77500000.0,2001-07-09,80,France
Darwin Núñez,Uruguay,Benfica,Liverpool,85000000.0,2022-07-01,81,Uruguay
Luis Suárez,Uruguay,Liverpool,Barcelona,81720000.0,2014-07-11,81,Uruguay
Edinson Cavani,Uruguay,Napoli,Paris Saint-Germain,64500000.0,2013-07-16,81,Uruguay
Manuel Ugarte,Uruguay,Sporting CP,Paris Saint-Germain,60000000.0,2023-07-07,81,Uruguay
Rodrigo Zalazar,Uruguay,Braga,Sporting CP,30000000.0,2026-07-01,81,Uruguay
Lucas Torreira,Uruguay,Sampdoria,Arsenal,28650000.0,2018-07-10,81,Uruguay
Matías Vecino,Uruguay,Fiorentina,Inter,24000000.0,2017-08-02,81,Uruguay
Rodrigo Bentancur,Uruguay,Boca Juniors,Juventus,23500000.0,2017-07-01,81,Uruguay
Diego Forlán,Uruguay,Villarreal,Atletico Madrid,21000000.0,2007-07-01,81,Uruguay
Luciano Rodríguez,Uruguay,EC Bahia,NEOM,20000000.0,2025-09-10,81,Uruguay
Rasmus Højlund,Denmark,Atalanta,Manchester United,79800000.0,2023-08-05,82,Denmark
Patrick Dorgu,Denmark,Lecce,Manchester United,30000000.0,2025-02-02,82,Denmark
Jesper Lindstrøm,Denmark,E. Frankfurt,Napoli,30000000.0,2023-08-29,82,Denmark
Joachim Andersen,Denmark,Crystal Palace,Fulham,29500000.0,2024-08-23,82,Denmark
Matt O'Riley,Denmark,Celtic,Brighton & Hove Albion,29500000.0,2024-08-26,82,Denmark
Christian Eriksen,Denmark,Tottenham Hotspur,Inter,27000000.0,2020-01-28,82,Denmark
Jannik Vestergaard,Denmark,Borussia Mönchengladbach,Southampton,25000000.0,2018-07-13,82,Denmark
Filip Jørgensen,Denmark,Villarreal,Chelsea,24500000.0,2024-07-30,82,Denmark
Conrad Harder,Denmark,Sporting CP,RB Leipzig,24000000.0,2025-09-01,82,Denmark
Mads Hermansen,Denmark,Leicester City,West Ham United,20800000.0,2025-08-09,82,Denmark
Kalidou Koulibaly,Senegal,Napoli,Chelsea,41900000.0,2022-07-16,83,Senegal
Sadio Mané,Senegal,Southampton,Liverpool,41200000.0,2016-07-01,83,Senegal
Nicolas Jackson,Senegal,Villarreal,Chelsea,37000000.0,2023-07-01,83,Senegal
Abdou Diallo,Senegal,Borussia Dortmund,Paris Saint-Germain,32000000.0,2019-07-16,83,Senegal
Moussa Niakhaté,Senegal,Forest,Lyon,31900000.0,2024-07-04,83,Senegal
Habib Diarra,Senegal,R. Strasbourg,Sunderland,31500000.0,2025-07-01,83,Senegal
Keita Baldé,Senegal,Lazio,Monaco,30000000.0,2017-08-29,83,Senegal
Ismaïla Sarr,Senegal,Rennes,Watford,30000000.0,2019-08-08,83,Senegal
Idrissa Gueye,Senegal,Everton,Paris Saint-Germain,30000000.0,2019-07-30,83,Senegal
Edouard Mendy,Senegal,Rennes,Chelsea,24000000.0,2020-09-24,83,Senegal
Christian Pulisic,United States,Borussia Dortmund,Chelsea,64000000.0,2019-01-02,84,United States
Malik Tillman,United States,PSV Eindhoven,Bayer Leverkusen,35000000.0,2025-07-12,84,United States
Brenden Aaronson,United States,Salzburg,Leeds United,32840000.0,2022-07-01,84,United States
Folarin Balogun,United States,Arsenal,Monaco,30000000.0,2023-08-30,84,United States
Tyler Adams,United States,Leeds United,Bournemouth,26900000.0,2023-08-20,84,United States
Johnny Cardoso,United States,Real Betis,Atletico Madrid,24000000.0,2025-07-16,84,United States
Weston McKennie,United States,Schalke,Juventus,21900000.0,2021-07-01,84,United States
Yunus Musah,United States,Valencia,AC Milan,21200000.0,2023-08-04,84,United States
Sergiño Dest,United States,Ajax,Barcelona,21000000.0,2020-10-01,84,United States
Josh Sargent,United States,Norwich,Toronto,18650000.0,2026-02-27,84,United States
Christoph Baumgartner,Austria,Hoffenheim,RB Leipzig,25500000.0,2023-07-01,85,Austria
Marko Arnautovic,Austria,West Ham United,SH SIPG,25000000.0,2019-07-08,85,Austria
Kevin Danso,Austria,Lens,Tottenham Hotspur,25000000.0,2025-07-01,85,Austria
Valentino Lazaro,Austria,Hertha Berlin,Inter,22400000.0,2019-07-01,85,Austria
Aleksandar Dragovic,Austria,Dynamo Kyiv,Bayer Leverkusen,21000000.0,2016-08-23,85,Austria
Carney Chukwuemeka,Austria,Chelsea,Borussia Dortmund,20000000.0,2025-08-26,85,Austria
Nicolas Seiwald,Austria,RB Salzburg,RB Leipzig,20000000.0,2023-07-01,85,Austria
Kevin Wimmer,Austria,Tottenham Hotspur,Stoke City,19400000.0,2017-08-29,85,Austria
Marcel Sabitzer,Austria,Bayern Munich,Borussia Dortmund,19000000.0,2023-07-24,85,Austria
Jannik Schuster,Austria,Salzburg,Brentford,18000000.0,2026-07-01,85,Austria
Victor Osimhen,Nigeria,Lille,Napoli,78900000.0,2020-09-01,86,Nigeria
Ademola Lookman,Nigeria,Atalanta,Atletico Madrid,35000000.0,2026-02-02,86,Nigeria
George Ilenikhena,Nigeria,Monaco,Al-Ittihad,33000000.0,2026-02-02,86,Nigeria
Alex Iwobi,Nigeria,Arsenal,Everton,30400000.0,2019-08-08,86,Nigeria
Zadok Yohanna,Nigeria,AIK,Brighton & Hove Albion,28000000.0,2026-07-01,86,Nigeria
Kelechi Iheanacho,Nigeria,Manchester City,Leicester City,27700000.0,2017-08-03,86,Nigeria
Tolu Arokodare,Nigeria,KRC Genk,Wolverhampton Wanderers,26000000.0,2025-09-01,86,Nigeria
Nathan Tella,Nigeria,Southampton,Bayer Leverkusen,23300000.0,2023-08-27,86,Nigeria
Odion Ighalo,Nigeria,Watford,CC Yatai,23300000.0,2017-01-31,86,Nigeria
Calvin Bassey,Nigeria,Rangers,Ajax,23000000.0,2022-07-20,86,Nigeria
Neymar,Brazil,Barcelona,Paris Saint-Germain,222000000.0,2017-08-03,87,Brazil
Philippe Coutinho,Brazil,Liverpool,Barcelona,135000000.0,2018-01-08,87,Brazil
Antony,Brazil,Ajax,Manchester United,95000000.0,2022-08-30,87,Brazil
Arthur Melo,Brazil,Barcelona,Juventus,80600000.0,2020-09-01,87,Brazil
Matheus Cunha,Brazil,Wolverhampton Wanderers,Manchester United,74200000.0,2025-07-01,87,Brazil
Alisson,Brazil,Roma,Liverpool,72500000.0,2018-07-19,87,Brazil
Casemiro,Brazil,Real Madrid,Manchester United,70650000.0,2022-08-22,87,Brazil
Kaká,Brazil,AC Milan,Real Madrid,67000000.0,2009-07-01,87,Brazil
João Pedro,Brazil,Brighton & Hove Albion,Chelsea,63700000.0,2025-07-02,87,Brazil
Oscar,Brazil,Chelsea,SH SIPG,60000000.0,2017-01-01,87,Brazil
Moteb Al-Harbi,Saudi Arabia,Al-Shabab,Al-Hilal,28950000.0,2024-09-01,88,Saudi Arabia
Faisal Al-Ghamdi,Saudi Arabia,Al-Ettifaq,Al-Ittihad,11720000.0,2023-09-07,88,Saudi Arabia
Musab Al-Juwayr,Saudi Arabia,Al-Hilal,Al-Qadsiah,11520000.0,2025-08-03,88,Saudi Arabia
Hassan Tambakti,Saudi Arabia,Al-Shabab,Al-Hilal,11500000.0,2023-08-21,88,Saudi Arabia
Ahmed Al-Julaydan,Saudi Arabia,Al-Fateh,Al-Ittihad,10900000.0,2025-08-13,88,Saudi Arabia
Hassan Kadesh,Saudi Arabia,Al-Taawoun,Al-Ittihad,9880000.0,2023-08-31,88,Saudi Arabia
Firas Al-Buraikan,Saudi Arabia,Al-Fateh,Al-Ahli,9830000.0,2023-09-03,88,Saudi Arabia
Yahya Al-Shehri,Saudi Arabia,Al-Ettifaq,Al-Nassr,9800000.0,2013-07-01,88,Saudi Arabia
Saad Al-Nasser,Saudi Arabia,Al-Taawoun,Al-Nassr,9770000.0,2025-08-31,88,Saudi Arabia
Hamed Al-Ghamdi,Saudi Arabia,Al-Ettifaq,Al-Ittihad,9160000.0,2025-07-18,88,Saudi Arabia
Bryan Mbeumo,Cameroon,Brentford,Manchester United,75000000.0,2025-07-21,89,Cameroon
André Onana,Cameroon,Inter,Manchester United,50200000.0,2023-07-20,89,Cameroon
Samuel Eto'o,Cameroon,Inter,Anzhi,27000000.0,2011-08-24,89,Cameroon
Carlos Baleba,Cameroon,Lille,Brighton & Hove Albion,27000000.0,2023-08-29,89,Cameroon
Frank Anguissa,Cameroon,Marseille,Fulham,24850000.0,2018-08-09,89,Cameroon
Alex Song,Cameroon,Arsenal,Barcelona,19000000.0,2012-08-20,89,Cameroon
Karl Toko Ekambi,Cameroon,Angers SCO,Villarreal,18000000.0,2018-07-01,89,Cameroon
Clinton N'Jie,Cameroon,Lyon,Tottenham Hotspur,14100000.0,2015-08-15,89,Cameroon
Jackson Tchatchoua,Cameroon,Hellas Verona,Wolverhampton Wanderers,12500000.0,2025-08-19,89,Cameroon
Vincent Aboubakar,Cameroon,Lorient,Porto,12300000.0,2014-08-24,89,Cameroon
Jhon Durán,Colombia,Aston Villa,Al-Nassr,77000000.0,2025-01-31,90,Colombia
James Rodríguez,Colombia,Monaco,Real Madrid,75000000.0,2014-07-22,90,Colombia
Luis Díaz,Colombia,Liverpool,Bayern Munich,70000000.0,2025-07-30,90,Colombia
Radamel Falcao,Colombia,Atletico Madrid,Monaco,43000000.0,2013-07-01,90,Colombia
Jackson Martínez,Colombia,Atletico Madrid,GZ Evergrande,42000000.0,2016-02-03,90,Colombia
Davinson Sánchez,Colombia,Ajax,Tottenham Hotspur,42000000.0,2017-08-23,90,Colombia
Carlos Bacca,Colombia,Sevilla,AC Milan,33300000.0,2015-07-03,90,Colombia
Juan Cuadrado,Colombia,Fiorentina,Chelsea,31000000.0,2015-02-02,90,Colombia
Jefferson Lerma,Colombia,Levante,Bournemouth,30500000.0,2018-08-07,90,Colombia
Yerry Mina,Colombia,Barcelona,Everton,30250000.0,2018-08-09,90,Colombia
Moisés Caicedo,Ecuador,Brighton & Hove Albion,Chelsea,116000000.0,2023-08-14,91,Ecuador
Piero Hincapié,Ecuador,Bayer Leverkusen,Arsenal,52000000.0,2026-07-01,91,Ecuador
Willian Pacho,Ecuador,E. Frankfurt,Paris Saint-Germain,40000000.0,2024-08-09,91,Ecuador
Antonio Valencia,Ecuador,Wigan,Manchester United,18800000.0,2009-07-01,91,Ecuador
Pervis Estupiñán,Ecuador,Villarreal,Brighton & Hove Albion,17800000.0,2022-08-16,91,Ecuador
Nilson Angulo,Ecuador,RSC Anderlecht,Sunderland,17340000.0,2026-02-02,91,Ecuador
Enner Valencia,Ecuador,Pachuca,West Ham United,15000000.0,2014-07-17,91,Ecuador
Gonzalo Plata,Ecuador,Real Valladolid,Al-Sadd,12000000.0,2023-07-23,91,Ecuador
Kendry Páez,Ecuador,Independiente,Chelsea,10000000.0,2025-07-01,91,Ecuador
Keny Arroyo,Ecuador,Besiktas,Cruzeiro,8500000.0,2025-09-02,91,Ecuador
Jude Bellingham,England,Borussia Dortmund,Real Madrid,127000000.0,2023-07-01,92,England
Jack Grealish,England,Aston Villa,Manchester City,117500000.0,2021-08-05,92,England
Declan Rice,England,West Ham United,Arsenal,116600000.0,2023-07-15,92,England
Harry Kane,England,Tottenham Hotspur,Bayern Munich,95000000.0,2023-08-12,92,England
Harry Maguire,England,Leicester City,Manchester United,87000000.0,2019-08-05,92,England
Jadon Sancho,England,Borussia Dortmund,Manchester United,85000000.0,2021-07-23,92,England
Anthony Gordon,England,Newcastle United,Barcelona,80000000.0,2026-07-01,92,England
Eberechi Eze,England,Crystal Palace,Arsenal,69300000.0,2025-08-23,92,England
Mason Mount,England,Chelsea,Manchester United,67700000.0,2023-07-05,92,England
Dominic Solanke,England,Bournemouth,Tottenham Hotspur,64300000.0,2024-08-10,92,England
Florian Wirtz,Germany,Bayer Leverkusen,Liverpool,125000000.0,2025-07-01,93,Germany
Kai Havertz,Germany,Bayer Leverkusen,Chelsea,100000000.0,2020-09-04,93,Germany
Nick Woltemade,Germany,Stuttgart,Newcastle United,75000000.0,2025-08-30,93,Germany
Timo Werner,Germany,RB Leipzig,Chelsea,53000000.0,2020-07-01,93,Germany
Leroy Sané,Germany,Schalke,Manchester City,52000000.0,2016-08-02,93,Germany
Mesut Özil,Germany,Real Madrid,Arsenal,47000000.0,2013-09-02,93,Germany
Julian Draxler,Germany,Schalke,Wolfsburg,43000000.0,2015-08-31,93,Germany
Shkodran Mustafi,Germany,Valencia,Arsenal,41000000.0,2016-08-30,93,Germany
Mario Götze,Germany,Borussia Dortmund,Bayern Munich,37000000.0,2013-07-01,93,Germany
Thilo Kehrer,Germany,Schalke,Paris Saint-Germain,37000000.0,2018-08-16,93,Germany
Enzo Fernández,Argentina,Benfica,Chelsea,121000000.0,2023-01-31,94,Argentina
Gonzalo Higuaín,Argentina,Napoli,Juventus,90000000.0,2016-07-26,94,Argentina
Julián Alvarez,Argentina,Manchester City,Atletico Madrid,75000000.0,2024-08-12,94,Argentina
Ángel Di María,Argentina,Real Madrid,Manchester United,75000000.0,2014-08-26,94,Argentina
Lisandro Martínez,Argentina,Ajax,Manchester United,57370000.0,2022-07-27,94,Argentina
Hernán Crespo,Argentina,Parma,Lazio,56810000.0,2000-07-11,94,Argentina
Cristian Romero,Argentina,Atalanta,Tottenham Hotspur,53800000.0,2022-08-30,94,Argentina
Mauro Icardi,Argentina,Inter,Paris Saint-Germain,50000000.0,2020-07-01,94,Argentina
Alejandro Garnacho,Argentina,Manchester United,Chelsea,46200000.0,2025-08-30,94,Argentina
Franco Mastantuono,Argentina,River Plate,Real Madrid,45000000.0,2025-08-14,94,Argentina
Alexis Sánchez,Chile,Barcelona,Arsenal,42500000.0,2014-07-10,95,Chile
Arturo Vidal,Chile,Juventus,Bayern Munich,39250000.0,2015-07-28,95,Chile
Marcelo Salas,Chile,Lazio,Juventus,25000000.0,2001-08-17,95,Chile
Claudio Bravo,Chile,Barcelona,Manchester City,18000000.0,2016-08-25,95,Chile
Guillermo Maripán,Chile,Alavés,Monaco,18000000.0,2019-08-24,95,Chile
Mauricio Isla,Chile,Udinese,Juventus,13900000.0,2012-07-02,95,Chile
Eduardo Vargas,Chile,U. de Chile,Napoli,13500000.0,2012-01-09,95,Chile
Gary Medel,Chile,Sevilla,Cardiff,13000000.0,2013-08-11,95,Chile
Charles Aránguiz,Chile,Internacional,Bayer Leverkusen,13000000.0,2015-08-13,95,Chile
Erick Pulgar,Chile,Bologna,Fiorentina,12300000.0,2019-08-09,95,Chile
Granit Xhaka,Switzerland,Borussia Mönchengladbach,Arsenal,45000000.0,2016-07-01,96,Switzerland
Dan Ndoye,Switzerland,Bologna,Nott'm Forest,42000000.0,2025-07-31,96,Switzerland
Ardon Jashari,Switzerland,Brugge,AC Milan,36000000.0,2025-08-06,96,Switzerland
Breel Embolo,Switzerland,Basel,Schalke,26500000.0,2016-07-01,96,Switzerland
Manuel Akanji,Switzerland,Basel,Borussia Dortmund,21500000.0,2018-01-15,96,Switzerland
Denis Zakaria,Switzerland,Juventus,Monaco,20000000.0,2023-08-14,96,Switzerland
Noah Okafor,Switzerland,AC Milan,Leeds United,19000000.0,2025-08-21,96,Switzerland
Zeki Amdouni,Switzerland,Basel,Burnley,18600000.0,2023-07-19,96,Switzerland
Gökhan Inler,Switzerland,Udinese Calcio,Napoli,18000000.0,2011-07-11,96,Switzerland
Xherdan Shaqiri,Switzerland,Inter,Stoke City,17000000.0,2015-08-11,96,Switzerland
Min-jae Kim,"Korea, South",Napoli,Bayern Munich,50000000.0,2023-07-18,97,"Korea, South"
Heung-min Son,"Korea, South",Bayer Leverkusen,Tottenham Hotspur,30000000.0,2015-08-28,97,"Korea, South"
Kang-in Lee,"Korea, South",Mallorca,Paris Saint-Germain,22000000.0,2023-07-08,97,"Korea, South"
Hee-chan Hwang,"Korea, South",RB Leipzig,Wolverhampton Wanderers,16700000.0,2022-07-01,97,"Korea, South"
Hyeon-gyu Oh,"Korea, South",Genk,Besiktas,14000000.0,2026-02-04,97,"Korea, South"
Kyung-won Kwon,"Korea, South",Al-Ahli (UAE),TJ Quanjian,10500000.0,2017-01-02,97,"Korea, South"
Ji-sung Park,"Korea, South",PSV Eindhoven,Manchester United,7300000.0,2005-07-05,97,"Korea, South"
In-beom Hwang,"Korea, South",Red Star,Feyenoord,7000000.0,2024-09-02,97,"Korea, South"
Sung-yueng Ki,"Korea, South",Celtic,Swansea,7000000.0,2012-08-24,97,"Korea, South"
Chu-young Park,"Korea, South",Monaco,Arsenal,6500000.0,2011-08-30,97,"Korea, South"
Munas Dabbur,Israel,RB Salzburg,Sevilla,17000000.0,2019-07-01,98,Israel
Oscar Gloukh,Israel,Salzburg,Ajax,14750000.0,2025-08-01,98,Israel
Eyal Berkovic,Israel,West Ham United,Celtic,8800000.0,1999-07-01,98,Israel
Daniel Peretz,Israel,Bayern Munich,Southampton,8000000.0,2026-07-01,98,Israel
Liel Abada,Israel,Celtic,Charlotte,8000000.0,2024-03-07,98,Israel
Yossi Benayoun,Israel,West Ham United,Liverpool,7300000.0,2007-07-12,98,Israel
Eran Zahavi,Israel,M. Tel Aviv,GZ R&F,7230000.0,2016-07-01,98,Israel
Anan Khalaili,Israel,Maccabi Haifa,Union SG,6500000.0,2024-07-01,98,Israel
Manor Solomon,Israel,M. Petah Tikva,Shakhtar D,6500000.0,2019-01-11,98,Israel
Tal Ben Haim,Israel,Chelsea,Manchester City,6400000.0,2008-07-30,98,Israel
Milan Škriniar,Slovakia,Sampdoria,Inter,34000000.0,2017-07-07,99,Slovakia
Dávid Hancko,Slovakia,Feyenoord,Atletico Madrid,26000000.0,2025-07-24,99,Slovakia
Stanislav Lobotka,Slovakia,Celta Vigo,Napoli,24000000.0,2020-01-15,99,Slovakia
Marek Hamsik,Slovakia,Napoli,DL Yifang,20000000.0,2019-02-14,99,Slovakia
Vratislav Gresko,Slovakia,Inter,Parma,16000000.0,2002-07-01,99,Slovakia
Denis Vavro,Slovakia,Copenhagen,Lazio,10500000.0,2019-07-04,99,Slovakia
Martin Skrtel,Slovakia,Zenit S-Pb,Liverpool,10000000.0,2008-01-11,99,Slovakia
Tomas Hubocan,Slovakia,Zenit S-Pb,Dinamo Moscow,8000000.0,2014-08-29,99,Slovakia
David Strelec,Slovakia,Slo. Bratislava,Middlesbrough,7500000.0,2025-09-01,99,Slovakia
Ondrej Duda,Slovakia,Hertha Berlin,Köln,7000000.0,2020-09-16,99,Slovakia
Chengdong Zhang,China,BJ Guoan,HB CFFC,20440000.0,2017-01-12,100,China
Elkeson,China,GZ Evergrande,SH SIPG,18500000.0,2016-01-21,100,China
Yuhao Zhao,China,HZ Greentown,HB CFFC,17800000.0,2017-01-12,100,China
Yongpo Wang,China,Luneng,TJ Quanjian,12440000.0,2017-02-08,100,China
Alan,China,RB Salzburg,GZ Evergrande,11100000.0,2015-01-16,100,China
Mingjian Zhao,China,Luneng,HB CFFC,10950000.0,2017-02-20,100,China
Yangyang Jin,China,GZ R&F,HB CFFC,10830000.0,2016-02-19,100,China
Hang Ren,China,JS Suning,HB CFFC,10750000.0,2017-01-01,100,China
Wenzhao Zhang,China,Luneng,GZ Evergrande,10400000.0,2016-07-07,100,China
Jinhao Bi,China,HN Jianye,SH Shenhua,9980000.0,2016-01-15,100,China
Antoine Semenyo,Ghana,Bournemouth,Manchester City,72000000.0,2026-01-09,101,Ghana
Mohammed Kudus,Ghana,West Ham United,Tottenham Hotspur,63800000.0,2025-07-10,101,Ghana
Thomas Partey,Ghana,Atletico Madrid,Arsenal,50000000.0,2020-10-05,101,Ghana
Michael Essien,Ghana,Lyon,Chelsea,38000000.0,2005-08-19,101,Ghana
Ernest Nuamah,Ghana,RWDM,Lyon,28500000.0,2024-07-07,101,Ghana
Abdul Rahman Baba,Ghana,Augsburg,Chelsea,26000000.0,2015-08-16,101,Ghana
Kamaldeen Sulemana,Ghana,Rennes,Southampton,25000000.0,2023-01-31,101,Ghana
André Ayew,Ghana,Swansea,West Ham United,24100000.0,2016-08-08,101,Ghana
Ibrahim Osman,Ghana,Nordsjaelland,Brighton & Hove Albion,19500000.0,2024-07-01,101,Ghana
Kwadwo Asamoah,Ghana,Udinese,Juventus,18000000.0,2012-07-02,101,Ghana
Mateo Retegui,Italy,Atalanta,Al-Qadsiah,68250000.0,2025-07-21,102,Italy
Sandro Tonali,Italy,AC Milan,Newcastle United,60800000.0,2023-07-03,102,Italy
Jorginho,Italy,Napoli,Chelsea,57000000.0,2018-07-14,102,Italy
Gianluigi Buffon,Italy,Parma,Juventus,52880000.0,2001-07-03,102,Italy
Christian Vieri,Italy,Lazio,Inter,46480000.0,1999-07-01,102,Italy
Riccardo Calafiori,Italy,Bologna,Arsenal,45000000.0,2024-07-29,102,Italy
Marco Verratti,Italy,Paris Saint-Germain,Al-Arabi,45000000.0,2023-09-13,102,Italy
Federico Chiesa,Italy,Fiorentina,Juventus,44600000.0,2022-07-01,102,Italy
Leonardo Bonucci,Italy,Juventus,AC Milan,42000000.0,2017-07-21,102,Italy
Alessandro Bastoni,Italy,Atalanta,Inter,40700000.0,2017-08-31,102,Italy
Erling Haaland,Norway,Borussia Dortmund,Manchester City,60000000.0,2022-07-01,103,Norway
Jørgen Strand Larsen,Norway,Wolverhampton Wanderers,Crystal Palace,49700000.0,2026-02-02,103,Norway
Martin Ødegaard,Norway,Real Madrid,Arsenal,35000000.0,2021-08-20,103,Norway
Alexander Sørloth,Norway,Villarreal,Atletico Madrid,32000000.0,2024-08-03,103,Norway
Oscar Bobb,Norway,Manchester City,Fulham,31200000.0,2026-01-30,103,Norway
Sander Berge,Norway,KRC Genk,Sheff Utd,25000000.0,2020-01-30,103,Norway
Antonio Nusa,Norway,Brugge,RB Leipzig,21000000.0,2024-08-13,103,Norway
Sindre Walle Egeli,Norway,Nordsjaelland,Ipswich,20000000.0,2025-08-29,103,Norway
Mohamed Elyounoussi,Norway,Basel,Southampton,18000000.0,2018-07-01,103,Norway
Tore André Flo,Norway,Chelsea,Rangers,18000000.0,2000-11-23,103,Norway
Josko Gvardiol,Croatia,RB Leipzig,Manchester City,90000000.0,2023-08-05,104,Croatia
Mateo Kovacic,Croatia,Real Madrid,Chelsea,45000000.0,2019-07-01,104,Croatia
Luka Modrić,Croatia,Tottenham Hotspur,Real Madrid,35000000.0,2012-08-27,104,Croatia
Nikola Vlašić,Croatia,CSKA Moscow,West Ham United,30000000.0,2021-08-31,104,Croatia
Marko Pjaca,Croatia,Dinamo Zagreb,Juventus,29400000.0,2016-07-21,104,Croatia
Dejan Lovren,Croatia,Southampton,Liverpool,25300000.0,2014-07-27,104,Croatia
Lovro Majer,Croatia,Rennes,Wolfsburg,25000000.0,2023-08-16,104,Croatia
Franjo Ivanović,Croatia,Union SG,Benfica,22800000.0,2025-07-31,104,Croatia
Nikola Kalinic,Croatia,Fiorentina,AC Milan,22500000.0,2018-07-01,104,Croatia
Mario Mandzukic,Croatia,Bayern Munich,Atletico Madrid,22000000.0,2014-07-10,104,Croatia
El Bilal Touré,Mali,Almería,Atalanta,30200000.0,2023-07-29,105,Mali
Yves Bissouma,Mali,Brighton & Hove Albion,Tottenham Hotspur,29200000.0,2022-07-01,105,Mali
Mahamadou Diarra,Mali,Lyon,Real Madrid,26000000.0,2006-08-15,105,Mali
Cheick Doucouré,Mali,Lens,Crystal Palace,22600000.0,2022-07-11,105,Mali
Abdoulaye Doucouré,Mali,Watford,Everton,22000000.0,2020-09-08,105,Mali
Amadou Haidara,Mali,Salzburg,RB Leipzig,19000000.0,2019-01-01,105,Mali
Dorgeles Nene,Mali,Salzburg,Fenerbahçe,18000000.0,2025-08-19,105,Mali
Mohamed Camara,Mali,Monaco,Al-Sadd,16500000.0,2024-07-30,105,Mali
Mahamadou Doumbia,Mali,Royal Antwerp,Al-Ittihad,16000000.0,2025-09-08,105,Mali
Moussa Djenepo,Mali,Standard Liège,Southampton,15700000.0,2019-07-01,105,Mali
Nicolas Pépé,Cote d'Ivoire,Lille,Arsenal,80000000.0,2019-08-01,106,Cote d'Ivoire
Sébastien Haller,Cote d'Ivoire,Frankfurt,West Ham United,50000000.0,2019-07-17,106,Cote d'Ivoire
Didier Drogba,Cote d'Ivoire,Marseille,Chelsea,38500000.0,2004-07-20,106,Cote d'Ivoire
Eric Bailly,Cote d'Ivoire,Villarreal,Manchester United,38000000.0,2016-07-01,106,Cote d'Ivoire
Ibrahim Sangaré,Cote d'Ivoire,PSV Eindhoven,Nott'm Forest,35000000.0,2023-09-01,106,Cote d'Ivoire
Franck Kessié,Cote d'Ivoire,Atalanta,AC Milan,32000000.0,2019-07-01,106,Cote d'Ivoire
Wilfried Singo,Cote d'Ivoire,Monaco,Galatasaray,30770000.0,2025-08-28,106,Cote d'Ivoire
Yaya Touré,Cote d'Ivoire,Barcelona,Manchester City,30000000.0,2010-07-02,106,Cote d'Ivoire
Kader Meïté,Cote d'Ivoire,Rennes,Al-Hilal,30000000.0,2026-02-01,106,Cote d'Ivoire
Jean Michaël Seri,Cote d'Ivoire,Nice,Fulham,30000000.0,2018-07-12,106,Cote d'Ivoire
Juan Iturbe,Paraguay,Hellas Verona,Roma,24500000.0,2014-07-16,107,Paraguay
Miguel Almirón,Paraguay,Atlanta,Newcastle United,24000000.0,2019-01-31,107,Paraguay
Roque Santa Cruz,Paraguay,Blackburn,Manchester City,21200000.0,2009-07-01,107,Paraguay
Diego Gómez,Paraguay,Miami,Brighton & Hove Albion,13000000.0,2025-01-01,107,Paraguay
Ramón Sosa,Paraguay,Forest,Palmeiras,12500000.0,2025-07-09,107,Paraguay
Óscar Cardozo,Paraguay,Newell's,Benfica,11670000.0,2007-07-01,107,Paraguay
Omar Alderete,Paraguay,Getafe,Sunderland,11600000.0,2025-08-12,107,Paraguay
Julio Enciso,Paraguay,Libertad,Brighton & Hove Albion,11600000.0,2022-07-01,107,Paraguay
Mauricio,Paraguay,Internacional,Palmeiras,10500000.0,2024-07-10,107,Paraguay
Gustavo Gómez,Paraguay,Lanús,AC Milan,9560000.0,2016-08-05,107,Paraguay
Aleksandr Golovin,Russia,CSKA Moscow,Monaco,30000000.0,2018-07-27,108,Russia
Yuriy Zhirkov,Russia,CSKA Moscow,Chelsea,21000000.0,2009-07-06,108,Russia
Matvey Safonov,Russia,Krasnodar,Paris Saint-Germain,20000000.0,2024-07-01,108,Russia
Aleksandr Kokorin,Russia,Dinamo Moscow,Anzhi,19000000.0,2013-07-10,108,Russia
Roman Pavlyuchenko,Russia,Spartak Moscow,Tottenham Hotspur,17400000.0,2008-08-30,108,Russia
Andrey Arshavin,Russia,Zenit S-Pb,Arsenal,16500000.0,2009-01-31,108,Russia
Igor Denisov,Russia,Zenit S-Pb,Anzhi,15000000.0,2013-07-01,108,Russia
Aleksey Miranchuk,Russia,Loko Moscow,Atalanta,15000000.0,2020-09-04,108,Russia
Arsen Zakharyan,Russia,Dynamo Moscow,Real Sociedad,13000000.0,2023-08-19,108,Russia
Aleksandr Bukharov,Russia,Rubin Kazan,Zenit S-Pb,12000000.0,2010-07-01,108,Russia
Yoane Wissa,DR Congo,Brentford,Newcastle United,57700000.0,2025-09-01,109,DR Congo
Aaron Wan-Bissaka,DR Congo,Crystal Palace,Manchester United,55000000.0,2019-07-01,109,DR Congo
Cédric Bakambu,DR Congo,Villarreal,BJ Guoan,40000000.0,2018-01-17,109,DR Congo
Yannick Bolasie,DR Congo,Crystal Palace,Everton,28900000.0,2016-08-15,109,DR Congo
Giannelli Imbula,DR Congo,Porto,Stoke City,24250000.0,2016-02-01,109,DR Congo
Britt Assombalonga,DR Congo,Nottm Forest,Middlesbrough,17100000.0,2017-07-17,109,DR Congo
Noah Sadiki,DR Congo,Union SG,Sunderland,17000000.0,2025-07-04,109,DR Congo
Benik Afobe,DR Congo,Wolverhampton Wanderers,Stoke City,13500000.0,2019-01-04,109,DR Congo
Grady Diangana,DR Congo,West Ham United,West Brom,13500000.0,2020-09-04,109,DR Congo
Chancel Mbemba,DR Congo,RSC Anderlecht,Newcastle United,12000000.0,2015-07-30,109,DR Congo
Eden Hazard,Belgium,Chelsea,Real Madrid,120800000.0,2019-07-01,110,Belgium
Romelu Lukaku,Belgium,Inter,Chelsea,113000000.0,2021-08-12,110,Belgium
Kevin De Bruyne,Belgium,Wolfsburg,Manchester City,76000000.0,2015-08-30,110,Belgium
Roméo Lavia,Belgium,Southampton,Chelsea,62100000.0,2023-08-18,110,Belgium
Jérémy Doku,Belgium,Rennes,Manchester City,60000000.0,2023-08-24,110,Belgium
Amadou Onana,Belgium,Everton,Aston Villa,59350000.0,2024-07-22,110,Belgium
Christian Benteke,Belgium,Aston Villa,Liverpool,46500000.0,2015-07-22,110,Belgium
Youri Tielemans,Belgium,Monaco,Leicester City,45000000.0,2019-07-08,110,Belgium
Loïs Openda,Belgium,RB Leipzig,Juventus,42750000.0,2026-07-01,110,Belgium
Axel Witsel,Belgium,Benfica,Zenit S-Pb,40000000.0,2012-09-03,110,Belgium
Dušan Vlahović,Serbia,Fiorentina,Juventus,85400000.0,2022-01-28,111,Serbia
Luka Jović,Serbia,E. Frankfurt,Real Madrid,63000000.0,2019-07-02,111,Serbia
Aleksandar Mitrović,Serbia,Fulham,Al-Hilal,52600000.0,2023-08-19,111,Serbia
Nemanja Matić,Serbia,Chelsea,Manchester United,44700000.0,2017-07-31,111,Serbia
Sergej Milinković-Savić,Serbia,Lazio,Al-Hilal,40000000.0,2023-07-12,111,Serbia
Djordje Petrovic,Serbia,Chelsea,Bournemouth,28900000.0,2025-07-16,111,Serbia
Lazar Markovic,Serbia,Benfica,Liverpool,25000000.0,2014-07-15,111,Serbia
Aleksandar Kolarov,Serbia,Lazio,Manchester City,23860000.0,2010-07-24,111,Serbia
Aleksandar Stanković,Serbia,Brugge,Inter,23000000.0,2026-06-28,111,Serbia
Nikola Maksimović,Serbia,Torino,Napoli,21000000.0,2017-07-01,111,Serbia
Miralem Pjanić,Bosnia-Herzegovina,Juventus,Barcelona,60000000.0,2020-09-01,112,Bosnia-Herzegovina
Edin Dzeko,Bosnia-Herzegovina,Wolfsburg,Manchester City,37000000.0,2011-01-07,112,Bosnia-Herzegovina
Ermedin Demirovic,Bosnia-Herzegovina,Augsburg,Stuttgart,23000000.0,2024-07-16,112,Bosnia-Herzegovina
Amar Dedić,Bosnia-Herzegovina,Salzburg,Benfica,12000000.0,2025-07-14,112,Bosnia-Herzegovina
Asmir Begovic,Bosnia-Herzegovina,Chelsea,Bournemouth,11500000.0,2017-07-01,112,Bosnia-Herzegovina
Rade Krunic,Bosnia-Herzegovina,Empoli,AC Milan,8600000.0,2019-07-08,112,Bosnia-Herzegovina
Zvjezdan Misimovic,Bosnia-Herzegovina,Wolfsburg,Galatasaray,8500000.0,2010-08-01,112,Bosnia-Herzegovina
Ivan Šunjić,Bosnia-Herzegovina,Dinamo Zagreb,Birmingham,8000000.0,2019-07-26,112,Bosnia-Herzegovina
Kerim Alajbegovic,Bosnia-Herzegovina,Salzburg,Bayer Leverkusen,8000000.0,2026-07-01,112,Bosnia-Herzegovina
Benjamin Tahirović,Bosnia-Herzegovina,Roma,Ajax,7500000.0,2023-07-01,112,Bosnia-Herzegovina
Orkun Kökçü,Türkiye,Benfica,Besiktas,30000000.0,2026-07-01,113,Türkiye
Ferdi Kadıoğlu,Türkiye,Fenerbahçe,Brighton & Hove Albion,30000000.0,2024-08-24,113,Türkiye
Arda Güler,Türkiye,Fenerbahçe,Real Madrid,28000000.0,2023-07-06,113,Türkiye
Uğurcan Çakır,Türkiye,Trabzonspor,Galatasaray,27500000.0,2025-09-01,113,Türkiye
Hakan Çalhanoğlu,Türkiye,Bayer Leverkusen,AC Milan,23300000.0,2017-07-03,113,Türkiye
Cenk Tosun,Türkiye,Besiktas,Everton,22500000.0,2018-01-05,113,Türkiye
Kerem Aktürkoğlu,Türkiye,Benfica,Fenerbahce,22500000.0,2025-09-01,113,Türkiye
Yusuf Akçiçek,Türkiye,Fenerbahçe,Al-Hilal,22000000.0,2025-09-01,113,Türkiye
Çağlar Söyüncü,Türkiye,Freiburg,Leicester City,21100000.0,2018-08-09,113,Türkiye
Merih Demiral,Türkiye,Juventus,Atalanta,21000000.0,2022-07-01,113,Türkiye
Achraf Hakimi,Morocco,Inter,Paris Saint-Germain,68000000.0,2021-07-06,114,Morocco
Hakim Ziyech,Morocco,Ajax,Chelsea,40000000.0,2020-07-01,114,Morocco
Nayef Aguerd,Morocco,Rennes,West Ham United,35000000.0,2022-07-01,114,Morocco
Eliesse Ben Seghir,Morocco,Monaco,Bayer Leverkusen,32000000.0,2025-08-31,114,Morocco
Medhi Benatia,Morocco,Roma,Bayern Munich,28000000.0,2014-08-27,114,Morocco
Issa Diop,Morocco,Toulouse,West Ham United,25000000.0,2018-07-01,114,Morocco
Neil El Aynaoui,Morocco,Lens,Roma,23500000.0,2025-07-20,114,Morocco
Bilal El Khannouss,Morocco,Genk,Leicester City,22500000.0,2024-08-29,114,Morocco
Sofiane Diop,Morocco,Monaco,Nice,22000000.0,2022-08-29,114,Morocco
Yassine Bounou,Morocco,Sevilla,Al-Hilal,21000000.0,2023-08-17,114,Morocco
Pavel Nedved,Czech Republic,Lazio,Juventus,45000000.0,2001-07-01,115,Czech Republic
Patrik Schick,Czech Republic,Sampdoria,Roma,42000000.0,2018-07-01,115,Czech Republic
Adam Hlozek,Czech Republic,Bayer Leverkusen,Hoffenheim,18000000.0,2024-08-17,115,Czech Republic
Antonín Kinský,Czech Republic,Slavia Prague,Tottenham Hotspur,16500000.0,2025-01-05,115,Czech Republic
Tomáš Souček,Czech Republic,Slavia Prague,West Ham United,16200000.0,2020-07-27,115,Czech Republic
Tomas Rosicky,Czech Republic,Sparta Prague,Borussia Dortmund,14500000.0,2001-01-01,115,Czech Republic
Jakub Jankto,Czech Republic,Udinese,Sampdoria,14500000.0,2019-07-01,115,Czech Republic
Petr Cech,Czech Republic,Chelsea,Arsenal,14000000.0,2015-07-01,115,Czech Republic
David Jurásek,Czech Republic,Slavia Praha,Benfica,14000000.0,2023-07-10,115,Czech Republic
Matej Vydra,Czech Republic,Derby,Burnley,12200000.0,2018-08-07,115,Czech Republic
Radu Drăgușin,Romania,Genoa,Tottenham Hotspur,28000000.0,2024-01-11,116,Romania
Cristian Chivu,Romania,Ajax,Roma,18000000.0,2003-07-07,116,Romania
Dennis Man,Romania,FCSB,Parma,12600000.0,2021-01-29,116,Romania
Răzvan Marin,Romania,Standard Liège,Ajax,12500000.0,2019-07-01,116,Romania
Ionuț Radu,Romania,Genoa,Inter,11500000.0,2019-07-12,116,Romania
Nicolae Stanciu,Romania,Steaua Bucharest,RSC Anderlecht,11000000.0,2016-08-29,116,Romania
Valentin Mihăilă,Romania,Univ. Craiova,Parma,9500000.0,2020-10-05,116,Romania
Vlad Chiricheș,Romania,Steaua Bucharest,Tottenham Hotspur,9500000.0,2013-08-30,116,Romania
Alexandru Mitriță,Romania,Univ. Craiova,New York City,8000000.0,2019-02-04,116,Romania
George Pușcaș,Romania,Inter,Reading,7500000.0,2019-08-07,116,Romania
Scott McTominay,Scotland,Manchester United,Napoli,30500000.0,2024-08-30,117,Scotland
Kieran Tierney,Scotland,Celtic,Arsenal,27000000.0,2019-08-08,117,Scotland
Ben Gannon-Doak,Scotland,Liverpool,Bournemouth,23200000.0,2025-08-18,117,Scotland
Oli McBurnie,Scotland,Swansea,Sheff Utd,19100000.0,2019-08-02,117,Scotland
Ché Adams,Scotland,Birmingham,Southampton,16700000.0,2019-07-01,117,Scotland
Steven Fletcher,Scotland,Wolverhampton Wanderers,Sunderland,15200000.0,2012-08-24,117,Scotland
Oliver Burke,Scotland,RB Leipzig,West Brom,15200000.0,2017-08-25,117,Scotland
Billy Gilmour,Scotland,Brighton & Hove Albion,Napoli,14750000.0,2024-08-30,117,Scotland
Ross McCormack,Scotland,Fulham,Aston Villa,14300000.0,2016-08-04,117,Scotland
Aaron Hickey,Scotland,Bologna,Brentford,14250000.0,2022-07-09,117,Scotland
Alexander Isak,Sweden,Newcastle United,Liverpool,145000000.0,2025-09-01,118,Sweden
Zlatan Ibrahimović,Sweden,Inter,Barcelona,69500000.0,2009-07-27,118,Sweden
Viktor Gyökeres,Sweden,Sporting CP,Arsenal,66900000.0,2025-07-26,118,Sweden
Anthony Elanga,Sweden,Nott'm Forest,Newcastle United,61400000.0,2025-07-11,118,Sweden
Dejan Kulusevski,Sweden,Atalanta,Juventus,39000000.0,2020-01-02,118,Sweden
Victor Lindelöf,Sweden,Benfica,Manchester United,35000000.0,2017-07-01,118,Sweden
Lucas Bergvall,Sweden,Djurgården,Tottenham Hotspur,20000000.0,2024-07-01,118,Sweden
Johan Elmander,Sweden,Toulouse,Bolton,12600000.0,2008-07-01,118,Sweden
Adrian Lahdo,Sweden,Hammarby,Como,11940000.0,2026-02-02,118,Sweden
Gabriel Gudmundsson,Sweden,Lille,Leeds United,11600000.0,2025-07-08,118,Sweden
Gareth Bale,Wales,Tottenham Hotspur,Real Madrid,101000000.0,2013-09-01,119,Wales
Brennan Johnson,Wales,Forest,Tottenham Hotspur,55000000.0,2023-09-01,119,Wales
Daniel James,Wales,Manchester United,Leeds United,29100000.0,2021-08-31,119,Wales
Neco Williams,Wales,Liverpool,Forest,20000000.0,2022-07-10,119,Wales
Joe Allen,Wales,Swansea,Liverpool,19000000.0,2012-08-10,119,Wales
Craig Bellamy,Wales,West Ham United,Manchester City,15500000.0,2009-01-19,119,Wales
Danny Ward,Wales,Liverpool,Leicester City,14000000.0,2018-07-20,119,Wales
Ashley Williams,Wales,Swansea,Everton,14000000.0,2016-08-10,119,Wales
Harry Wilson,Wales,Liverpool,Fulham,14000000.0,2021-07-24,119,Wales
Chris Mepham,Wales,Brentford,Bournemouth,13600000.0,2019-01-22,119,Wales
Robert Lewandowski,Poland,Bayern Munich,Barcelona,45000000.0,2022-07-19,120,Poland
Krzysztof Piatek,Poland,Genoa,AC Milan,35000000.0,2019-01-23,120,Poland
Arkadiusz Milik,Poland,Ajax,Napoli,32000000.0,2016-08-01,120,Poland
Grzegorz Krychowiak,Poland,Sevilla,Paris Saint-Germain,27500000.0,2016-07-03,120,Poland
Jakub Kiwior,Poland,Spezia Calcio,Arsenal,19500000.0,2023-01-23,120,Poland
Wojciech Szczęsny,Poland,Arsenal,Juventus,18400000.0,2017-07-19,120,Poland
Nicola Zalewski,Poland,Inter,Atalanta,17500000.0,2025-08-18,120,Poland
Piotr Zielinski,Poland,Udinese,Napoli,16000000.0,2016-08-04,120,Poland
Matty Cash,Poland,Forest,Aston Villa,15750000.0,2020-09-03,120,Poland
Marcin Bulka,Poland,Nice,NEOM,15000000.0,2025-07-05,120,Poland
João Félix,Portugal,Benfica,Atletico Madrid,127200000.0,2019-07-03,121,Portugal
Cristiano Ronaldo,Portugal,Real Madrid,Juventus,117000000.0,2018-07-10,121,Portugal
Rúben Dias,Portugal,Benfica,Manchester City,71600000.0,2020-09-29,121,Portugal
João Neves,Portugal,Benfica,Paris Saint-Germain,65920000.0,2024-08-05,121,Portugal
Bruno Fernandes,Portugal,Sporting CP,Manchester United,65000000.0,2020-01-29,121,Portugal
Gonçalo Ramos,Portugal,Benfica,Paris Saint-Germain,65000000.0,2024-01-01,121,Portugal
João Cancelo,Portugal,Juventus,Manchester City,65000000.0,2019-08-07,121,Portugal
Matheus Nunes,Portugal,Wolverhampton Wanderers,Manchester City,62000000.0,2023-09-01,121,Portugal
Pedro Neto,Portugal,Wolverhampton Wanderers,Chelsea,60000000.0,2024-08-11,121,Portugal
Otávio,Portugal,Porto,Al-Nassr,60000000.0,2023-08-22,121,Portugal
Frenkie de Jong,Netherlands,Ajax,Barcelona,86000000.0,2019-07-01,122,Netherlands
Matthijs de Ligt,Netherlands,Ajax,Juventus,85500000.0,2019-07-18,122,Netherlands
Virgil van Dijk,Netherlands,Southampton,Liverpool,84650000.0,2018-01-01,122,Netherlands
Xavi Simons,Netherlands,RB Leipzig,Tottenham Hotspur,65000000.0,2025-08-29,122,Netherlands
Teun Koopmeiners,Netherlands,Atalanta,Juventus,58400000.0,2024-08-28,122,Netherlands
Tijjani Reijnders,Netherlands,AC Milan,Manchester City,55000000.0,2025-06-10,122,Netherlands
Nathan Aké,Netherlands,Bournemouth,Manchester City,45300000.0,2020-08-05,122,Netherlands
Ian Maatsen,Netherlands,Chelsea,Aston Villa,44500000.0,2024-07-01,122,Netherlands
Jorrel Hato,Netherlands,Ajax,Chelsea,44180000.0,2025-08-03,122,Netherlands
Joshua Zirkzee,Netherlands,Bologna,Manchester United,42500000.0,2024-07-14,122,Netherlands
Hirving Lozano,Mexico,PSV Eindhoven,Napoli,50000000.0,2019-08-23,123,Mexico
Edson Álvarez,Mexico,Ajax,West Ham United,38000000.0,2023-08-10,123,Mexico
Raúl Jiménez,Mexico,Benfica,Wolverhampton Wanderers,38000000.0,2019-07-01,123,Mexico
Santiago Gimenez,Mexico,Feyenoord,AC Milan,32000000.0,2025-02-03,123,Mexico
Chicharito,Mexico,Bayer Leverkusen,West Ham United,17800000.0,2017-07-24,123,Mexico
Rodolfo Pizarro,Mexico,Pachuca,Chivas,14750000.0,2017-01-01,123,Mexico
Carlos Vela,Mexico,Arsenal,Real Sociedad,14000000.0,2012-08-10,123,Mexico
César Montes,Mexico,Espanyol,Almería,14000000.0,2023-09-01,123,Mexico
Diego Lainez,Mexico,América,Real Betis,14000000.0,2019-01-10,123,Mexico
Julián Quiñones,Mexico,América,Al-Qadsiah,13800000.0,2024-07-18,123,Mexico
Nathan Collins,Ireland,Wolverhampton Wanderers,Brentford,26850000.0,2023-07-04,124,Ireland
Damien Duff,Ireland,Blackburn,Chelsea,24500000.0,2003-07-21,124,Ireland
Robbie Keane,Ireland,Tottenham Hotspur,Liverpool,24000000.0,2008-07-28,124,Ireland
Jake O'Brien,Ireland,Lyon,Everton,19500000.0,2024-07-30,124,Ireland
Matt Doherty,Ireland,Wolverhampton Wanderers,Tottenham Hotspur,16800000.0,2020-08-30,124,Ireland
James McCarthy,Ireland,Wigan,Everton,15300000.0,2013-09-02,124,Ireland
Robbie Brady,Ireland,Norwich,Burnley,15100000.0,2017-01-31,124,Ireland
Shane Long,Ireland,Hull City,Southampton,14900000.0,2014-08-14,124,Ireland
Caoimhín Kelleher,Ireland,Liverpool,Brentford,14800000.0,2025-07-01,124,Ireland
Dara O'Shea,Ireland,Burnley,Ipswich,14200000.0,2024-08-25,124,Ireland
Shoya Nakajima,Japan,Portimonense,Al-Duhail,35000000.0,2019-02-03,125,Japan
Hiroki Ito,Japan,Stuttgart,Bayern Munich,23500000.0,2024-07-01,125,Japan
Ritsu Doan,Japan,Freiburg,Frankfurt,21000000.0,2025-08-07,125,Japan
Wataru Endo,Japan,Stuttgart,Liverpool,20000000.0,2023-08-18,125,Japan
Takehiro Tomiyasu,Japan,Bologna,Arsenal,18600000.0,2021-08-31,125,Japan
Shinji Kagawa,Japan,Borussia Dortmund,Manchester United,16000000.0,2012-07-01,125,Japan
Takumi Minamino,Japan,Liverpool,Monaco,15000000.0,2022-07-01,125,Japan
Keito Nakamura,Japan,LASK,Stade Reims,12000000.0,2023-08-10,125,Japan
Kyogo Furuhashi,Japan,Celtic,Rennes,12000000.0,2025-01-27,125,Japan
Shinji Okazaki,Japan,Mainz 05,Leicester City,11000000.0,2015-07-01,125,Japan
Kepa Arrizabalaga,Spain,Athletic Bilbao,Chelsea,80000000.0,2018-08-08,126,Spain
Rodri,Spain,Atletico Madrid,Manchester City,70000000.0,2019-07-04,126,Spain
Martín Zubimendi,Spain,Real Sociedad,Arsenal,70000000.0,2025-07-06,126,Spain
Álvaro Morata,Spain,Real Madrid,Chelsea,66000000.0,2017-07-21,126,Spain
Marc Cucurella,Spain,Brighton & Hove Albion,Chelsea,65300000.0,2022-08-05,126,Spain
Aymeric Laporte,Spain,Athletic Bilbao,Manchester City,65000000.0,2018-01-30,126,Spain
Dean Huijsen,Spain,Bournemouth,Real Madrid,62500000.0,2025-06-01,126,Spain
Dani Olmo,Spain,RB Leipzig,Barcelona,61000000.0,2024-08-09,126,Spain
Diego Costa,Spain,Chelsea,Atletico Madrid,60000000.0,2018-01-01,126,Spain
Nico González,Spain,Porto,Manchester City,60000000.0,2025-02-03,126,Spain
Mykhaylo Mudryk,Ukraine,Shakhtar D,Chelsea,70000000.0,2023-01-15,127,Ukraine
Ilya Zabarnyi,Ukraine,Bournemouth,Paris Saint-Germain,63000000.0,2025-08-12,127,Ukraine
Andriy Shevchenko,Ukraine,AC Milan,Chelsea,43880000.0,2006-07-01,127,Ukraine
Artem Dovbyk,Ukraine,Girona,Roma,41100000.0,2024-08-02,127,Ukraine
Oleksandr Zinchenko,Ukraine,Manchester City,Arsenal,35000000.0,2022-07-22,127,Ukraine
Andriy Yarmolenko,Ukraine,Dynamo Kyiv,Borussia Dortmund,25000000.0,2017-08-28,127,Ukraine
Dmytro Chygrynskyi,Ukraine,Shakhtar D,Barcelona,25000000.0,2009-08-31,127,Ukraine
Vitaliy Mykolenko,Ukraine,Dynamo Kyiv,Everton,23500000.0,2022-01-01,127,Ukraine
Georgiy Sudakov,Ukraine,Shakhtar D,Benfica,20250000.0,2026-07-01,127,Ukraine
Roman Yaremchuk,Ukraine,KAA Gent,Benfica,17000000.0,2021-07-31,127,Ukraine
Riyad Mahrez,Algeria,Leicester City,Manchester City,67800000.0,2018-07-10,128,Algeria
Rayan Aït-Nouri,Algeria,Wolverhampton Wanderers,Manchester City,36800000.0,2025-06-09,128,Algeria
Islam Slimani,Algeria,Sporting CP,Leicester City,31000000.0,2016-08-31,128,Algeria
Amine Gouiri,Algeria,Nice,Rennes,28000000.0,2022-09-01,128,Algeria
Saïd Benrahma,Algeria,Brentford,West Ham United,23100000.0,2021-01-29,128,Algeria
Nabil Bentaleb,Algeria,Tottenham Hotspur,Schalke,19000000.0,2017-07-01,128,Algeria
Ismaël Bennacer,Algeria,Empoli,AC Milan,17200000.0,2019-08-04,128,Algeria
Badredine Bouanani,Algeria,Nice,Stuttgart,15000000.0,2025-08-31,128,Algeria
Mohamed Amoura,Algeria,Union SG,Wolfsburg,14750000.0,2025-07-01,128,Algeria
Rachid Ghezzal,Algeria,Monaco,Leicester City,14000000.0,2018-08-05,128,Algeria
Konstantinos Manolas,Greece,Roma,Napoli,36000000.0,2019-07-01,129,Greece
Charalampos Kostoulas,Greece,Olympiacos,Brighton & Hove Albion,35000000.0,2025-07-01,129,Greece
Stefanos Tzimas,Greece,Nuremberg,Brighton & Hove Albion,26500000.0,2025-02-03,129,Greece
Odysseas Vlachodimos,Greece,Forest,Newcastle United,23600000.0,2024-07-01,129,Greece
Fotis Ioannidis,Greece,Panathinaikos,Sporting CP,22000000.0,2025-09-01,129,Greece
Konstantinos Mavropanos,Greece,Stuttgart,West Ham United,20000000.0,2023-08-22,129,Greece
Vangelis Pavlidis,Greece,AZ Alkmaar,Benfica,18000000.0,2024-07-01,129,Greece
Panagiotis Retsos,Greece,Olympiacos,Bayer Leverkusen,17500000.0,2017-08-31,129,Greece
Sokratis Papastathopoulos,Greece,Borussia Dortmund,Arsenal,16000000.0,2018-07-02,129,Greece
Konstantinos Mitroglou,Greece,Olympiacos,Fulham,15200000.0,2014-01-31,129,Greece
Kylian Mbappé,France,Monaco,Paris Saint-Germain,180000000.0,2018-07-01,130,France
Ousmane Dembélé,France,Borussia Dortmund,Barcelona,148000000.0,2017-08-25,130,France
Antoine Griezmann,France,Atletico Madrid,Barcelona,120000000.0,2019-07-14,130,France
Paul Pogba,France,Juventus,Manchester United,105000000.0,2016-08-09,130,France
Hugo Ekitiké,France,Frankfurt,Liverpool,95000000.0,2025-07-23,130,France
Randal Kolo Muani,France,Frankfurt,Paris Saint-Germain,95000000.0,2023-09-01,130,France
Wesley Fofana,France,Leicester City,Chelsea,80400000.0,2022-08-31,130,France
Aurélien Tchouaméni,France,Monaco,Real Madrid,80000000.0,2022-07-01,130,France
Lucas Hernández,France,Atletico Madrid,Bayern Munich,80000000.0,2019-07-01,130,France
Zinédine Zidane,France,Juventus,Real Madrid,77500000.0,2001-07-09,130,France
Darwin Núñez,Uruguay,Benfica,Liverpool,85000000.0,2022-07-01,131,Uruguay
Luis Suárez,Uruguay,Liverpool,Barcelona,81720000.0,2014-07-11,131,Uruguay
Edinson Cavani,Uruguay,Napoli,Paris Saint-Germain,64500000.0,2013-07-16,131,Uruguay
Manuel Ugarte,Uruguay,Sporting CP,Paris Saint-Germain,60000000.0,2023-07-07,131,Uruguay
Rodrigo Zalazar,Uruguay,Braga,Sporting CP,30000000.0,2026-07-01,131,Uruguay
Lucas Torreira,Uruguay,Sampdoria,Arsenal,28650000.0,2018-07-10,131,Uruguay
Matías Vecino,Uruguay,Fiorentina,Inter,24000000.0,2017-08-02,131,Uruguay
Rodrigo Bentancur,Uruguay,Boca Juniors,Juventus,23500000.0,2017-07-01,131,Uruguay
Diego Forlán,Uruguay,Villarreal,Atletico Madrid,21000000.0,2007-07-01,131,Uruguay
Luciano Rodríguez,Uruguay,EC Bahia,NEOM,20000000.0,2025-09-10,131,Uruguay
Rasmus Højlund,Denmark,Atalanta,Manchester United,79800000.0,2023-08-05,132,Denmark
Patrick Dorgu,Denmark,Lecce,Manchester United,30000000.0,2025-02-02,132,Denmark
Jesper Lindstrøm,Denmark,E. Frankfurt,Napoli,30000000.0,2023-08-29,132,Denmark
Joachim Andersen,Denmark,Crystal Palace,Fulham,29500000.0,2024-08-23,132,Denmark
Matt O'Riley,Denmark,Celtic,Brighton & Hove Albion,29500000.0,2024-08-26,132,Denmark
Christian Eriksen,Denmark,Tottenham Hotspur,Inter,27000000.0,2020-01-28,132,Denmark
Jannik Vestergaard,Denmark,Borussia Mönchengladbach,Southampton,25000000.0,2018-07-13,132,Denmark
Filip Jørgensen,Denmark,Villarreal,Chelsea,24500000.0,2024-07-30,132,Denmark
Conrad Harder,Denmark,Sporting CP,RB Leipzig,24000000.0,2025-09-01,132,Denmark
Mads Hermansen,Denmark,Leicester City,West Ham United,20800000.0,2025-08-09,132,Denmark
Kalidou Koulibaly,Senegal,Napoli,Chelsea,41900000.0,2022-07-16,133,Senegal
Sadio Mané,Senegal,Southampton,Liverpool,41200000.0,2016-07-01,133,Senegal
Nicolas Jackson,Senegal,Villarreal,Chelsea,37000000.0,2023-07-01,133,Senegal
Abdou Diallo,Senegal,Borussia Dortmund,Paris Saint-Germain,32000000.0,2019-07-16,133,Senegal
Moussa Niakhaté,Senegal,Forest,Lyon,31900000.0,2024-07-04,133,Senegal
Habib Diarra,Senegal,R. Strasbourg,Sunderland,31500000.0,2025-07-01,133,Senegal
Keita Baldé,Senegal,Lazio,Monaco,30000000.0,2017-08-29,133,Senegal
Ismaïla Sarr,Senegal,Rennes,Watford,30000000.0,2019-08-08,133,Senegal
Idrissa Gueye,Senegal,Everton,Paris Saint-Germain,30000000.0,2019-07-30,133,Senegal
Edouard Mendy,Senegal,Rennes,Chelsea,24000000.0,2020-09-24,133,Senegal
Christian Pulisic,United States,Borussia Dortmund,Chelsea,64000000.0,2019-01-02,134,United States
Malik Tillman,United States,PSV Eindhoven,Bayer Leverkusen,35000000.0,2025-07-12,134,United States
Brenden Aaronson,United States,Salzburg,Leeds United,32840000.0,2022-07-01,134,United States
Folarin Balogun,United States,Arsenal,Monaco,30000000.0,2023-08-30,134,United States
Tyler Adams,United States,Leeds United,Bournemouth,26900000.0,2023-08-20,134,United States
Johnny Cardoso,United States,Real Betis,Atletico Madrid,24000000.0,2025-07-16,134,United States
Weston McKennie,United States,Schalke,Juventus,21900000.0,2021-07-01,134,United States
Yunus Musah,United States,Valencia,AC Milan,21200000.0,2023-08-04,134,United States
Sergiño Dest,United States,Ajax,Barcelona,21000000.0,2020-10-01,134,United States
Josh Sargent,United States,Norwich,Toronto,18650000.0,2026-02-27,134,United States
Christoph Baumgartner,Austria,Hoffenheim,RB Leipzig,25500000.0,2023-07-01,135,Austria
Marko Arnautovic,Austria,West Ham United,SH SIPG,25000000.0,2019-07-08,135,Austria
Kevin Danso,Austria,Lens,Tottenham Hotspur,25000000.0,2025-07-01,135,Austria
Valentino Lazaro,Austria,Hertha Berlin,Inter,22400000.0,2019-07-01,135,Austria
Aleksandar Dragovic,Austria,Dynamo Kyiv,Bayer Leverkusen,21000000.0,2016-08-23,135,Austria
Carney Chukwuemeka,Austria,Chelsea,Borussia Dortmund,20000000.0,2025-08-26,135,Austria
Nicolas Seiwald,Austria,RB Salzburg,RB Leipzig,20000000.0,2023-07-01,135,Austria
Kevin Wimmer,Austria,Tottenham Hotspur,Stoke City,19400000.0,2017-08-29,135,Austria
Marcel Sabitzer,Austria,Bayern Munich,Borussia Dortmund,19000000.0,2023-07-24,135,Austria
Jannik Schuster,Austria,Salzburg,Brentford,18000000.0,2026-07-01,135,Austria
Victor Osimhen,Nigeria,Lille,Napoli,78900000.0,2020-09-01,136,Nigeria
Ademola Lookman,Nigeria,Atalanta,Atletico Madrid,35000000.0,2026-02-02,136,Nigeria
George Ilenikhena,Nigeria,Monaco,Al-Ittihad,33000000.0,2026-02-02,136,Nigeria
Alex Iwobi,Nigeria,Arsenal,Everton,30400000.0,2019-08-08,136,Nigeria
Zadok Yohanna,Nigeria,AIK,Brighton & Hove Albion,28000000.0,2026-07-01,136,Nigeria
Kelechi Iheanacho,Nigeria,Manchester City,Leicester City,27700000.0,2017-08-03,136,Nigeria
Tolu Arokodare,Nigeria,KRC Genk,Wolverhampton Wanderers,26000000.0,2025-09-01,136,Nigeria
Nathan Tella,Nigeria,Southampton,Bayer Leverkusen,23300000.0,2023-08-27,136,Nigeria
Odion Ighalo,Nigeria,Watford,CC Yatai,23300000.0,2017-01-31,136,Nigeria
Calvin Bassey,Nigeria,Rangers,Ajax,23000000.0,2022-07-20,136,Nigeria
Neymar,Brazil,Barcelona,Paris Saint-Germain,222000000.0,2017-08-03,137,Brazil
Philippe Coutinho,Brazil,Liverpool,Barcelona,135000000.0,2018-01-08,137,Brazil
Antony,Brazil,Ajax,Manchester United,95000000.0,2022-08-30,137,Brazil
Arthur Melo,Brazil,Barcelona,Juventus,80600000.0,2020-09-01,137,Brazil
Matheus Cunha,Brazil,Wolverhampton Wanderers,Manchester United,74200000.0,2025-07-01,137,Brazil
Alisson,Brazil,Roma,Liverpool,72500000.0,2018-07-19,137,Brazil
Casemiro,Brazil,Real Madrid,Manchester United,70650000.0,2022-08-22,137,Brazil
Kaká,Brazil,AC Milan,Real Madrid,67000000.0,2009-07-01,137,Brazil
João Pedro,Brazil,Brighton & Hove Albion,Chelsea,63700000.0,2025-07-02,137,Brazil
Oscar,Brazil,Chelsea,SH SIPG,60000000.0,2017-01-01,137,Brazil
Moteb Al-Harbi,Saudi Arabia,Al-Shabab,Al-Hilal,28950000.0,2024-09-01,138,Saudi Arabia
Faisal Al-Ghamdi,Saudi Arabia,Al-Ettifaq,Al-Ittihad,11720000.0,2023-09-07,138,Saudi Arabia
Musab Al-Juwayr,Saudi Arabia,Al-Hilal,Al-Qadsiah,11520000.0,2025-08-03,138,Saudi Arabia
Hassan Tambakti,Saudi Arabia,Al-Shabab,Al-Hilal,11500000.0,2023-08-21,138,Saudi Arabia
Ahmed Al-Julaydan,Saudi Arabia,Al-Fateh,Al-Ittihad,10900000.0,2025-08-13,138,Saudi Arabia
Hassan Kadesh,Saudi Arabia,Al-Taawoun,Al-Ittihad,9880000.0,2023-08-31,138,Saudi Arabia
Firas Al-Buraikan,Saudi Arabia,Al-Fateh,Al-Ahli,9830000.0,2023-09-03,138,Saudi Arabia
Yahya Al-Shehri,Saudi Arabia,Al-Ettifaq,Al-Nassr,9800000.0,2013-07-01,138,Saudi Arabia
Saad Al-Nasser,Saudi Arabia,Al-Taawoun,Al-Nassr,9770000.0,2025-08-31,138,Saudi Arabia
Hamed Al-Ghamdi,Saudi Arabia,Al-Ettifaq,Al-Ittihad,9160000.0,2025-07-18,138,Saudi Arabia
Bryan Mbeumo,Cameroon,Brentford,Manchester United,75000000.0,2025-07-21,139,Cameroon
André Onana,Cameroon,Inter,Manchester United,50200000.0,2023-07-20,139,Cameroon
Samuel Eto'o,Cameroon,Inter,Anzhi,27000000.0,2011-08-24,139,Cameroon
Carlos Baleba,Cameroon,Lille,Brighton & Hove Albion,27000000.0,2023-08-29,139,Cameroon
Frank Anguissa,Cameroon,Marseille,Fulham,24850000.0,2018-08-09,139,Cameroon
Alex Song,Cameroon,Arsenal,Barcelona,19000000.0,2012-08-20,139,Cameroon
Karl Toko Ekambi,Cameroon,Angers SCO,Villarreal,18000000.0,2018-07-01,139,Cameroon
Clinton N'Jie,Cameroon,Lyon,Tottenham Hotspur,14100000.0,2015-08-15,139,Cameroon
Jackson Tchatchoua,Cameroon,Hellas Verona,Wolverhampton Wanderers,12500000.0,2025-08-19,139,Cameroon
Vincent Aboubakar,Cameroon,Lorient,Porto,12300000.0,2014-08-24,139,Cameroon
Jhon Durán,Colombia,Aston Villa,Al-Nassr,77000000.0,2025-01-31,140,Colombia
James Rodríguez,Colombia,Monaco,Real Madrid,75000000.0,2014-07-22,140,Colombia
Luis Díaz,Colombia,Liverpool,Bayern Munich,70000000.0,2025-07-30,140,Colombia
Radamel Falcao,Colombia,Atletico Madrid,Monaco,43000000.0,2013-07-01,140,Colombia
Jackson Martínez,Colombia,Atletico Madrid,GZ Evergrande,42000000.0,2016-02-03,140,Colombia
Davinson Sánchez,Colombia,Ajax,Tottenham Hotspur,42000000.0,2017-08-23,140,Colombia
Carlos Bacca,Colombia,Sevilla,AC Milan,33300000.0,2015-07-03,140,Colombia
Juan Cuadrado,Colombia,Fiorentina,Chelsea,31000000.0,2015-02-02,140,Colombia
Jefferson Lerma,Colombia,Levante,Bournemouth,30500000.0,2018-08-07,140,Colombia
Yerry Mina,Colombia,Barcelona,Everton,30250000.0,2018-08-09,140,Colombia
Moisés Caicedo,Ecuador,Brighton & Hove Albion,Chelsea,116000000.0,2023-08-14,141,Ecuador
Piero Hincapié,Ecuador,Bayer Leverkusen,Arsenal,52000000.0,2026-07-01,141,Ecuador
Willian Pacho,Ecuador,E. Frankfurt,Paris Saint-Germain,40000000.0,2024-08-09,141,Ecuador
Antonio Valencia,Ecuador,Wigan,Manchester United,18800000.0,2009-07-01,141,Ecuador
Pervis Estupiñán,Ecuador,Villarreal,Brighton & Hove Albion,17800000.0,2022-08-16,141,Ecuador
Nilson Angulo,Ecuador,RSC Anderlecht,Sunderland,17340000.0,2026-02-02,141,Ecuador
Enner Valencia,Ecuador,Pachuca,West Ham United,15000000.0,2014-07-17,141,Ecuador
Gonzalo Plata,Ecuador,Real Valladolid,Al-Sadd,12000000.0,2023-07-23,141,Ecuador
Kendry Páez,Ecuador,Independiente,Chelsea,10000000.0,2025-07-01,141,Ecuador
Keny Arroyo,Ecuador,Besiktas,Cruzeiro,8500000.0,2025-09-02,141,Ecuador
Jude Bellingham,England,Borussia Dortmund,Real Madrid,127000000.0,2023-07-01,142,England
Jack Grealish,England,Aston Villa,Manchester City,117500000.0,2021-08-05,142,England
Declan Rice,England,West Ham United,Arsenal,116600000.0,2023-07-15,142,England
Harry Kane,England,Tottenham Hotspur,Bayern Munich,95000000.0,2023-08-12,142,England
Harry Maguire,England,Leicester City,Manchester United,87000000.0,2019-08-05,142,England
Jadon Sancho,England,Borussia Dortmund,Manchester United,85000000.0,2021-07-23,142,England
Anthony Gordon,England,Newcastle United,Barcelona,80000000.0,2026-07-01,142,England
Eberechi Eze,England,Crystal Palace,Arsenal,69300000.0,2025-08-23,142,England
Mason Mount,England,Chelsea,Manchester United,67700000.0,2023-07-05,142,England
Dominic Solanke,England,Bournemouth,Tottenham Hotspur,64300000.0,2024-08-10,142,England
Florian Wirtz,Germany,Bayer Leverkusen,Liverpool,125000000.0,2025-07-01,143,Germany
Kai Havertz,Germany,Bayer Leverkusen,Chelsea,100000000.0,2020-09-04,143,Germany
Nick Woltemade,Germany,Stuttgart,Newcastle United,75000000.0,2025-08-30,143,Germany
Timo Werner,Germany,RB Leipzig,Chelsea,53000000.0,2020-07-01,143,Germany
Leroy Sané,Germany,Schalke,Manchester City,52000000.0,2016-08-02,143,Germany
Mesut Özil,Germany,Real Madrid,Arsenal,47000000.0,2013-09-02,143,Germany
Julian Draxler,Germany,Schalke,Wolfsburg,43000000.0,2015-08-31,143,Germany
Shkodran Mustafi,Germany,Valencia,Arsenal,41000000.0,2016-08-30,143,Germany
Mario Götze,Germany,Borussia Dortmund,Bayern Munich,37000000.0,2013-07-01,143,Germany
Thilo Kehrer,Germany,Schalke,Paris Saint-Germain,37000000.0,2018-08-16,143,Germany
Enzo Fernández,Argentina,Benfica,Chelsea,121000000.0,2023-01-31,144,Argentina
Gonzalo Higuaín,Argentina,Napoli,Juventus,90000000.0,2016-07-26,144,Argentina
Julián Alvarez,Argentina,Manchester City,Atletico Madrid,75000000.0,2024-08-12,144,Argentina
Ángel Di María,Argentina,Real Madrid,Manchester United,75000000.0,2014-08-26,144,Argentina
Lisandro Martínez,Argentina,Ajax,Manchester United,57370000.0,2022-07-27,144,Argentina
Hernán Crespo,Argentina,Parma,Lazio,56810000.0,2000-07-11,144,Argentina
Cristian Romero,Argentina,Atalanta,Tottenham Hotspur,53800000.0,2022-08-30,144,Argentina
Mauro Icardi,Argentina,Inter,Paris Saint-Germain,50000000.0,2020-07-01,144,Argentina
Alejandro Garnacho,Argentina,Manchester United,Chelsea,46200000.0,2025-08-30,144,Argentina
Franco Mastantuono,Argentina,River Plate,Real Madrid,45000000.0,2025-08-14,144,Argentina
Alexis Sánchez,Chile,Barcelona,Arsenal,42500000.0,2014-07-10,145,Chile
Arturo Vidal,Chile,Juventus,Bayern Munich,39250000.0,2015-07-28,145,Chile
Marcelo Salas,Chile,Lazio,Juventus,25000000.0,2001-08-17,145,Chile
Claudio Bravo,Chile,Barcelona,Manchester City,18000000.0,2016-08-25,145,Chile
Guillermo Maripán,Chile,Alavés,Monaco,18000000.0,2019-08-24,145,Chile
Mauricio Isla,Chile,Udinese,Juventus,13900000.0,2012-07-02,145,Chile
Eduardo Vargas,Chile,U. de Chile,Napoli,13500000.0,2012-01-09,145,Chile
Gary Medel,Chile,Sevilla,Cardiff,13000000.0,2013-08-11,145,Chile
Charles Aránguiz,Chile,Internacional,Bayer Leverkusen,13000000.0,2015-08-13,145,Chile
Erick Pulgar,Chile,Bologna,Fiorentina,12300000.0,2019-08-09,145,Chile
Granit Xhaka,Switzerland,Borussia Mönchengladbach,Arsenal,45000000.0,2016-07-01,146,Switzerland
Dan Ndoye,Switzerland,Bologna,Nott'm Forest,42000000.0,2025-07-31,146,Switzerland
Ardon Jashari,Switzerland,Brugge,AC Milan,36000000.0,2025-08-06,146,Switzerland
Breel Embolo,Switzerland,Basel,Schalke,26500000.0,2016-07-01,146,Switzerland
Manuel Akanji,Switzerland,Basel,Borussia Dortmund,21500000.0,2018-01-15,146,Switzerland
Denis Zakaria,Switzerland,Juventus,Monaco,20000000.0,2023-08-14,146,Switzerland
Noah Okafor,Switzerland,AC Milan,Leeds United,19000000.0,2025-08-21,146,Switzerland
Zeki Amdouni,Switzerland,Basel,Burnley,18600000.0,2023-07-19,146,Switzerland
Gökhan Inler,Switzerland,Udinese Calcio,Napoli,18000000.0,2011-07-11,146,Switzerland
Xherdan Shaqiri,Switzerland,Inter,Stoke City,17000000.0,2015-08-11,146,Switzerland
Min-jae Kim,"Korea, South",Napoli,Bayern Munich,50000000.0,2023-07-18,147,"Korea, South"
Heung-min Son,"Korea, South",Bayer Leverkusen,Tottenham Hotspur,30000000.0,2015-08-28,147,"Korea, South"
Kang-in Lee,"Korea, South",Mallorca,Paris Saint-Germain,22000000.0,2023-07-08,147,"Korea, South"
Hee-chan Hwang,"Korea, South",RB Leipzig,Wolverhampton Wanderers,16700000.0,2022-07-01,147,"Korea, South"
Hyeon-gyu Oh,"Korea, South",Genk,Besiktas,14000000.0,2026-02-04,147,"Korea, South"
Kyung-won Kwon,"Korea, South",Al-Ahli (UAE),TJ Quanjian,10500000.0,2017-01-02,147,"Korea, South"
Ji-sung Park,"Korea, South",PSV Eindhoven,Manchester United,7300000.0,2005-07-05,147,"Korea, South"
In-beom Hwang,"Korea, South",Red Star,Feyenoord,7000000.0,2024-09-02,147,"Korea, South"
Sung-yueng Ki,"Korea, South",Celtic,Swansea,7000000.0,2012-08-24,147,"Korea, South"
Chu-young Park,"Korea, South",Monaco,Arsenal,6500000.0,2011-08-30,147,"Korea, South"
Munas Dabbur,Israel,RB Salzburg,Sevilla,17000000.0,2019-07-01,148,Israel
Oscar Gloukh,Israel,Salzburg,Ajax,14750000.0,2025-08-01,148,Israel
Eyal Berkovic,Israel,West Ham United,Celtic,8800000.0,1999-07-01,148,Israel
Daniel Peretz,Israel,Bayern Munich,Southampton,8000000.0,2026-07-01,148,Israel
Liel Abada,Israel,Celtic,Charlotte,8000000.0,2024-03-07,148,Israel
Yossi Benayoun,Israel,West Ham United,Liverpool,7300000.0,2007-07-12,148,Israel
Eran Zahavi,Israel,M. Tel Aviv,GZ R&F,7230000.0,2016-07-01,148,Israel
Anan Khalaili,Israel,Maccabi Haifa,Union SG,6500000.0,2024-07-01,148,Israel
Manor Solomon,Israel,M. Petah Tikva,Shakhtar D,6500000.0,2019-01-11,148,Israel
Tal Ben Haim,Israel,Chelsea,Manchester City,6400000.0,2008-07-30,148,Israel
Milan Škriniar,Slovakia,Sampdoria,Inter,34000000.0,2017-07-07,149,Slovakia
Dávid Hancko,Slovakia,Feyenoord,Atletico Madrid,26000000.0,2025-07-24,149,Slovakia
Stanislav Lobotka,Slovakia,Celta Vigo,Napoli,24000000.0,2020-01-15,149,Slovakia
Marek Hamsik,Slovakia,Napoli,DL Yifang,20000000.0,2019-02-14,149,Slovakia
Vratislav Gresko,Slovakia,Inter,Parma,16000000.0,2002-07-01,149,Slovakia
Denis Vavro,Slovakia,Copenhagen,Lazio,10500000.0,2019-07-04,149,Slovakia
Martin Skrtel,Slovakia,Zenit S-Pb,Liverpool,10000000.0,2008-01-11,149,Slovakia
Tomas Hubocan,Slovakia,Zenit S-Pb,Dinamo Moscow,8000000.0,2014-08-29,149,Slovakia
David Strelec,Slovakia,Slo. Bratislava,Middlesbrough,7500000.0,2025-09-01,149,Slovakia
Ondrej Duda,Slovakia,Hertha Berlin,Köln,7000000.0,2020-09-16,149,Slovakia
Chengdong Zhang,China,BJ Guoan,HB CFFC,20440000.0,2017-01-12,150,China
Elkeson,China,GZ Evergrande,SH SIPG,18500000.0,2016-01-21,150,China
Yuhao Zhao,China,HZ Greentown,HB CFFC,17800000.0,2017-01-12,150,China
Yongpo Wang,China,Luneng,TJ Quanjian,12440000.0,2017-02-08,150,China
Alan,China,RB Salzburg,GZ Evergrande,11100000.0,2015-01-16,150,China
Mingjian Zhao,China,Luneng,HB CFFC,10950000.0,2017-02-20,150,China
Yangyang Jin,China,GZ R&F,HB CFFC,10830000.0,2016-02-19,150,China
Hang Ren,China,JS Suning,HB CFFC,10750000.0,2017-01-01,150,China
Wenzhao Zhang,China,Luneng,GZ Evergrande,10400000.0,2016-07-07,150,China
Jinhao Bi,China,HN Jianye,SH Shenhua,9980000.0,2016-01-15,150,China
Antoine Semenyo,Ghana,Bournemouth,Manchester City,72000000.0,2026-01-09,151,Ghana
Mohammed Kudus,Ghana,West Ham United,Tottenham Hotspur,63800000.0,2025-07-10,151,Ghana
Thomas Partey,Ghana,Atletico Madrid,Arsenal,50000000.0,2020-10-05,151,Ghana
Michael Essien,Ghana,Lyon,Chelsea,38000000.0,2005-08-19,151,Ghana
Ernest Nuamah,Ghana,RWDM,Lyon,28500000.0,2024-07-07,151,Ghana
Abdul Rahman Baba,Ghana,Augsburg,Chelsea,26000000.0,2015-08-16,151,Ghana
Kamaldeen Sulemana,Ghana,Rennes,Southampton,25000000.0,2023-01-31,151,Ghana
André Ayew,Ghana,Swansea,West Ham United,24100000.0,2016-08-08,151,Ghana
Ibrahim Osman,Ghana,Nordsjaelland,Brighton & Hove Albion,19500000.0,2024-07-01,151,Ghana
Kwadwo Asamoah,Ghana,Udinese,Juventus,18000000.0,2012-07-02,151,Ghana
Mateo Retegui,Italy,Atalanta,Al-Qadsiah,68250000.0,2025-07-21,152,Italy
Sandro Tonali,Italy,AC Milan,Newcastle United,60800000.0,2023-07-03,152,Italy
Jorginho,Italy,Napoli,Chelsea,57000000.0,2018-07-14,152,Italy
Gianluigi Buffon,Italy,Parma,Juventus,52880000.0,2001-07-03,152,Italy
Christian Vieri,Italy,Lazio,Inter,46480000.0,1999-07-01,152,Italy
Riccardo Calafiori,Italy,Bologna,Arsenal,45000000.0,2024-07-29,152,Italy
Marco Verratti,Italy,Paris Saint-Germain,Al-Arabi,45000000.0,2023-09-13,152,Italy
Federico Chiesa,Italy,Fiorentina,Juventus,44600000.0,2022-07-01,152,Italy
Leonardo Bonucci,Italy,Juventus,AC Milan,42000000.0,2017-07-21,152,Italy
Alessandro Bastoni,Italy,Atalanta,Inter,40700000.0,2017-08-31,152,Italy
Erling Haaland,Norway,Borussia Dortmund,Manchester City,60000000.0,2022-07-01,153,Norway
Jørgen Strand Larsen,Norway,Wolverhampton Wanderers,Crystal Palace,49700000.0,2026-02-02,153,Norway
Martin Ødegaard,Norway,Real Madrid,Arsenal,35000000.0,2021-08-20,153,Norway
Alexander Sørloth,Norway,Villarreal,Atletico Madrid,32000000.0,2024-08-03,153,Norway
Oscar Bobb,Norway,Manchester City,Fulham,31200000.0,2026-01-30,153,Norway
Sander Berge,Norway,KRC Genk,Sheff Utd,25000000.0,2020-01-30,153,Norway
Antonio Nusa,Norway,Brugge,RB Leipzig,21000000.0,2024-08-13,153,Norway
Sindre Walle Egeli,Norway,Nordsjaelland,Ipswich,20000000.0,2025-08-29,153,Norway
Mohamed Elyounoussi,Norway,Basel,Southampton,18000000.0,2018-07-01,153,Norway
Tore André Flo,Norway,Chelsea,Rangers,18000000.0,2000-11-23,153,Norway
Josko Gvardiol,Croatia,RB Leipzig,Manchester City,90000000.0,2023-08-05,154,Croatia
Mateo Kovacic,Croatia,Real Madrid,Chelsea,45000000.0,2019-07-01,154,Croatia
Luka Modrić,Croatia,Tottenham Hotspur,Real Madrid,35000000.0,2012-08-27,154,Croatia
Nikola Vlašić,Croatia,CSKA Moscow,West Ham United,30000000.0,2021-08-31,154,Croatia
Marko Pjaca,Croatia,Dinamo Zagreb,Juventus,29400000.0,2016-07-21,154,Croatia
Dejan Lovren,Croatia,Southampton,Liverpool,25300000.0,2014-07-27,154,Croatia
Lovro Majer,Croatia,Rennes,Wolfsburg,25000000.0,2023-08-16,154,Croatia
Franjo Ivanović,Croatia,Union SG,Benfica,22800000.0,2025-07-31,154,Croatia
Nikola Kalinic,Croatia,Fiorentina,AC Milan,22500000.0,2018-07-01,154,Croatia
Mario Mandzukic,Croatia,Bayern Munich,Atletico Madrid,22000000.0,2014-07-10,154,Croatia
El Bilal Touré,Mali,Almería,Atalanta,30200000.0,2023-07-29,155,Mali
Yves Bissouma,Mali,Brighton & Hove Albion,Tottenham Hotspur,29200000.0,2022-07-01,155,Mali
Mahamadou Diarra,Mali,Lyon,Real Madrid,26000000.0,2006-08-15,155,Mali
Cheick Doucouré,Mali,Lens,Crystal Palace,22600000.0,2022-07-11,155,Mali
Abdoulaye Doucouré,Mali,Watford,Everton,22000000.0,2020-09-08,155,Mali
Amadou Haidara,Mali,Salzburg,RB Leipzig,19000000.0,2019-01-01,155,Mali
Dorgeles Nene,Mali,Salzburg,Fenerbahçe,18000000.0,2025-08-19,155,Mali
Mohamed Camara,Mali,Monaco,Al-Sadd,16500000.0,2024-07-30,155,Mali
Mahamadou Doumbia,Mali,Royal Antwerp,Al-Ittihad,16000000.0,2025-09-08,155,Mali
Moussa Djenepo,Mali,Standard Liège,Southampton,15700000.0,2019-07-01,155,Mali
Nicolas Pépé,Cote d'Ivoire,Lille,Arsenal,80000000.0,2019-08-01,156,Cote d'Ivoire
Sébastien Haller,Cote d'Ivoire,Frankfurt,West Ham United,50000000.0,2019-07-17,156,Cote d'Ivoire
Didier Drogba,Cote d'Ivoire,Marseille,Chelsea,38500000.0,2004-07-20,156,Cote d'Ivoire
Eric Bailly,Cote d'Ivoire,Villarreal,Manchester United,38000000.0,2016-07-01,156,Cote d'Ivoire
Ibrahim Sangaré,Cote d'Ivoire,PSV Eindhoven,Nott'm Forest,35000000.0,2023-09-01,156,Cote d'Ivoire
Franck Kessié,Cote d'Ivoire,Atalanta,AC Milan,32000000.0,2019-07-01,156,Cote d'Ivoire
Wilfried Singo,Cote d'Ivoire,Monaco,Galatasaray,30770000.0,2025-08-28,156,Cote d'Ivoire
Yaya Touré,Cote d'Ivoire,Barcelona,Manchester City,30000000.0,2010-07-02,156,Cote d'Ivoire
Kader Meïté,Cote d'Ivoire,Rennes,Al-Hilal,30000000.0,2026-02-01,156,Cote d'Ivoire
Jean Michaël Seri,Cote d'Ivoire,Nice,Fulham,30000000.0,2018-07-12,156,Cote d'Ivoire
Juan Iturbe,Paraguay,Hellas Verona,Roma,24500000.0,2014-07-16,157,Paraguay
Miguel Almirón,Paraguay,Atlanta,Newcastle United,24000000.0,2019-01-31,157,Paraguay
Roque Santa Cruz,Paraguay,Blackburn,Manchester City,21200000.0,2009-07-01,157,Paraguay
Diego Gómez,Paraguay,Miami,Brighton & Hove Albion,13000000.0,2025-01-01,157,Paraguay
Ramón Sosa,Paraguay,Forest,Palmeiras,12500000.0,2025-07-09,157,Paraguay
Óscar Cardozo,Paraguay,Newell's,Benfica,11670000.0,2007-07-01,157,Paraguay
Omar Alderete,Paraguay,Getafe,Sunderland,11600000.0,2025-08-12,157,Paraguay
Julio Enciso,Paraguay,Libertad,Brighton & Hove Albion,11600000.0,2022-07-01,157,Paraguay
Mauricio,Paraguay,Internacional,Palmeiras,10500000.0,2024-07-10,157,Paraguay
Gustavo Gómez,Paraguay,Lanús,AC Milan,9560000.0,2016-08-05,157,Paraguay
Aleksandr Golovin,Russia,CSKA Moscow,Monaco,30000000.0,2018-07-27,158,Russia
Yuriy Zhirkov,Russia,CSKA Moscow,Chelsea,21000000.0,2009-07-06,158,Russia
Matvey Safonov,Russia,Krasnodar,Paris Saint-Germain,20000000.0,2024-07-01,158,Russia
Aleksandr Kokorin,Russia,Dinamo Moscow,Anzhi,19000000.0,2013-07-10,158,Russia
Roman Pavlyuchenko,Russia,Spartak Moscow,Tottenham Hotspur,17400000.0,2008-08-30,158,Russia
Andrey Arshavin,Russia,Zenit S-Pb,Arsenal,16500000.0,2009-01-31,158,Russia
Igor Denisov,Russia,Zenit S-Pb,Anzhi,15000000.0,2013-07-01,158,Russia
Aleksey Miranchuk,Russia,Loko Moscow,Atalanta,15000000.0,2020-09-04,158,Russia
Arsen Zakharyan,Russia,Dynamo Moscow,Real Sociedad,13000000.0,2023-08-19,158,Russia
Aleksandr Bukharov,Russia,Rubin Kazan,Zenit S-Pb,12000000.0,2010-07-01,158,Russia
Yoane Wissa,DR Congo,Brentford,Newcastle United,57700000.0,2025-09-01,159,DR Congo
Aaron Wan-Bissaka,DR Congo,Crystal Palace,Manchester United,55000000.0,2019-07-01,159,DR Congo
Cédric Bakambu,DR Congo,Villarreal,BJ Guoan,40000000.0,2018-01-17,159,DR Congo
Yannick Bolasie,DR Congo,Crystal Palace,Everton,28900000.0,2016-08-15,159,DR Congo
Giannelli Imbula,DR Congo,Porto,Stoke City,24250000.0,2016-02-01,159,DR Congo
Britt Assombalonga,DR Congo,Nottm Forest,Middlesbrough,17100000.0,2017-07-17,159,DR Congo
Noah Sadiki,DR Congo,Union SG,Sunderland,17000000.0,2025-07-04,159,DR Congo
Benik Afobe,DR Congo,Wolverhampton Wanderers,Stoke City,13500000.0,2019-01-04,159,DR Congo
Grady Diangana,DR Congo,West Ham United,West Brom,13500000.0,2020-09-04,159,DR Congo
Chancel Mbemba,DR Congo,RSC Anderlecht,Newcastle United,12000000.0,2015-07-30,159,DR Congo
Eden Hazard,Belgium,Chelsea,Real Madrid,120800000.0,2019-07-01,160,Belgium
Romelu Lukaku,Belgium,Inter,Chelsea,113000000.0,2021-08-12,160,Belgium
Kevin De Bruyne,Belgium,Wolfsburg,Manchester City,76000000.0,2015-08-30,160,Belgium
Roméo Lavia,Belgium,Southampton,Chelsea,62100000.0,2023-08-18,160,Belgium
Jérémy Doku,Belgium,Rennes,Manchester City,60000000.0,2023-08-24,160,Belgium
Amadou Onana,Belgium,Everton,Aston Villa,59350000.0,2024-07-22,160,Belgium
Christian Benteke,Belgium,Aston Villa,Liverpool,46500000.0,2015-07-22,160,Belgium
Youri Tielemans,Belgium,Monaco,Leicester City,45000000.0,2019-07-08,160,Belgium
Loïs Openda,Belgium,RB Leipzig,Juventus,42750000.0,2026-07-01,160,Belgium
Axel Witsel,Belgium,Benfica,Zenit S-Pb,40000000.0,2012-09-03,160,Belgium
Dušan Vlahović,Serbia,Fiorentina,Juventus,85400000.0,2022-01-28,161,Serbia
Luka Jović,Serbia,E. Frankfurt,Real Madrid,63000000.0,2019-07-02,161,Serbia
Aleksandar Mitrović,Serbia,Fulham,Al-Hilal,52600000.0,2023-08-19,161,Serbia
Nemanja Matić,Serbia,Chelsea,Manchester United,44700000.0,2017-07-31,161,Serbia
Sergej Milinković-Savić,Serbia,Lazio,Al-Hilal,40000000.0,2023-07-12,161,Serbia
Djordje Petrovic,Serbia,Chelsea,Bournemouth,28900000.0,2025-07-16,161,Serbia
Lazar Markovic,Serbia,Benfica,Liverpool,25000000.0,2014-07-15,161,Serbia
Aleksandar Kolarov,Serbia,Lazio,Manchester City,23860000.0,2010-07-24,161,Serbia
Aleksandar Stanković,Serbia,Brugge,Inter,23000000.0,2026-06-28,161,Serbia
Nikola Maksimović,Serbia,Torino,Napoli,21000000.0,2017-07-01,161,Serbia
Miralem Pjanić,Bosnia-Herzegovina,Juventus,Barcelona,60000000.0,2020-09-01,162,Bosnia-Herzegovina
Edin Dzeko,Bosnia-Herzegovina,Wolfsburg,Manchester City,37000000.0,2011-01-07,162,Bosnia-Herzegovina
Ermedin Demirovic,Bosnia-Herzegovina,Augsburg,Stuttgart,23000000.0,2024-07-16,162,Bosnia-Herzegovina
Amar Dedić,Bosnia-Herzegovina,Salzburg,Benfica,12000000.0,2025-07-14,162,Bosnia-Herzegovina
Asmir Begovic,Bosnia-Herzegovina,Chelsea,Bournemouth,11500000.0,2017-07-01,162,Bosnia-Herzegovina
Rade Krunic,Bosnia-Herzegovina,Empoli,AC Milan,8600000.0,2019-07-08,162,Bosnia-Herzegovina
Zvjezdan Misimovic,Bosnia-Herzegovina,Wolfsburg,Galatasaray,8500000.0,2010-08-01,162,Bosnia-Herzegovina
Ivan Šunjić,Bosnia-Herzegovina,Dinamo Zagreb,Birmingham,8000000.0,2019-07-26,162,Bosnia-Herzegovina
Kerim Alajbegovic,Bosnia-Herzegovina,Salzburg,Bayer Leverkusen,8000000.0,2026-07-01,162,Bosnia-Herzegovina
Benjamin Tahirović,Bosnia-Herzegovina,Roma,Ajax,7500000.0,2023-07-01,162,Bosnia-Herzegovina
Orkun Kökçü,Türkiye,Benfica,Besiktas,30000000.0,2026-07-01,163,Türkiye
Ferdi Kadıoğlu,Türkiye,Fenerbahçe,Brighton & Hove Albion,30000000.0,2024-08-24,163,Türkiye
Arda Güler,Türkiye,Fenerbahçe,Real Madrid,28000000.0,2023-07-06,163,Türkiye
Uğurcan Çakır,Türkiye,Trabzonspor,Galatasaray,27500000.0,2025-09-01,163,Türkiye
Hakan Çalhanoğlu,Türkiye,Bayer Leverkusen,AC Milan,23300000.0,2017-07-03,163,Türkiye
Cenk Tosun,Türkiye,Besiktas,Everton,22500000.0,2018-01-05,163,Türkiye
Kerem Aktürkoğlu,Türkiye,Benfica,Fenerbahce,22500000.0,2025-09-01,163,Türkiye
Yusuf Akçiçek,Türkiye,Fenerbahçe,Al-Hilal,22000000.0,2025-09-01,163,Türkiye
Çağlar Söyüncü,Türkiye,Freiburg,Leicester City,21100000.0,2018-08-09,163,Türkiye
Merih Demiral,Türkiye,Juventus,Atalanta,21000000.0,2022-07-01,163,Türkiye
Achraf Hakimi,Morocco,Inter,Paris Saint-Germain,68000000.0,2021-07-06,164,Morocco
Hakim Ziyech,Morocco,Ajax,Chelsea,40000000.0,2020-07-01,164,Morocco
Nayef Aguerd,Morocco,Rennes,West Ham United,35000000.0,2022-07-01,164,Morocco
Eliesse Ben Seghir,Morocco,Monaco,Bayer Leverkusen,32000000.0,2025-08-31,164,Morocco
Medhi Benatia,Morocco,Roma,Bayern Munich,28000000.0,2014-08-27,164,Morocco
Issa Diop,Morocco,Toulouse,West Ham United,25000000.0,2018-07-01,164,Morocco
Neil El Aynaoui,Morocco,Lens,Roma,23500000.0,2025-07-20,164,Morocco
Bilal El Khannouss,Morocco,Genk,Leicester City,22500000.0,2024-08-29,164,Morocco
Sofiane Diop,Morocco,Monaco,Nice,22000000.0,2022-08-29,164,Morocco
Yassine Bounou,Morocco,Sevilla,Al-Hilal,21000000.0,2023-08-17,164,Morocco
Pavel Nedved,Czech Republic,Lazio,Juventus,45000000.0,2001-07-01,165,Czech Republic
Patrik Schick,Czech Republic,Sampdoria,Roma,42000000.0,2018-07-01,165,Czech Republic
Adam Hlozek,Czech Republic,Bayer Leverkusen,Hoffenheim,18000000.0,2024-08-17,165,Czech Republic
Antonín Kinský,Czech Republic,Slavia Prague,Tottenham Hotspur,16500000.0,2025-01-05,165,Czech Republic
Tomáš Souček,Czech Republic,Slavia Prague,West Ham United,16200000.0,2020-07-27,165,Czech Republic
Tomas Rosicky,Czech Republic,Sparta Prague,Borussia Dortmund,14500000.0,2001-01-01,165,Czech Republic
Jakub Jankto,Czech Republic,Udinese,Sampdoria,14500000.0,2019-07-01,165,Czech Republic
Petr Cech,Czech Republic,Chelsea,Arsenal,14000000.0,2015-07-01,165,Czech Republic
David Jurásek,Czech Republic,Slavia Praha,Benfica,14000000.0,2023-07-10,165,Czech Republic
Matej Vydra,Czech Republic,Derby,Burnley,12200000.0,2018-08-07,165,Czech Republic
Radu Drăgușin,Romania,Genoa,Tottenham Hotspur,28000000.0,2024-01-11,166,Romania
Cristian Chivu,Romania,Ajax,Roma,18000000.0,2003-07-07,166,Romania
Dennis Man,Romania,FCSB,Parma,12600000.0,2021-01-29,166,Romania
Răzvan Marin,Romania,Standard Liège,Ajax,12500000.0,2019-07-01,166,Romania
Ionuț Radu,Romania,Genoa,Inter,11500000.0,2019-07-12,166,Romania
Nicolae Stanciu,Romania,Steaua Bucharest,RSC Anderlecht,11000000.0,2016-08-29,166,Romania
Valentin Mihăilă,Romania,Univ. Craiova,Parma,9500000.0,2020-10-05,166,Romania
Vlad Chiricheș,Romania,Steaua Bucharest,Tottenham Hotspur,9500000.0,2013-08-30,166,Romania
Alexandru Mitriță,Romania,Univ. Craiova,New York City,8000000.0,2019-02-04,166,Romania
George Pușcaș,Romania,Inter,Reading,7500000.0,2019-08-07,166,Romania
Scott McTominay,Scotland,Manchester United,Napoli,30500000.0,2024-08-30,167,Scotland
Kieran Tierney,Scotland,Celtic,Arsenal,27000000.0,2019-08-08,167,Scotland
Ben Gannon-Doak,Scotland,Liverpool,Bournemouth,23200000.0,2025-08-18,167,Scotland
Oli McBurnie,Scotland,Swansea,Sheff Utd,19100000.0,2019-08-02,167,Scotland
Ché Adams,Scotland,Birmingham,Southampton,16700000.0,2019-07-01,167,Scotland
Steven Fletcher,Scotland,Wolverhampton Wanderers,Sunderland,15200000.0,2012-08-24,167,Scotland
Oliver Burke,Scotland,RB Leipzig,West Brom,15200000.0,2017-08-25,167,Scotland
Billy Gilmour,Scotland,Brighton & Hove Albion,Napoli,14750000.0,2024-08-30,167,Scotland
Ross McCormack,Scotland,Fulham,Aston Villa,14300000.0,2016-08-04,167,Scotland
Aaron Hickey,Scotland,Bologna,Brentford,14250000.0,2022-07-09,167,Scotland
Alexander Isak,Sweden,Newcastle United,Liverpool,145000000.0,2025-09-01,168,Sweden
Zlatan Ibrahimović,Sweden,Inter,Barcelona,69500000.0,2009-07-27,168,Sweden
Viktor Gyökeres,Sweden,Sporting CP,Arsenal,66900000.0,2025-07-26,168,Sweden
Anthony Elanga,Sweden,Nott'm Forest,Newcastle United,61400000.0,2025-07-11,168,Sweden
Dejan Kulusevski,Sweden,Atalanta,Juventus,39000000.0,2020-01-02,168,Sweden
Victor Lindelöf,Sweden,Benfica,Manchester United,35000000.0,2017-07-01,168,Sweden
Lucas Bergvall,Sweden,Djurgården,Tottenham Hotspur,20000000.0,2024-07-01,168,Sweden
Johan Elmander,Sweden,Toulouse,Bolton,12600000.0,2008-07-01,168,Sweden
Adrian Lahdo,Sweden,Hammarby,Como,11940000.0,2026-02-02,168,Sweden
Gabriel Gudmundsson,Sweden,Lille,Leeds United,11600000.0,2025-07-08,168,Sweden
Gareth Bale,Wales,Tottenham Hotspur,Real Madrid,101000000.0,2013-09-01,169,Wales
Brennan Johnson,Wales,Forest,Tottenham Hotspur,55000000.0,2023-09-01,169,Wales
Daniel James,Wales,Manchester United,Leeds United,29100000.0,2021-08-31,169,Wales
Neco Williams,Wales,Liverpool,Forest,20000000.0,2022-07-10,169,Wales
Joe Allen,Wales,Swansea,Liverpool,19000000.0,2012-08-10,169,Wales
Craig Bellamy,Wales,West Ham United,Manchester City,15500000.0,2009-01-19,169,Wales
Danny Ward,Wales,Liverpool,Leicester City,14000000.0,2018-07-20,169,Wales
Ashley Williams,Wales,Swansea,Everton,14000000.0,2016-08-10,169,Wales
Harry Wilson,Wales,Liverpool,Fulham,14000000.0,2021-07-24,169,Wales
Chris Mepham,Wales,Brentford,Bournemouth,13600000.0,2019-01-22,169,Wales
Robert Lewandowski,Poland,Bayern Munich,Barcelona,45000000.0,2022-07-19,170,Poland
Krzysztof Piatek,Poland,Genoa,AC Milan,35000000.0,2019-01-23,170,Poland
Arkadiusz Milik,Poland,Ajax,Napoli,32000000.0,2016-08-01,170,Poland
Grzegorz Krychowiak,Poland,Sevilla,Paris Saint-Germain,27500000.0,2016-07-03,170,Poland
Jakub Kiwior,Poland,Spezia Calcio,Arsenal,19500000.0,2023-01-23,170,Poland
Wojciech Szczęsny,Poland,Arsenal,Juventus,18400000.0,2017-07-19,170,Poland
Nicola Zalewski,Poland,Inter,Atalanta,17500000.0,2025-08-18,170,Poland
Piotr Zielinski,Poland,Udinese,Napoli,16000000.0,2016-08-04,170,Poland
Matty Cash,Poland,Forest,Aston Villa,15750000.0,2020-09-03,170,Poland
Marcin Bulka,Poland,Nice,NEOM,15000000.0,2025-07-05,170,Poland
João Félix,Portugal,Benfica,Atletico Madrid,127200000.0,2019-07-03,171,Portugal
Cristiano Ronaldo,Portugal,Real Madrid,Juventus,117000000.0,2018-07-10,171,Portugal
Rúben Dias,Portugal,Benfica,Manchester City,71600000.0,2020-09-29,171,Portugal
João Neves,Portugal,Benfica,Paris Saint-Germain,65920000.0,2024-08-05,171,Portugal
Bruno Fernandes,Portugal,Sporting CP,Manchester United,65000000.0,2020-01-29,171,Portugal
Gonçalo Ramos,Portugal,Benfica,Paris Saint-Germain,65000000.0,2024-01-01,171,Portugal
João Cancelo,Portugal,Juventus,Manchester City,65000000.0,2019-08-07,171,Portugal
Matheus Nunes,Portugal,Wolverhampton Wanderers,Manchester City,62000000.0,2023-09-01,171,Portugal
Pedro Neto,Portugal,Wolverhampton Wanderers,Chelsea,60000000.0,2024-08-11,171,Portugal
Otávio,Portugal,Porto,Al-Nassr,60000000.0,2023-08-22,171,Portugal
Frenkie de Jong,Netherlands,Ajax,Barcelona,86000000.0,2019-07-01,172,Netherlands
Matthijs de Ligt,Netherlands,Ajax,Juventus,85500000.0,2019-07-18,172,Netherlands
Virgil van Dijk,Netherlands,Southampton,Liverpool,84650000.0,2018-01-01,172,Netherlands
Xavi Simons,Netherlands,RB Leipzig,Tottenham Hotspur,65000000.0,2025-08-29,172,Netherlands
Teun Koopmeiners,Netherlands,Atalanta,Juventus,58400000.0,2024-08-28,172,Netherlands
Tijjani Reijnders,Netherlands,AC Milan,Manchester City,55000000.0,2025-06-10,172,Netherlands
Nathan Aké,Netherlands,Bournemouth,Manchester City,45300000.0,2020-08-05,172,Netherlands
Ian Maatsen,Netherlands,Chelsea,Aston Villa,44500000.0,2024-07-01,172,Netherlands
Jorrel Hato,Netherlands,Ajax,Chelsea,44180000.0,2025-08-03,172,Netherlands
Joshua Zirkzee,Netherlands,Bologna,Manchester United,42500000.0,2024-07-14,172,Netherlands
Hirving Lozano,Mexico,PSV Eindhoven,Napoli,50000000.0,2019-08-23,173,Mexico
Edson Álvarez,Mexico,Ajax,West Ham United,38000000.0,2023-08-10,173,Mexico
Raúl Jiménez,Mexico,Benfica,Wolverhampton Wanderers,38000000.0,2019-07-01,173,Mexico
Santiago Gimenez,Mexico,Feyenoord,AC Milan,32000000.0,2025-02-03,173,Mexico
Chicharito,Mexico,Bayer Leverkusen,West Ham United,17800000.0,2017-07-24,173,Mexico
Rodolfo Pizarro,Mexico,Pachuca,Chivas,14750000.0,2017-01-01,173,Mexico
Carlos Vela,Mexico,Arsenal,Real Sociedad,14000000.0,2012-08-10,173,Mexico
César Montes,Mexico,Espanyol,Almería,14000000.0,2023-09-01,173,Mexico
Diego Lainez,Mexico,América,Real Betis,14000000.0,2019-01-10,173,Mexico
Julián Quiñones,Mexico,América,Al-Qadsiah,13800000.0,2024-07-18,173,Mexico
Nathan Collins,Ireland,Wolverhampton Wanderers,Brentford,26850000.0,2023-07-04,174,Ireland
Damien Duff,Ireland,Blackburn,Chelsea,24500000.0,2003-07-21,174,Ireland
Robbie Keane,Ireland,Tottenham Hotspur,Liverpool,24000000.0,2008-07-28,174,Ireland
Jake O'Brien,Ireland,Lyon,Everton,19500000.0,2024-07-30,174,Ireland
Matt Doherty,Ireland,Wolverhampton Wanderers,Tottenham Hotspur,16800000.0,2020-08-30,174,Ireland
James McCarthy,Ireland,Wigan,Everton,15300000.0,2013-09-02,174,Ireland
Robbie Brady,Ireland,Norwich,Burnley,15100000.0,2017-01-31,174,Ireland
Shane Long,Ireland,Hull City,Southampton,14900000.0,2014-08-14,174,Ireland
Caoimhín Kelleher,Ireland,Liverpool,Brentford,14800000.0,2025-07-01,174,Ireland
Dara O'Shea,Ireland,Burnley,Ipswich,14200000.0,2024-08-25,174,Ireland
Shoya Nakajima,Japan,Portimonense,Al-Duhail,35000000.0,2019-02-03,175,Japan
Hiroki Ito,Japan,Stuttgart,Bayern Munich,23500000.0,2024-07-01,175,Japan
Ritsu Doan,Japan,Freiburg,Frankfurt,21000000.0,2025-08-07,175,Japan
Wataru Endo,Japan,Stuttgart,Liverpool,20000000.0,2023-08-18,175,Japan
Takehiro Tomiyasu,Japan,Bologna,Arsenal,18600000.0,2021-08-31,175,Japan
Shinji Kagawa,Japan,Borussia Dortmund,Manchester United,16000000.0,2012-07-01,175,Japan
Takumi Minamino,Japan,Liverpool,Monaco,15000000.0,2022-07-01,175,Japan
Keito Nakamura,Japan,LASK,Stade Reims,12000000.0,2023-08-10,175,Japan
Kyogo Furuhashi,Japan,Celtic,Rennes,12000000.0,2025-01-27,175,Japan
Shinji Okazaki,Japan,Mainz 05,Leicester City,11000000.0,2015-07-01,175,Japan
Kepa Arrizabalaga,Spain,Athletic Bilbao,Chelsea,80000000.0,2018-08-08,176,Spain
Rodri,Spain,Atletico Madrid,Manchester City,70000000.0,2019-07-04,176,Spain
Martín Zubimendi,Spain,Real Sociedad,Arsenal,70000000.0,2025-07-06,176,Spain
Álvaro Morata,Spain,Real Madrid,Chelsea,66000000.0,2017-07-21,176,Spain
Marc Cucurella,Spain,Brighton & Hove Albion,Chelsea,65300000.0,2022-08-05,176,Spain
Aymeric Laporte,Spain,Athletic Bilbao,Manchester City,65000000.0,2018-01-30,176,Spain
Dean Huijsen,Spain,Bournemouth,Real Madrid,62500000.0,2025-06-01,176,Spain
Dani Olmo,Spain,RB Leipzig,Barcelona,61000000.0,2024-08-09,176,Spain
Diego Costa,Spain,Chelsea,Atletico Madrid,60000000.0,2018-01-01,176,Spain
Nico González,Spain,Porto,Manchester City,60000000.0,2025-02-03,176,Spain
Mykhaylo Mudryk,Ukraine,Shakhtar D,Chelsea,70000000.0,2023-01-15,177,Ukraine
Ilya Zabarnyi,Ukraine,Bournemouth,Paris Saint-Germain,63000000.0,2025-08-12,177,Ukraine
Andriy Shevchenko,Ukraine,AC Milan,Chelsea,43880000.0,2006-07-01,177,Ukraine
Artem Dovbyk,Ukraine,Girona,Roma,41100000.0,2024-08-02,177,Ukraine
Oleksandr Zinchenko,Ukraine,Manchester City,Arsenal,35000000.0,2022-07-22,177,Ukraine
Andriy Yarmolenko,Ukraine,Dynamo Kyiv,Borussia Dortmund,25000000.0,2017-08-28,177,Ukraine
Dmytro Chygrynskyi,Ukraine,Shakhtar D,Barcelona,25000000.0,2009-08-31,177,Ukraine
Vitaliy Mykolenko,Ukraine,Dynamo Kyiv,Everton,23500000.0,2022-01-01,177,Ukraine
Georgiy Sudakov,Ukraine,Shakhtar D,Benfica,20250000.0,2026-07-01,177,Ukraine
Roman Yaremchuk,Ukraine,KAA Gent,Benfica,17000000.0,2021-07-31,177,Ukraine
Riyad Mahrez,Algeria,Leicester City,Manchester City,67800000.0,2018-07-10,178,Algeria
Rayan Aït-Nouri,Algeria,Wolverhampton Wanderers,Manchester City,36800000.0,2025-06-09,178,Algeria
Islam Slimani,Algeria,Sporting CP,Leicester City,31000000.0,2016-08-31,178,Algeria
Amine Gouiri,Algeria,Nice,Rennes,28000000.0,2022-09-01,178,Algeria
Saïd Benrahma,Algeria,Brentford,West Ham United,23100000.0,2021-01-29,178,Algeria
Nabil Bentaleb,Algeria,Tottenham Hotspur,Schalke,19000000.0,2017-07-01,178,Algeria
Ismaël Bennacer,Algeria,Empoli,AC Milan,17200000.0,2019-08-04,178,Algeria
Badredine Bouanani,Algeria,Nice,Stuttgart,15000000.0,2025-08-31,178,Algeria
Mohamed Amoura,Algeria,Union SG,Wolfsburg,14750000.0,2025-07-01,178,Algeria
Rachid Ghezzal,Algeria,Monaco,Leicester City,14000000.0,2018-08-05,178,Algeria
Konstantinos Manolas,Greece,Roma,Napoli,36000000.0,2019-07-01,179,Greece
Charalampos Kostoulas,Greece,Olympiacos,Brighton & Hove Albion,35000000.0,2025-07-01,179,Greece
Stefanos Tzimas,Greece,Nuremberg,Brighton & Hove Albion,26500000.0,2025-02-03,179,Greece
Odysseas Vlachodimos,Greece,Forest,Newcastle United,23600000.0,2024-07-01,179,Greece
Fotis Ioannidis,Greece,Panathinaikos,Sporting CP,22000000.0,2025-09-01,179,Greece
Konstantinos Mavropanos,Greece,Stuttgart,West Ham United,20000000.0,2023-08-22,179,Greece
Vangelis Pavlidis,Greece,AZ Alkmaar,Benfica,18000000.0,2024-07-01,179,Greece
Panagiotis Retsos,Greece,Olympiacos,Bayer Leverkusen,17500000.0,2017-08-31,179,Greece
Sokratis Papastathopoulos,Greece,Borussia Dortmund,Arsenal,16000000.0,2018-07-02,179,Greece
Konstantinos Mitroglou,Greece,Olympiacos,Fulham,15200000.0,2014-01-31,179,Greece
Kylian Mbappé,France,Monaco,Paris Saint-Germain,180000000.0,2018-07-01,180,France
Ousmane Dembélé,France,Borussia Dortmund,Barcelona,148000000.0,2017-08-25,180,France
Antoine Griezmann,France,Atletico Madrid,Barcelona,120000000.0,2019-07-14,180,France
Paul Pogba,France,Juventus,Manchester United,105000000.0,2016-08-09,180,France
Hugo Ekitiké,France,Frankfurt,Liverpool,95000000.0,2025-07-23,180,France
Randal Kolo Muani,France,Frankfurt,Paris Saint-Germain,95000000.0,2023-09-01,180,France
Wesley Fofana,France,Leicester City,Chelsea,80400000.0,2022-08-31,180,France
Aurélien Tchouaméni,France,Monaco,Real Madrid,80000000.0,2022-07-01,180,France
Lucas Hernández,France,Atletico Madrid,Bayern Munich,80000000.0,2019-07-01,180,France
Zinédine Zidane,France,Juventus,Real Madrid,77500000.0,2001-07-09,180,France
