game_day,mystery_player,mystery_id,mystery_nationality,mystery_position,mystery_peak_value,step_number,total_steps,clue_tier,teammate_name,teammate_id,teammate_nationality,teammate_position,shared_clubs,appearances_together
1,João Félix,462250,Portugal,Attack,100000000,1,5,Least Frequent,Samú Costa,657430,Portugal,Midfield,"[""Mallorca""]",1
1,João Félix,462250,Portugal,Attack,100000000,2,5,Low-Mid Tier,Warren Bondo,659516,France,Midfield,"[""AC Milan""]",5
1,João Félix,462250,Portugal,Attack,100000000,3,5,Mid Tier,Matteo Gabbia,323167,Italy,Defender,"[""AC Milan""]",14
1,João Félix,462250,Portugal,Attack,100000000,4,5,10th Most Frequent,Saúl Ñíguez,148928,Spain,Midfield,"[""Atlético Madrid""]",81
1,João Félix,462250,Portugal,Attack,100000000,5,5,Most Frequent,Jan Oblak,121483,Slovenia,Goalkeeper,"[""Atlético Madrid""]",127
2,Ronald Araujo,480267,Uruguay,Defender,70000000,1,5,Least Frequent,Jofre Torrents,1009765,Spain,Defender,"[""Barcelona""]",1
2,Ronald Araujo,480267,Uruguay,Defender,70000000,2,5,Low-Mid Tier,Pau Víctor,707572,Spain,Attack,"[""Barcelona""]",8
2,Ronald Araujo,480267,Uruguay,Defender,70000000,3,5,Mid Tier,Marcos Alonso,112515,Spain,Defender,"[""Barcelona""]",24
2,Ronald Araujo,480267,Uruguay,Defender,70000000,4,5,10th Most Frequent,Marc-André ter Stegen,74857,Germany,Goalkeeper,"[""Barcelona""]",98
2,Ronald Araujo,480267,Uruguay,Defender,70000000,5,5,Most Frequent,Pedri,683840,Spain,Midfield,"[""Barcelona""]",150
3,Pierre-Emile Højbjerg,167799,Denmark,Midfield,45000000,1,5,Least Frequent,Hilan Hamzaoui Slimani,1070591,Algeria,Defender,"[""Olympique Marseille""]",1
3,Pierre-Emile Højbjerg,167799,Denmark,Midfield,45000000,2,5,Low-Mid Tier,Harrison Reed,226973,England,Midfield,"[""Southampton""]",5
3,Pierre-Emile Højbjerg,167799,Denmark,Midfield,45000000,3,5,Mid Tier,Sascha Riether,1662,Germany,Defender,"[""Schalke 04""]",16
3,Pierre-Emile Højbjerg,167799,Denmark,Midfield,45000000,4,5,10th Most Frequent,Shane Long,37304,Ireland,Attack,"[""Southampton""]",93
3,Pierre-Emile Højbjerg,167799,Denmark,Midfield,45000000,5,5,Most Frequent,Heung-min Son,91845,"Korea, South",Attack,"[""Tottenham""]",157
4,Matheus Cunha,517894,Brazil,Attack,75000000,1,5,Least Frequent,Alex Sandro,79960,Brazil,Defender,"[""Clube de Regatas do Flamengo""]",1
4,Matheus Cunha,517894,Brazil,Attack,75000000,2,5,Low-Mid Tier,Douglas Santos,220793,Brazil,Defender,"[""AO Zenit Sankt-Peterburg""]",3
4,Matheus Cunha,517894,Brazil,Attack,75000000,3,5,Mid Tier,Amadou Haidara,402008,Mali,Midfield,"[""RB Leipzig""]",14
4,Matheus Cunha,517894,Brazil,Attack,75000000,4,5,10th Most Frequent,Craig Dawson,121477,England,Defender,"[""Wolverhampton Wanderers""]",53
4,Matheus Cunha,517894,Brazil,Attack,75000000,5,5,Most Frequent,Nélson Semedo,231572,Portugal,Defender,"[""Wolverhampton Wanderers""]",85
5,Cole Palmer,568177,England,Midfield,130000000,1,5,Least Frequent,Jesse Derry,1135611,England,Attack,"[""Chelsea""]",1
5,Cole Palmer,568177,England,Midfield,130000000,2,5,Low-Mid Tier,Oleksandr Zinchenko,203853,Ukraine,Defender,"[""Manchester City""]",4
5,Cole Palmer,568177,England,Midfield,130000000,3,5,Mid Tier,Ben Chilwell,316125,England,Defender,"[""Chelsea""]",18
5,Cole Palmer,568177,England,Midfield,130000000,4,5,10th Most Frequent,Trevoh Chalobah,346314,England,Defender,"[""Chelsea""]",64
5,Cole Palmer,568177,England,Midfield,130000000,5,5,Most Frequent,Moisés Caicedo,687626,Ecuador,Midfield,"[""Chelsea""]",116
6,Abdou Diallo,229005,Senegal,Defender,35000000,1,5,Least Frequent,Ørjan Nyland,73517,Norway,Goalkeeper,"[""RB Leipzig""]",1
6,Abdou Diallo,229005,Senegal,Defender,35000000,2,5,Low-Mid Tier,Sebastiaan Brebels,316398,Belgium,Midfield,"[""Zulte Waregem""]",3
6,Abdou Diallo,229005,Senegal,Defender,35000000,3,5,Mid Tier,Jonathan Benteke,273773,Belgium,Attack,"[""Zulte Waregem""]",10
6,Abdou Diallo,229005,Senegal,Defender,35000000,4,5,10th Most Frequent,Leandro Paredes,166237,Argentina,Midfield,"[""Paris Saint-Germain""]",38
6,Abdou Diallo,229005,Senegal,Defender,35000000,5,5,Most Frequent,Kylian Mbappé,342229,France,Attack,"[""Paris Saint-Germain"", ""Monaco""]",54
7,Benjamin Pavard,353366,France,Defender,50000000,1,5,Least Frequent,Ange Lago,1117771,Cote d'Ivoire,Attack,"[""Olympique Marseille""]",1
7,Benjamin Pavard,353366,France,Defender,50000000,2,5,Low-Mid Tier,Jeffrey de Lange,315253,Netherlands,Goalkeeper,"[""Olympique Marseille""]",4
7,Benjamin Pavard,353366,France,Defender,50000000,3,5,Mid Tier,Douglas Costa,75615,Brazil,Attack,"[""Bayern Munich""]",15
7,Benjamin Pavard,353366,France,Defender,50000000,4,5,10th Most Frequent,Jamal Musiala,580195,Germany,Midfield,"[""Bayern Munich""]",100
7,Benjamin Pavard,353366,France,Defender,50000000,5,5,Most Frequent,Thomas Müller,58358,Germany,Attack,"[""Bayern Munich""]",148
8,N'Golo Kanté,225083,France,Midfield,100000000,1,5,Least Frequent,Kamil Efe Üregen,1442626,Türkiye,Defender,"[""Fenerbahce""]",1
8,N'Golo Kanté,225083,France,Midfield,100000000,2,5,Low-Mid Tier,Oğuz Aydın,563749,Türkiye,Attack,"[""Fenerbahce""]",8
8,N'Golo Kanté,225083,France,Midfield,100000000,3,5,Mid Tier,Branislav Ivanovic,36827,Serbia,Defender,"[""Chelsea""]",14
8,N'Golo Kanté,225083,France,Midfield,100000000,4,5,10th Most Frequent,Mason Mount,346483,England,Midfield,"[""Chelsea""]",107
8,N'Golo Kanté,225083,France,Midfield,100000000,5,5,Most Frequent,César Azpilicueta,57500,Spain,Defender,"[""Chelsea""]",223
9,Dayot Upamecano,344695,France,Defender,70000000,1,5,Least Frequent,Maxence Lacroix,434224,France,Defender,"[""Crystal Palace""]",1
9,Dayot Upamecano,344695,France,Defender,70000000,2,5,Low-Mid Tier,Rayan Cherki,607223,France,Midfield,"[""Manchester City""]",3
9,Dayot Upamecano,344695,France,Defender,70000000,3,5,Mid Tier,Marcelo Saracchi,373916,Uruguay,Defender,"[""RB Leipzig""]",16
9,Dayot Upamecano,344695,France,Defender,70000000,4,5,10th Most Frequent,Alphonso Davies,424204,Canada,Defender,"[""Bayern Munich""]",130
9,Dayot Upamecano,344695,France,Defender,70000000,5,5,Most Frequent,Konrad Laimer,223967,Austria,Defender,"[""RB Leipzig"", ""Bayern Munich""]",178
10,David Neres,469822,Brazil,Attack,45000000,1,5,Least Frequent,Luca Marianucci,814446,Italy,Defender,"[""Napoli""]",1
10,David Neres,469822,Brazil,Attack,45000000,2,5,Low-Mid Tier,Benjamín Rollheiser,491704,Argentina,Attack,"[""SL Benfica""]",7
10,David Neres,469822,Brazil,Attack,45000000,3,5,Mid Tier,Casper Tengstedt,464598,Denmark,Attack,"[""SL Benfica""]",19
10,David Neres,469822,Brazil,Attack,45000000,4,5,10th Most Frequent,Lasse Schöne,34784,Denmark,Midfield,"[""Ajax Amsterdam""]",86
10,David Neres,469822,Brazil,Attack,45000000,5,5,Most Frequent,André Onana,234509,Cameroon,Goalkeeper,"[""Ajax Amsterdam""]",131
11,Sandro Tonali,397033,Italy,Midfield,80000000,1,5,Least Frequent,Leo Shahar,940858,England,Defender,"[""Newcastle United""]",1
11,Sandro Tonali,397033,Italy,Midfield,80000000,2,5,Low-Mid Tier,Lloyd Kelly,480116,England,Defender,"[""Newcastle United""]",9
11,Sandro Tonali,397033,Italy,Midfield,80000000,3,5,Mid Tier,Jhon Chancellor,213614,Venezuela,Defender,"[""Brescia Calcio""]",24
11,Sandro Tonali,397033,Italy,Midfield,80000000,4,5,10th Most Frequent,Bruno Guimarães,520624,Brazil,Midfield,"[""Newcastle United""]",90
11,Sandro Tonali,397033,Italy,Midfield,80000000,5,5,Most Frequent,Theo Hernández,339808,France,Defender,"[""AC Milan""]",111
12,Florian Wirtz,598577,Germany,Midfield,140000000,1,5,Least Frequent,Pascal Groß,82873,Germany,Midfield,"[""Borussia Dortmund""]",1
12,Florian Wirtz,598577,Germany,Midfield,140000000,2,5,Low-Mid Tier,Deniz Undav,339314,Germany,Attack,"[""Stuttgart""]",3
12,Florian Wirtz,598577,Germany,Midfield,140000000,3,5,Mid Tier,Conor Bradley,624258,Northern Ireland,Defender,"[""Liverpool""]",20
12,Florian Wirtz,598577,Germany,Midfield,140000000,4,5,10th Most Frequent,Moussa Diaby,395516,France,Attack,"[""Bayer Leverkusen""]",96
12,Florian Wirtz,598577,Germany,Midfield,140000000,5,5,Most Frequent,Jeremie Frimpong,484547,Netherlands,Defender,"[""Bayer Leverkusen"", ""Liverpool""]",186
13,Thomas Meunier,100986,Belgium,Defender,35000000,1,5,Least Frequent,Alexis Saelemaekers,381950,Belgium,Midfield,"[""AC Milan""]",1
13,Thomas Meunier,100986,Belgium,Defender,35000000,2,5,Low-Mid Tier,Kerem Şen,700010,Türkiye,Midfield,"[""Trabzonspor""]",5
13,Thomas Meunier,100986,Belgium,Defender,35000000,3,5,Mid Tier,Maxwell,4317,Brazil,Defender,"[""Paris Saint-Germain""]",14
13,Thomas Meunier,100986,Belgium,Defender,35000000,4,5,10th Most Frequent,Julian Brandt,187492,Germany,Midfield,"[""Borussia Dortmund""]",71
13,Thomas Meunier,100986,Belgium,Defender,35000000,5,5,Most Frequent,Ángel Di María,45320,Argentina,Attack,"[""Paris Saint-Germain""]",85
14,Anthony Elanga,583189,Sweden,Attack,55000000,1,5,Least Frequent,Jacob Widell Zetterström,549440,Sweden,Goalkeeper,"[""""]",1
14,Anthony Elanga,583189,Sweden,Attack,55000000,2,5,Low-Mid Tier,Alexander Isak,349066,Sweden,Attack,"[""Liverpool""]",3
14,Anthony Elanga,583189,Sweden,Attack,55000000,3,5,Mid Tier,Alejandro Garnacho,811779,Argentina,Attack,"[""Manchester United""]",14
14,Anthony Elanga,583189,Sweden,Attack,55000000,4,5,10th Most Frequent,Taiwo Awoniyi,295313,Nigeria,Attack,"[""Nottingham Forest""]",54
14,Anthony Elanga,583189,Sweden,Attack,55000000,5,5,Most Frequent,Morgan Gibbs-White,429014,England,Midfield,"[""Nottingham Forest""]",76
15,Neymar,68290,Brazil,Midfield,180000000,1,5,Least Frequent,Endrick,971570,Brazil,Attack,"[""Real Madrid""]",1
15,Neymar,68290,Brazil,Midfield,180000000,2,5,Low-Mid Tier,El Chadaille Bitshiabu,787912,France,Defender,"[""Paris Saint-Germain""]",3
15,Neymar,68290,Brazil,Midfield,180000000,3,5,Mid Tier,Mitchel Bakker,361065,Netherlands,Midfield,"[""Paris Saint-Germain""]",19
15,Neymar,68290,Brazil,Midfield,180000000,4,5,10th Most Frequent,Jordi Alba,69751,Spain,Defender,"[""Barcelona""]",127
15,Neymar,68290,Brazil,Midfield,180000000,5,5,Most Frequent,Lionel Messi,28003,Argentina,Attack,"[""Barcelona"", ""Paris Saint-Germain""]",207
16,Yan Diomande,1390649,Cote d'Ivoire,Attack,90000000,1,5,Least Frequent,Simon Adingra,658536,Cote d'Ivoire,Attack,"[""Sunderland AFC""]",1
16,Yan Diomande,1390649,Cote d'Ivoire,Attack,90000000,2,5,Low-Mid Tier,Wilfried Zaha,145988,Cote d'Ivoire,Attack,"[""Charlotte""]",3
16,Yan Diomande,1390649,Cote d'Ivoire,Attack,90000000,3,5,Mid Tier,Miguel de la Fuente,480883,Spain,Attack,"[""Leganés""]",7
16,Yan Diomande,1390649,Cote d'Ivoire,Attack,90000000,4,5,10th Most Frequent,Castello Lukeba,618472,France,Defender,"[""RB Leipzig""]",28
16,Yan Diomande,1390649,Cote d'Ivoire,Attack,90000000,5,5,Most Frequent,Christoph Baumgartner,324278,Austria,Midfield,"[""RB Leipzig""]",35
17,Sébastien Haller,181375,Cote d'Ivoire,Attack,45000000,1,5,Least Frequent,Emeka Adiele,1112524,England,Defender,"[""Utrecht""]",1
17,Sébastien Haller,181375,Cote d'Ivoire,Attack,45000000,2,5,Low-Mid Tier,Marko Dmitrovic,94308,Serbia,Goalkeeper,"[""Leganés""]",6
17,Sébastien Haller,181375,Cote d'Ivoire,Attack,45000000,3,5,Mid Tier,Niclas Füllkrug,75489,Germany,Attack,"[""Borussia Dortmund""]",15
17,Sébastien Haller,181375,Cote d'Ivoire,Attack,45000000,4,5,10th Most Frequent,Luka Jović,257462,Serbia,Attack,"[""Eintracht Frankfurt""]",62
17,Sébastien Haller,181375,Cote d'Ivoire,Attack,45000000,5,5,Most Frequent,Yassin Ayoub,182573,Morocco,Midfield,"[""Utrecht""]",77
18,Elliot Anderson,567576,England,Midfield,75000000,1,5,Least Frequent,Jarell Quansah,632349,England,Defender,"[""Bayer Leverkusen""]",1
18,Elliot Anderson,567576,England,Midfield,75000000,2,5,Low-Mid Tier,Morgan Rogers,503743,England,Midfield,"[""Aston Villa""]",3
18,Elliot Anderson,567576,England,Midfield,75000000,3,5,Mid Tier,Jair Cunha,984096,Brazil,Defender,"[""Nottingham Forest""]",12
18,Elliot Anderson,567576,England,Midfield,75000000,4,5,10th Most Frequent,Ola Aina,236490,Nigeria,Defender,"[""Nottingham Forest""]",60
18,Elliot Anderson,567576,England,Midfield,75000000,5,5,Most Frequent,Nikola Milenković,413507,Serbia,Defender,"[""Nottingham Forest""]",88
19,Erling Haaland,418560,Norway,Attack,200000000,1,5,Least Frequent,Marcus Pedersen,583404,Norway,Defender,"[""Torino""]",1
19,Erling Haaland,418560,Norway,Attack,200000000,2,5,Low-Mid Tier,Tom Rothe,798043,Germany,Defender,"[""Borussia Dortmund""]",2
19,Erling Haaland,418560,Norway,Attack,200000000,3,5,Mid Tier,Felix Passlack,274461,Germany,Defender,"[""Borussia Dortmund""]",24
19,Erling Haaland,418560,Norway,Attack,200000000,4,5,10th Most Frequent,Kevin De Bruyne,88755,Belgium,Midfield,"[""Manchester City""]",96
19,Erling Haaland,418560,Norway,Attack,200000000,5,5,Most Frequent,Manuel Akanji,284730,Switzerland,Defender,"[""Borussia Dortmund"", ""Manchester City""]",182
20,Stevan Jovetić,46104,Montenegro,Attack,30000000,1,5,Least Frequent,Nelson Abbey,566677,England,Defender,"[""Olympiakos Syndesmos Filathlon Peiraios""]",1
20,Stevan Jovetić,46104,Montenegro,Attack,30000000,2,5,Low-Mid Tier,Ganso,67920,Brazil,Midfield,"[""Sevilla""]",4
20,Stevan Jovetić,46104,Montenegro,Attack,30000000,3,5,Mid Tier,Wilfried Kanga,395523,Cote d'Ivoire,Attack,"[""Hertha BSC""]",11
20,Stevan Jovetić,46104,Montenegro,Attack,30000000,4,5,10th Most Frequent,Borja Valero,40372,Spain,Midfield,"[""ACF Fiorentina""]",33
20,Stevan Jovetić,46104,Montenegro,Attack,30000000,5,5,Most Frequent,Wissam Ben Yedder,146854,France,Attack,"[""Sevilla"", ""Monaco""]",57
21,Jérôme Boateng,26485,Germany,Defender,45000000,1,5,Least Frequent,Agustín Martegani,732507,Argentina,Midfield,"[""Salernitana 1919""]",1
21,Jérôme Boateng,26485,Germany,Defender,45000000,2,5,Low-Mid Tier,Mateusz Legowski,570466,Poland,Midfield,"[""Salernitana 1919""]",4
21,Jérôme Boateng,26485,Germany,Defender,45000000,3,5,Mid Tier,Bouna Sarr,190685,Senegal,Defender,"[""Bayern Munich""]",11
21,Jérôme Boateng,26485,Germany,Defender,45000000,4,5,10th Most Frequent,Thiago Alcántara,60444,Spain,Midfield,"[""Bayern Munich""]",141
21,Jérôme Boateng,26485,Germany,Defender,45000000,5,5,Most Frequent,Manuel Neuer,17259,Germany,Goalkeeper,"[""Bayern Munich""]",258
22,Sadio Mané,200512,Senegal,Attack,150000000,1,5,Least Frequent,Abdoulaye Seck,265383,Senegal,Defender,"[""""]",1
22,Sadio Mané,200512,Senegal,Attack,150000000,2,5,Low-Mid Tier,Charlie Austin,129627,England,Attack,"[""Southampton""]",6
22,Sadio Mané,200512,Senegal,Attack,150000000,3,5,Mid Tier,Adrián San Miguel,71271,Spain,Goalkeeper,"[""Liverpool""]",19
22,Sadio Mané,200512,Senegal,Attack,150000000,4,5,10th Most Frequent,Fabinho,225693,Brazil,Midfield,"[""Liverpool""]",153
22,Sadio Mané,200512,Senegal,Attack,150000000,5,5,Most Frequent,Roberto Firmino,131789,Brazil,Attack,"[""Liverpool""]",229
23,Luis Suárez,44352,Uruguay,Attack,90000000,1,5,Least Frequent,Daniel Wass,63463,Denmark,Midfield,"[""Atlético Madrid""]",1
23,Luis Suárez,44352,Uruguay,Attack,90000000,2,5,Low-Mid Tier,Vitolo,67082,Spain,Attack,"[""Atlético Madrid""]",8
23,Luis Suárez,44352,Uruguay,Attack,90000000,3,5,Mid Tier,Marc Bartra,99922,Spain,Defender,"[""Barcelona""]",31
23,Luis Suárez,44352,Uruguay,Attack,90000000,4,5,10th Most Frequent,Javier Mascherano,19981,Argentina,Midfield,"[""Barcelona""]",124
23,Luis Suárez,44352,Uruguay,Attack,90000000,5,5,Most Frequent,Ivan Rakitic,32467,Croatia,Midfield,"[""Barcelona""]",261
24,Kyle Walker,95424,England,Defender,50000000,1,5,Least Frequent,Jaydon Banel,706889,Netherlands,Attack,"[""Burnley""]",1
24,Kyle Walker,95424,England,Defender,50000000,2,5,Low-Mid Tier,Eliaquim Mangala,90681,France,Defender,"[""Manchester City""]",9
24,Kyle Walker,95424,England,Defender,50000000,3,5,Mid Tier,Marcus Edwards,314367,England,Attack,"[""Burnley""]",22
24,Kyle Walker,95424,England,Defender,50000000,4,5,10th Most Frequent,Gabriel Jesus,363205,Brazil,Attack,"[""Manchester City""]",147
24,Kyle Walker,95424,England,Defender,50000000,5,5,Most Frequent,Bernardo Silva,241641,Portugal,Midfield,"[""Manchester City""]",265
25,Anthony Gordon,503733,England,Attack,65000000,1,5,Least Frequent,Eberechi Eze,479999,England,Midfield,"[""Arsenal""]",1
25,Anthony Gordon,503733,England,Attack,65000000,2,5,Low-Mid Tier,Noni Madueke,503987,England,Attack,"[""Arsenal""]",2
25,Anthony Gordon,503733,England,Attack,65000000,3,5,Mid Tier,Neal Maupay,217115,France,Attack,"[""Everton""]",11
25,Anthony Gordon,503733,England,Attack,65000000,4,5,10th Most Frequent,Joe Willock,340329,England,Midfield,"[""Newcastle United""]",87
25,Anthony Gordon,503733,England,Attack,65000000,5,5,Most Frequent,Bruno Guimarães,520624,Brazil,Midfield,"[""Newcastle United""]",127
26,Lamine Yamal,937958,Spain,Attack,200000000,1,5,Least Frequent,Pedro Porro,553875,Spain,Defender,"[""Tottenham""]",1
26,Lamine Yamal,937958,Spain,Attack,200000000,2,5,Low-Mid Tier,Mikel Oyarzabal,351478,Spain,Attack,"[""Real Sociedad""]",3
26,Lamine Yamal,937958,Spain,Attack,200000000,3,5,Mid Tier,Roony Bardghji,792331,Sweden,Attack,"[""Barcelona""]",20
26,Lamine Yamal,937958,Spain,Attack,200000000,4,5,10th Most Frequent,Ronald Araujo,480267,Uruguay,Defender,"[""Barcelona""]",89
26,Lamine Yamal,937958,Spain,Attack,200000000,5,5,Most Frequent,Jules Koundé,411975,France,Defender,"[""Barcelona""]",132
27,Gianluigi Buffon,5023,Italy,Goalkeeper,35000000,1,5,Least Frequent,Cosimo Marco Da Graca,564795,Italy,Attack,"[""Juventus""]",1
27,Gianluigi Buffon,5023,Italy,Goalkeeper,35000000,2,5,Low-Mid Tier,Manolo Portanova,394304,Italy,Midfield,"[""Juventus""]",3
27,Gianluigi Buffon,5023,Italy,Goalkeeper,35000000,3,5,Mid Tier,Juan Bernat,126719,Spain,Defender,"[""Paris Saint-Germain""]",15
27,Gianluigi Buffon,5023,Italy,Goalkeeper,35000000,4,5,10th Most Frequent,Juan Cuadrado,91970,Colombia,Midfield,"[""Juventus""]",112
27,Gianluigi Buffon,5023,Italy,Goalkeeper,35000000,5,5,Most Frequent,Leonardo Bonucci,39983,Italy,Defender,"[""Juventus""]",222
28,Luis Alberto,128220,Spain,Midfield,55000000,1,5,Least Frequent,Marco Bertini,613539,Italy,Midfield,"[""Società Sportiva Lazio S.p.A.""]",1
28,Luis Alberto,128220,Spain,Midfield,55000000,2,5,Low-Mid Tier,Jon Flanagan,145922,England,Defender,"[""Liverpool""]",5
28,Luis Alberto,128220,Spain,Midfield,55000000,3,5,Mid Tier,Luka Romero,769063,Argentina,Attack,"[""Società Sportiva Lazio S.p.A.""]",14
28,Luis Alberto,128220,Spain,Midfield,55000000,4,5,10th Most Frequent,Stefan Radu,44420,Romania,Defender,"[""Società Sportiva Lazio S.p.A.""]",143
28,Luis Alberto,128220,Spain,Midfield,55000000,5,5,Most Frequent,Ciro Immobile,105521,Italy,Attack,"[""Società Sportiva Lazio S.p.A.""]",271
29,Lautaro Martínez,406625,Argentina,Attack,110000000,1,5,Least Frequent,Valentín Barco,849410,Argentina,Midfield,"[""Strasbourg Alsace""]",1
29,Lautaro Martínez,406625,Argentina,Attack,110000000,2,5,Low-Mid Tier,Mattia Mosconi,1008570,Italy,Attack,"[""Inter Milan""]",2
29,Lautaro Martínez,406625,Argentina,Attack,110000000,3,5,Mid Tier,Davy Klaassen,182932,Netherlands,Midfield,"[""Inter Milan""]",15
29,Lautaro Martínez,406625,Argentina,Attack,110000000,4,5,10th Most Frequent,Denzel Dumfries,321528,Netherlands,Defender,"[""Inter Milan""]",183
29,Lautaro Martínez,406625,Argentina,Attack,110000000,5,5,Most Frequent,Nicolò Barella,255942,Italy,Midfield,"[""Inter Milan""]",304
30,Igor Thiago,739443,Brazil,Attack,65000000,1,5,Least Frequent,Danilo,808509,Brazil,Midfield,"[""S. A. F. Botafogo""]",1
30,Igor Thiago,739443,Brazil,Attack,65000000,2,5,Low-Mid Tier,Ben Mee,74810,England,Defender,"[""Brentford""]",1
30,Igor Thiago,739443,Brazil,Attack,65000000,3,5,Mid Tier,Mark Flekken,125714,Netherlands,Goalkeeper,"[""Brentford""]",8
30,Igor Thiago,739443,Brazil,Attack,65000000,4,5,10th Most Frequent,Dango Ouattara,823231,Burkina Faso,Attack,"[""Brentford""]",34
30,Igor Thiago,739443,Brazil,Attack,65000000,5,5,Most Frequent,Yegor Yarmolyuk,717411,Ukraine,Midfield,"[""Brentford""]",47
31,Leon Bailey,387626,Jamaica,Attack,45000000,1,5,Least Frequent,Antonio Arena,1251220,Italy,Attack,"[""Associazione Sportiva Roma""]",1
31,Leon Bailey,387626,Jamaica,Attack,45000000,2,5,Low-Mid Tier,Devyne Rensch,557407,Netherlands,Defender,"[""Associazione Sportiva Roma""]",6
31,Leon Bailey,387626,Jamaica,Attack,45000000,3,5,Mid Tier,Jeremie Frimpong,484547,Netherlands,Defender,"[""Bayer Leverkusen""]",12
31,Leon Bailey,387626,Jamaica,Attack,45000000,4,5,10th Most Frequent,Lucas Alario,193782,Argentina,Attack,"[""Bayer Leverkusen""]",104
31,Leon Bailey,387626,Jamaica,Attack,45000000,5,5,Most Frequent,Ollie Watkins,324358,England,Attack,"[""Aston Villa""]",143
32,Rúben Dias,258004,Portugal,Defender,80000000,1,5,Least Frequent,Samú Costa,657430,Portugal,Midfield,"[""Mallorca""]",1
32,Rúben Dias,258004,Portugal,Defender,80000000,2,5,Low-Mid Tier,Júlio César,22412,Brazil,Goalkeeper,"[""SL Benfica""]",2
32,Rúben Dias,258004,Portugal,Defender,80000000,3,5,Mid Tier,Sergio Agüero,26399,Argentina,Attack,"[""Manchester City""]",17
32,Rúben Dias,258004,Portugal,Defender,80000000,4,5,10th Most Frequent,Jack Grealish,203460,England,Attack,"[""Manchester City""]",115
32,Rúben Dias,258004,Portugal,Defender,80000000,5,5,Most Frequent,Bernardo Silva,241641,Portugal,Midfield,"[""Manchester City""]",221
33,Dominik Szoboszlai,451276,Hungary,Midfield,100000000,1,5,Least Frequent,Kieran Morrison,1055345,Northern Ireland,Attack,"[""Liverpool""]",1
33,Dominik Szoboszlai,451276,Hungary,Midfield,100000000,2,5,Low-Mid Tier,James McConnell,845289,England,Midfield,"[""Liverpool""]",4
33,Dominik Szoboszlai,451276,Hungary,Midfield,100000000,3,5,Mid Tier,Timo Werner,170527,Germany,Attack,"[""RB Leipzig""]",37
33,Dominik Szoboszlai,451276,Hungary,Midfield,100000000,4,5,10th Most Frequent,André Silva,198008,Portugal,Attack,"[""RB Leipzig""]",85
33,Dominik Szoboszlai,451276,Hungary,Midfield,100000000,5,5,Most Frequent,Virgil van Dijk,139208,Netherlands,Defender,"[""Liverpool""]",136
34,Christian Benteke,50201,Belgium,Attack,35000000,1,5,Least Frequent,Víctor Camarasa,263856,Spain,Midfield,"[""Crystal Palace""]",1
34,Christian Benteke,50201,Belgium,Attack,35000000,2,5,Low-Mid Tier,Kennedy Nwanganga,101088,Nigeria,Midfield,"[""KRC Genk""]",6
34,Christian Benteke,50201,Belgium,Attack,35000000,3,5,Mid Tier,Darren Bent,13239,England,Attack,"[""Aston Villa""]",14
34,Christian Benteke,50201,Belgium,Attack,35000000,4,5,10th Most Frequent,James Tomkins,61592,England,Defender,"[""Crystal Palace""]",84
34,Christian Benteke,50201,Belgium,Attack,35000000,5,5,Most Frequent,Wilfried Zaha,145988,Cote d'Ivoire,Attack,"[""Crystal Palace""]",142
35,David Silva,35518,Spain,Midfield,50000000,1,5,Least Frequent,Jon Ander Olasagasti,625660,Spain,Midfield,"[""Real Sociedad""]",1
35,David Silva,35518,Spain,Midfield,50000000,2,5,Low-Mid Tier,Angeliño,277179,Spain,Defender,"[""Manchester City""]",8
35,David Silva,35518,Spain,Midfield,50000000,3,5,Mid Tier,Frank Lampard,3163,England,Midfield,"[""Manchester City""]",31
35,David Silva,35518,Spain,Midfield,50000000,4,5,10th Most Frequent,Aleksandar Kolarov,46156,Serbia,Defender,"[""Manchester City""]",129
35,David Silva,35518,Spain,Midfield,50000000,5,5,Most Frequent,Sergio Agüero,26399,Argentina,Attack,"[""Manchester City""]",234
36,Victor Osimhen,401923,Nigeria,Attack,120000000,1,5,Least Frequent,Batuhan Şen,352659,Türkiye,Goalkeeper,"[""Galatasaray""]",1
36,Victor Osimhen,401923,Nigeria,Attack,120000000,2,5,Low-Mid Tier,Romain Grange,105400,France,Midfield,"[""Royal Charleroi Sporting""]",4
36,Victor Osimhen,401923,Nigeria,Attack,120000000,3,5,Mid Tier,Alessio Zerbin,433584,Italy,Midfield,"[""Napoli""]",13
36,Victor Osimhen,401923,Nigeria,Attack,120000000,4,5,10th Most Frequent,Hirving Lozano,316889,Mexico,Attack,"[""Napoli""]",81
36,Victor Osimhen,401923,Nigeria,Attack,120000000,5,5,Most Frequent,Giovanni Di Lorenzo,169880,Italy,Defender,"[""Napoli""]",124
37,Mason Mount,346483,England,Midfield,75000000,1,5,Least Frequent,Tyler Fletcher,1049911,Scotland,Midfield,"[""Manchester United""]",1
37,Mason Mount,346483,England,Midfield,75000000,2,5,Low-Mid Tier,Charlie Colkett,236496,England,Midfield,"[""Vitesse Arnhem""]",7
37,Mason Mount,346483,England,Midfield,75000000,3,5,Mid Tier,Pedro,65278,Spain,Attack,"[""Chelsea""]",21
37,Mason Mount,346483,England,Midfield,75000000,4,5,10th Most Frequent,Edouard Mendy,442531,Senegal,Goalkeeper,"[""Chelsea""]",89
37,Mason Mount,346483,England,Midfield,75000000,5,5,Most Frequent,César Azpilicueta,57500,Spain,Defender,"[""Chelsea""]",145
38,Raphaël Guerreiro,170986,Portugal,Defender,40000000,1,5,Least Frequent,Erblin Osmani,1330946,Germany,Midfield,"[""Bayern Munich""]",1
38,Raphaël Guerreiro,170986,Portugal,Defender,40000000,2,5,Low-Mid Tier,Remi Mulumba,146099,DR Congo,Midfield,"[""Lorient""]",5
38,Raphaël Guerreiro,170986,Portugal,Defender,40000000,3,5,Mid Tier,Jérémie Aliadière,3266,France,Attack,"[""Lorient""]",23
38,Raphaël Guerreiro,170986,Portugal,Defender,40000000,4,5,10th Most Frequent,Mahmoud Dahoud,191422,Syria,Midfield,"[""Borussia Dortmund""]",92
38,Raphaël Guerreiro,170986,Portugal,Defender,40000000,5,5,Most Frequent,Marco Reus,35207,Germany,Midfield,"[""Borussia Dortmund""]",150
39,Ademola Lookman,406040,Nigeria,Attack,60000000,1,5,Least Frequent,Aleksa Puric,699233,Serbia,Defender,"[""Atlético Madrid""]",1
39,Ademola Lookman,406040,Nigeria,Attack,60000000,2,5,Low-Mid Tier,Victor Osimhen,401923,Nigeria,Attack,"[""Galatasaray""]",5
39,Ademola Lookman,406040,Nigeria,Attack,60000000,3,5,Mid Tier,Honest Ahanor,1077175,Italy,Defender,"[""Atalanta BC""]",13
39,Ademola Lookman,406040,Nigeria,Attack,60000000,4,5,10th Most Frequent,Sead Kolasinac,94005,Bosnia-Herzegovina,Defender,"[""Atalanta BC""]",72
39,Ademola Lookman,406040,Nigeria,Attack,60000000,5,5,Most Frequent,Éderson,607854,Brazil,Midfield,"[""Atalanta BC""]",131
40,Aurélien Tchouaméni,413112,France,Midfield,100000000,1,5,Least Frequent,Manu Koné,624690,France,Midfield,"[""Associazione Sportiva Roma""]",1
40,Aurélien Tchouaméni,413112,France,Midfield,100000000,2,5,Low-Mid Tier,Milan Gajic,245030,Serbia,Defender,"[""Girondins Bordeaux""]",2
40,Aurélien Tchouaméni,413112,France,Midfield,100000000,3,5,Mid Tier,Ui-jo Hwang,260166,"Korea, South",Midfield,"[""Girondins Bordeaux""]",12
40,Aurélien Tchouaméni,413112,France,Midfield,100000000,4,5,10th Most Frequent,Dani Ceballos,319745,Spain,Midfield,"[""Real Madrid""]",108
40,Aurélien Tchouaméni,413112,France,Midfield,100000000,5,5,Most Frequent,Federico Valverde,369081,Uruguay,Midfield,"[""Real Madrid""]",179
41,Odilon Kossounou,644771,Cote d'Ivoire,Defender,35000000,1,5,Least Frequent,Christopher Operi,469976,Cote d'Ivoire,Defender,"[""Basaksehir""]",1
41,Odilon Kossounou,644771,Cote d'Ivoire,Defender,35000000,2,5,Low-Mid Tier,Marco Palestra,895937,Italy,Defender,"[""Atalanta BC""]",4
41,Odilon Kossounou,644771,Cote d'Ivoire,Defender,35000000,3,5,Mid Tier,Bas Dost,56331,Netherlands,Attack,"[""Brugge KV""]",15
41,Odilon Kossounou,644771,Cote d'Ivoire,Defender,35000000,4,5,10th Most Frequent,Florian Wirtz,598577,Germany,Midfield,"[""Bayer Leverkusen""]",68
41,Odilon Kossounou,644771,Cote d'Ivoire,Defender,35000000,5,5,Most Frequent,Jonathan Tah,196357,Germany,Defender,"[""Bayer Leverkusen""]",96
42,Ayyoub Bouaddi,1097139,Morocco,Midfield,50000000,1,5,Least Frequent,Anass Salah-Eddine,485584,Morocco,Defender,"[""PSV Eindhoven""]",1
42,Ayyoub Bouaddi,1097139,Morocco,Midfield,50000000,2,5,Low-Mid Tier,Noussair Mazraoui,340456,Morocco,Defender,"[""Manchester United""]",2
42,Ayyoub Bouaddi,1097139,Morocco,Midfield,50000000,3,5,Mid Tier,Soriba Diaoune,1184007,France,Attack,"[""LOSC Lille""]",12
42,Ayyoub Bouaddi,1097139,Morocco,Midfield,50000000,4,5,10th Most Frequent,Lucas Chevalier,463600,France,Goalkeeper,"[""LOSC Lille""]",42
42,Ayyoub Bouaddi,1097139,Morocco,Midfield,50000000,5,5,Most Frequent,Benjamin André,84301,France,Midfield,"[""LOSC Lille""]",68
43,Bukayo Saka,433177,England,Attack,150000000,1,5,Least Frequent,Jarell Quansah,632349,England,Defender,"[""Bayer Leverkusen""]",1
43,Bukayo Saka,433177,England,Attack,150000000,2,5,Low-Mid Tier,Igor Perduta,201671,Ukraine,Defender,"[""Vorskla Poltava""]",1
43,Bukayo Saka,433177,England,Attack,150000000,3,5,Mid Tier,Mesut Özil,35664,Germany,Midfield,"[""Arsenal""]",16
43,Bukayo Saka,433177,England,Attack,150000000,4,5,10th Most Frequent,Declan Rice,357662,England,Midfield,"[""Arsenal""]",123
43,Bukayo Saka,433177,England,Attack,150000000,5,5,Most Frequent,Gabriel Martinelli,655488,Brazil,Attack,"[""Arsenal""]",220
44,Min-jae Kim,503482,"Korea, South",Defender,60000000,1,5,Least Frequent,Jens Castrop,613192,"Korea, South",Midfield,"[""Borussia Mönchengladbach""]",1
44,Min-jae Kim,503482,"Korea, South",Defender,60000000,2,5,Low-Mid Tier,Hyeon-gyu Oh,639246,"Korea, South",Attack,"[""Beşiktaş Jimnastik Kulübü""]",3
44,Min-jae Kim,503482,"Korea, South",Defender,60000000,3,5,Mid Tier,Matthijs de Ligt,326031,Netherlands,Defender,"[""Bayern Munich""]",19
44,Min-jae Kim,503482,"Korea, South",Defender,60000000,4,5,10th Most Frequent,Serge Gnabry,159471,Germany,Attack,"[""Bayern Munich""]",71
44,Min-jae Kim,503482,"Korea, South",Defender,60000000,5,5,Most Frequent,Harry Kane,132098,England,Attack,"[""Bayern Munich""]",107
45,Arturo Vidal,37666,Chile,Midfield,45000000,1,5,Least Frequent,Ionuț Radu,303657,Romania,Goalkeeper,"[""Inter Milan""]",1
45,Arturo Vidal,37666,Chile,Midfield,45000000,2,5,Low-Mid Tier,Munir El Haddadi,223725,Morocco,Midfield,"[""Barcelona""]",7
45,Arturo Vidal,37666,Chile,Midfield,45000000,3,5,Mid Tier,Joaquín Correa,227081,Argentina,Attack,"[""Inter Milan""]",28
45,Arturo Vidal,37666,Chile,Midfield,45000000,4,5,10th Most Frequent,Stephan Lichtsteiner,2865,Switzerland,Defender,"[""Juventus""]",98
45,Arturo Vidal,37666,Chile,Midfield,45000000,5,5,Most Frequent,Leonardo Bonucci,39983,Italy,Defender,"[""Juventus""]",119
46,Alphonso Davies,424204,Canada,Defender,80000000,1,5,Least Frequent,Deniz Ofli,1081907,Türkiye,Defender,"[""Bayern Munich""]",1
46,Alphonso Davies,424204,Canada,Defender,80000000,2,5,Low-Mid Tier,Alexander Nübel,195778,Germany,Goalkeeper,"[""Bayern Munich""]",3
46,Alphonso Davies,424204,Canada,Defender,80000000,3,5,Mid Tier,Joshua Zirkzee,435648,Netherlands,Attack,"[""Bayern Munich""]",13
46,Alphonso Davies,424204,Canada,Defender,80000000,4,5,10th Most Frequent,Benjamin Pavard,353366,France,Defender,"[""Bayern Munich""]",118
46,Alphonso Davies,424204,Canada,Defender,80000000,5,5,Most Frequent,Joshua Kimmich,161056,Germany,Midfield,"[""Bayern Munich""]",224
47,Rodri,357565,Spain,Midfield,130000000,1,5,Least Frequent,Pedro Porro,553875,Spain,Defender,"[""Tottenham""]",1
47,Rodri,357565,Spain,Midfield,130000000,2,5,Low-Mid Tier,Pedri,683840,Spain,Midfield,"[""Barcelona""]",3
47,Rodri,357565,Spain,Midfield,130000000,3,5,Mid Tier,Mateo Musacchio,45653,Argentina,Defender,"[""Villarreal""]",18
47,Rodri,357565,Spain,Midfield,130000000,4,5,10th Most Frequent,João Cancelo,182712,Portugal,Defender,"[""Manchester City""]",128
47,Rodri,357565,Spain,Midfield,130000000,5,5,Most Frequent,Bernardo Silva,241641,Portugal,Midfield,"[""Manchester City""]",249
48,Ibrahim Sangaré,375885,Cote d'Ivoire,Midfield,35000000,1,5,Least Frequent,Christopher Operi,469976,Cote d'Ivoire,Defender,"[""Basaksehir""]",1
48,Ibrahim Sangaré,375885,Cote d'Ivoire,Midfield,35000000,2,5,Low-Mid Tier,Evann Guessand,500689,Cote d'Ivoire,Attack,"[""Crystal Palace""]",4
48,Ibrahim Sangaré,375885,Cote d'Ivoire,Midfield,35000000,3,5,Mid Tier,Thorgan Hazard,102226,Belgium,Midfield,"[""PSV Eindhoven""]",12
48,Ibrahim Sangaré,375885,Cote d'Ivoire,Midfield,35000000,4,5,10th Most Frequent,Neco Williams,503680,Wales,Defender,"[""Nottingham Forest""]",65
48,Ibrahim Sangaré,375885,Cote d'Ivoire,Midfield,35000000,5,5,Most Frequent,Jordan Teze,364245,Netherlands,Defender,"[""PSV Eindhoven""]",117
49,Felix Nmecha,406640,Germany,Midfield,50000000,1,5,Least Frequent,Malick Thiaw,521964,Germany,Defender,"[""Newcastle United""]",1
49,Felix Nmecha,406640,Germany,Midfield,50000000,2,5,Low-Mid Tier,Kevin De Bruyne,88755,Belgium,Midfield,"[""Manchester City""]",2
49,Felix Nmecha,406640,Germany,Midfield,50000000,3,5,Mid Tier,Luca Reggiani,1074990,Italy,Defender,"[""Borussia Dortmund""]",8
49,Felix Nmecha,406640,Germany,Midfield,50000000,4,5,10th Most Frequent,Maximilian Beier,578392,Germany,Attack,"[""Borussia Dortmund""]",72
49,Felix Nmecha,406640,Germany,Midfield,50000000,5,5,Most Frequent,Gregor Kobel,257814,Switzerland,Goalkeeper,"[""Borussia Dortmund""]",106
50,Eden Hazard,50202,Belgium,Attack,150000000,1,5,Least Frequent,Álvaro Rodríguez,948275,Uruguay,Attack,"[""Real Madrid""]",1
50,Eden Hazard,50202,Belgium,Attack,150000000,2,5,Low-Mid Tier,Mark Schwarzer,3357,Australia,Goalkeeper,"[""Chelsea""]",6
50,Eden Hazard,50202,Belgium,Attack,150000000,3,5,Mid Tier,David Alaba,59016,Austria,Defender,"[""Real Madrid""]",27
50,Eden Hazard,50202,Belgium,Attack,150000000,4,5,10th Most Frequent,Pedro,65278,Spain,Attack,"[""Chelsea""]",144
50,Eden Hazard,50202,Belgium,Attack,150000000,5,5,Most Frequent,César Azpilicueta,57500,Spain,Defender,"[""Chelsea""]",275
51,Randal Kolo Muani,487969,France,Attack,80000000,1,5,Least Frequent,James Rowswell,999743,England,Defender,"[""Tottenham""]",1
51,Randal Kolo Muani,487969,France,Attack,80000000,2,5,Low-Mid Tier,Anthony Limbombe,140803,Belgium,Attack,"[""Nantes""]",4
51,Randal Kolo Muani,487969,France,Attack,80000000,3,5,Mid Tier,Faride Alidou,456492,Germany,Attack,"[""Eintracht Frankfurt""]",18
51,Randal Kolo Muani,487969,France,Attack,80000000,4,5,10th Most Frequent,Sébastien Corchia,102744,France,Defender,"[""Nantes""]",51
51,Randal Kolo Muani,487969,France,Attack,80000000,5,5,Most Frequent,Alban Lafont,357117,Cote d'Ivoire,Goalkeeper,"[""Nantes""]",73
52,Filip Kostić,161011,Serbia,Midfield,40000000,1,5,Least Frequent,Emil Holm,496745,Sweden,Defender,"[""Juventus""]",1
52,Filip Kostić,161011,Serbia,Midfield,40000000,2,5,Low-Mid Tier,Samet Akaydin,295024,Türkiye,Defender,"[""Fenerbahce""]",5
52,Filip Kostić,161011,Serbia,Midfield,40000000,3,5,Mid Tier,Michele Di Gregorio,301238,Italy,Goalkeeper,"[""Juventus""]",20
52,Filip Kostić,161011,Serbia,Midfield,40000000,4,5,10th Most Frequent,Bremer,516716,Brazil,Defender,"[""Juventus""]",84
52,Filip Kostić,161011,Serbia,Midfield,40000000,5,5,Most Frequent,Kevin Trapp,45672,Germany,Goalkeeper,"[""Eintracht Frankfurt""]",148
53,Martín Zubimendi,423440,Spain,Midfield,80000000,1,5,Least Frequent,Tommy Setford,848753,England,Goalkeeper,"[""Arsenal""]",1
53,Martín Zubimendi,423440,Spain,Midfield,80000000,2,5,Low-Mid Tier,Unai Marrero,625657,Spain,Goalkeeper,"[""Real Sociedad""]",10
53,Martín Zubimendi,423440,Spain,Midfield,80000000,3,5,Mid Tier,Orri Óskarsson,660438,Iceland,Attack,"[""Real Sociedad""]",31
53,Martín Zubimendi,423440,Spain,Midfield,80000000,4,5,10th Most Frequent,Brais Méndez,309110,Spain,Midfield,"[""Real Sociedad""]",113
53,Martín Zubimendi,423440,Spain,Midfield,80000000,5,5,Most Frequent,Álex Remiro,212862,Spain,Goalkeeper,"[""Real Sociedad""]",211
54,Paul Pogba,122153,France,Midfield,100000000,1,5,Least Frequent,Eric Dier,175722,England,Defender,"[""Monaco""]",1
54,Paul Pogba,122153,France,Midfield,100000000,2,5,Low-Mid Tier,Aleksandr Golovin,263918,Russia,Midfield,"[""Monaco""]",4
54,Paul Pogba,122153,France,Midfield,100000000,3,5,Mid Tier,Simone Pepe,17249,Italy,Attack,"[""Juventus""]",14
54,Paul Pogba,122153,France,Midfield,100000000,4,5,10th Most Frequent,Victor Lindelöf,184573,Sweden,Defender,"[""Manchester United""]",124
54,Paul Pogba,122153,France,Midfield,100000000,5,5,Most Frequent,Marcus Rashford,258923,England,Attack,"[""Manchester United""]",187
55,Idrissa Gueye,126665,Senegal,Midfield,30000000,1,5,Least Frequent,Abdoulaye Seck,265383,Senegal,Defender,"[""""]",1
55,Idrissa Gueye,126665,Senegal,Midfield,30000000,2,5,Low-Mid Tier,Kalidou Koulibaly,93128,Senegal,Defender,"[""Al-Hilal Saudi""]",7
55,Idrissa Gueye,126665,Senegal,Midfield,30000000,3,5,Mid Tier,Cuco Martina,91251,Curacao,Defender,"[""Everton""]",21
55,Idrissa Gueye,126665,Senegal,Midfield,30000000,4,5,10th Most Frequent,James Garner,505219,England,Midfield,"[""Everton""]",91
55,Idrissa Gueye,126665,Senegal,Midfield,30000000,5,5,Most Frequent,Jordan Pickford,130164,England,Goalkeeper,"[""Everton""]",198
56,Steven Gerrard,3109,England,Midfield,50000000,1,5,Least Frequent,João Carlos Teixeira,132214,Portugal,Midfield,"[""Liverpool""]",1
56,Steven Gerrard,3109,England,Midfield,50000000,2,5,Low-Mid Tier,Nuri Sahin,31095,Turkey,Midfield,"[""Liverpool""]",9
56,Steven Gerrard,3109,England,Midfield,50000000,3,5,Mid Tier,Emre Can,119296,Germany,Defender,"[""Liverpool""]",23
56,Steven Gerrard,3109,England,Midfield,50000000,4,5,10th Most Frequent,Daniel Agger,22832,Denmark,Defender,"[""Liverpool""]",58
56,Steven Gerrard,3109,England,Midfield,50000000,5,5,Most Frequent,Jordan Henderson,61651,England,Midfield,"[""Liverpool""]",105
57,Jude Bellingham,581678,England,Midfield,180000000,1,5,Least Frequent,Jarell Quansah,632349,England,Defender,"[""Bayer Leverkusen""]",1
57,Jude Bellingham,581678,England,Midfield,180000000,2,5,Low-Mid Tier,Morgan Rogers,503743,England,Midfield,"[""Aston Villa""]",3
57,Jude Bellingham,581678,England,Midfield,180000000,3,5,Mid Tier,Franco Mastantuono,1057316,Argentina,Attack,"[""Real Madrid""]",26
57,Jude Bellingham,581678,England,Midfield,180000000,4,5,10th Most Frequent,Eduardo Camavinga,640428,France,Midfield,"[""Real Madrid""]",98
57,Jude Bellingham,581678,England,Midfield,180000000,5,5,Most Frequent,Federico Valverde,369081,Uruguay,Midfield,"[""Real Madrid""]",131
58,Kalidou Koulibaly,93128,Senegal,Defender,75000000,1,5,Least Frequent,Mory Diaw,164904,Senegal,Goalkeeper,"[""Le Havre""]",1
58,Kalidou Koulibaly,93128,Senegal,Defender,75000000,2,5,Low-Mid Tier,Rúben Neves,225161,Portugal,Midfield,"[""Al-Hilal Saudi""]",5
58,Kalidou Koulibaly,93128,Senegal,Defender,75000000,3,5,Mid Tier,Reece James,472423,England,Defender,"[""Chelsea""]",17
58,Kalidou Koulibaly,93128,Senegal,Defender,75000000,4,5,10th Most Frequent,Mário Rui,87884,Portugal,Defender,"[""Napoli""]",130
58,Kalidou Koulibaly,93128,Senegal,Defender,75000000,5,5,Most Frequent,Dries Mertens,56416,Belgium,Attack,"[""Napoli""]",277
59,Giovani Lo Celso,348795,Argentina,Midfield,50000000,1,5,Least Frequent,Nico Paz,948294,Argentina,Midfield,"[""Como 1907""]",1
59,Giovani Lo Celso,348795,Argentina,Midfield,50000000,2,5,Low-Mid Tier,Sergio Asenjo,51710,Spain,Goalkeeper,"[""Villarreal""]",4
59,Giovani Lo Celso,348795,Argentina,Midfield,50000000,3,5,Mid Tier,Richarlison,378710,Brazil,Attack,"[""Tottenham""]",17
59,Giovani Lo Celso,348795,Argentina,Midfield,50000000,4,5,10th Most Frequent,Natan,735568,Brazil,Defender,"[""Real Betis Balompié""]",51
59,Giovani Lo Celso,348795,Argentina,Midfield,50000000,5,5,Most Frequent,Heung-min Son,91845,"Korea, South",Attack,"[""Tottenham""]",83
60,Joshua Kimmich,161056,Germany,Midfield,90000000,1,5,Least Frequent,Pascal Groß,82873,Germany,Midfield,"[""Borussia Dortmund""]",1
60,Joshua Kimmich,161056,Germany,Midfield,90000000,2,5,Low-Mid Tier,Jonah Kusi-Asare,1069512,Sweden,Attack,"[""Bayern Munich""]",2
60,Joshua Kimmich,161056,Germany,Midfield,90000000,3,5,Mid Tier,Sebastian Rode,44466,Germany,Midfield,"[""Bayern Munich""]",13
60,Joshua Kimmich,161056,Germany,Midfield,90000000,4,5,10th Most Frequent,Leroy Sané,192565,Germany,Attack,"[""Bayern Munich""]",200
60,Joshua Kimmich,161056,Germany,Midfield,90000000,5,5,Most Frequent,Thomas Müller,58358,Germany,Attack,"[""Bayern Munich""]",393
61,Antoine Griezmann,125781,France,Attack,150000000,1,5,Least Frequent,Rayane Belaid,945500,Spain,Midfield,"[""Atlético Madrid""]",1
61,Antoine Griezmann,125781,France,Attack,150000000,2,5,Low-Mid Tier,Carlos Martín,618813,Spain,Attack,"[""Atlético Madrid""]",6
61,Antoine Griezmann,125781,France,Attack,150000000,3,5,Mid Tier,Luciano Vietto,214316,Argentina,Attack,"[""Atlético Madrid""]",32
61,Antoine Griezmann,125781,France,Attack,150000000,4,5,10th Most Frequent,Diego Godín,54928,Uruguay,Defender,"[""Atlético Madrid""]",169
61,Antoine Griezmann,125781,France,Attack,150000000,5,5,Most Frequent,Koke,74229,Spain,Midfield,"[""Atlético Madrid""]",395
62,Jack Wilshere,74223,England,Midfield,33000000,1,5,Least Frequent,Frederik Ihler,673173,Denmark,Attack,"[""Aarhus GF""]",1
62,Jack Wilshere,74223,England,Midfield,33000000,2,5,Low-Mid Tier,Sebastian Hausner,425808,Denmark,Defender,"[""Aarhus GF""]",4
62,Jack Wilshere,74223,England,Midfield,33000000,3,5,Mid Tier,Gervinho,33481,Cote d'Ivoire,Attack,"[""Arsenal""]",9
62,Jack Wilshere,74223,England,Midfield,33000000,4,5,10th Most Frequent,Nacho Monreal,43003,Spain,Defender,"[""Arsenal""]",59
62,Jack Wilshere,74223,England,Midfield,33000000,5,5,Most Frequent,Laurent Koscielny,76277,France,Defender,"[""Arsenal""]",94
63,Pape Gueye,485963,Senegal,Midfield,40000000,1,5,Least Frequent,Abdoulaye Seck,265383,Senegal,Defender,"[""""]",1
63,Pape Gueye,485963,Senegal,Midfield,40000000,2,5,Low-Mid Tier,Karim Rekik,182579,Netherlands,Defender,"[""Sevilla""]",5
63,Pape Gueye,485963,Senegal,Midfield,40000000,3,5,Mid Tier,Lucas Ocampos,189441,Argentina,Attack,"[""Sevilla""]",12
63,Pape Gueye,485963,Senegal,Midfield,40000000,4,5,10th Most Frequent,Duje Caleta-Car,238266,Croatia,Defender,"[""Olympique Marseille""]",52
63,Pape Gueye,485963,Senegal,Midfield,40000000,5,5,Most Frequent,Valentin Rongier,332889,France,Midfield,"[""Olympique Marseille""]",71
64,Moisés Caicedo,687626,Ecuador,Midfield,110000000,1,5,Least Frequent,Félix Torres,468174,Ecuador,Defender,"[""Sport Internacional""]",1
64,Moisés Caicedo,687626,Ecuador,Midfield,110000000,2,5,Low-Mid Tier,Gonzalo Plata,592735,Ecuador,Attack,"[""Clube de Regatas do Flamengo""]",3
64,Moisés Caicedo,687626,Ecuador,Midfield,110000000,3,5,Mid Tier,Lesley Ugochukwu,711999,France,Midfield,"[""Chelsea""]",12
64,Moisés Caicedo,687626,Ecuador,Midfield,110000000,4,5,10th Most Frequent,Noni Madueke,503987,England,Attack,"[""Chelsea""]",71
64,Moisés Caicedo,687626,Ecuador,Midfield,110000000,5,5,Most Frequent,Robert Sánchez,403151,Spain,Goalkeeper,"[""Chelsea"", ""Brighton & Hove Albion""]",132
65,Morgan Rogers,503743,England,Midfield,90000000,1,5,Least Frequent,Jarell Quansah,632349,England,Defender,"[""Bayer Leverkusen""]",1
65,Morgan Rogers,503743,England,Midfield,90000000,2,5,Low-Mid Tier,Noni Madueke,503987,England,Attack,"[""Arsenal""]",3
65,Morgan Rogers,503743,England,Midfield,90000000,3,5,Mid Tier,Harvey Elliott,565822,England,Midfield,"[""Aston Villa""]",9
65,Morgan Rogers,503743,England,Midfield,90000000,4,5,10th Most Frequent,Amadou Onana,485706,Belgium,Midfield,"[""Aston Villa""]",69
65,Morgan Rogers,503743,England,Midfield,90000000,5,5,Most Frequent,Ollie Watkins,324358,England,Attack,"[""Aston Villa""]",117
66,Héctor Bellerín,191217,Spain,Defender,40000000,1,5,Least Frequent,Dani Pérez,895331,Spain,Midfield,"[""Real Betis Balompié""]",1
66,Héctor Bellerín,191217,Spain,Defender,40000000,2,5,Low-Mid Tier,Robert Lewandowski,38253,Poland,Attack,"[""Barcelona""]",5
66,Héctor Bellerín,191217,Spain,Defender,40000000,3,5,Mid Tier,Lucas Pérez,73185,Spain,Attack,"[""Arsenal""]",13
66,Héctor Bellerín,191217,Spain,Defender,40000000,4,5,10th Most Frequent,Shkodran Mustafi,88590,Germany,Defender,"[""Arsenal""]",94
66,Héctor Bellerín,191217,Spain,Defender,40000000,5,5,Most Frequent,Mesut Özil,35664,Germany,Midfield,"[""Arsenal""]",146
67,Sergej Milinković-Savić,266302,Serbia,Midfield,90000000,1,5,Least Frequent,Abderrazak Hamdallah,235052,Morocco,Attack,"[""Al-Hilal Saudi""]",1
67,Sergej Milinković-Savić,266302,Serbia,Midfield,90000000,2,5,Low-Mid Tier,Kalidou Koulibaly,93128,Senegal,Defender,"[""Al-Hilal Saudi""]",5
67,Sergej Milinković-Savić,266302,Serbia,Midfield,90000000,3,5,Mid Tier,Tornike Okriashvili,137939,Georgia,Attack,"[""KRC Genk""]",13
67,Sergej Milinković-Savić,266302,Serbia,Midfield,90000000,4,5,10th Most Frequent,Danilo Cataldi,199733,Italy,Midfield,"[""Società Sportiva Lazio S.p.A.""]",157
67,Sergej Milinković-Savić,266302,Serbia,Midfield,90000000,5,5,Most Frequent,Ciro Immobile,105521,Italy,Attack,"[""Società Sportiva Lazio S.p.A.""]",268
68,William Saliba,495666,France,Defender,100000000,1,5,Least Frequent,Maghnes Akliouche,745200,France,Attack,"[""Monaco""]",1
68,William Saliba,495666,France,Defender,100000000,2,5,Low-Mid Tier,Robson Bambu,458715,Brazil,Defender,"[""Nice""]",5
68,William Saliba,495666,France,Defender,100000000,3,5,Mid Tier,Flavius Daniliuc,322655,Austria,Defender,"[""Nice""]",13
68,William Saliba,495666,France,Defender,100000000,4,5,10th Most Frequent,Kai Havertz,309400,Germany,Attack,"[""Arsenal""]",94
68,William Saliba,495666,France,Defender,100000000,5,5,Most Frequent,Gabriel Martinelli,655488,Brazil,Attack,"[""Arsenal""]",156
69,Mario Hermoso,281769,Spain,Defender,35000000,1,5,Least Frequent,Jonas Hofmann,7161,Germany,Midfield,"[""Bayer Leverkusen""]",1
69,Mario Hermoso,281769,Spain,Defender,35000000,2,5,Low-Mid Tier,Pape Diop,39907,Senegal,Midfield,"[""Espanyol Barcelona""]",4
69,Mario Hermoso,281769,Spain,Defender,35000000,3,5,Mid Tier,Konstantinos Tsimikas,338070,Greece,Defender,"[""Associazione Sportiva Roma""]",16
69,Mario Hermoso,281769,Spain,Defender,35000000,4,5,10th Most Frequent,Thomas Lemar,205562,France,Midfield,"[""Atlético Madrid""]",97
69,Mario Hermoso,281769,Spain,Defender,35000000,5,5,Most Frequent,Jan Oblak,121483,Slovenia,Goalkeeper,"[""Atlético Madrid""]",162
70,Gerard Moreno,177467,Spain,Attack,40000000,1,5,Least Frequent,Dani Requena,945709,Spain,Midfield,"[""Villarreal""]",1
70,Gerard Moreno,177467,Spain,Attack,40000000,2,5,Low-Mid Tier,Pau Cabanes,1063553,Spain,Attack,"[""Villarreal""]",10
70,Gerard Moreno,177467,Spain,Attack,40000000,3,5,Mid Tier,Mario Hermoso,281769,Spain,Defender,"[""Espanyol Barcelona""]",24
70,Gerard Moreno,177467,Spain,Attack,40000000,4,5,10th Most Frequent,Mario Gaspar,73250,Spain,Defender,"[""Villarreal""]",95
70,Gerard Moreno,177467,Spain,Attack,40000000,5,5,Most Frequent,Dani Parejo,59561,Spain,Midfield,"[""Villarreal""]",158
71,Harry Kane,132098,England,Attack,150000000,1,5,Least Frequent,Jarell Quansah,632349,England,Defender,"[""Bayer Leverkusen""]",1
71,Harry Kane,132098,England,Attack,150000000,2,5,Low-Mid Tier,Grant Holt,13412,England,Attack,"[""Norwich City""]",2
71,Harry Kane,132098,England,Attack,150000000,3,5,Mid Tier,Étienne Capoue,63494,France,Midfield,"[""Tottenham""]",15
71,Harry Kane,132098,England,Attack,150000000,4,5,10th Most Frequent,Lucas Moura,77100,Brazil,Attack,"[""Tottenham""]",163
71,Harry Kane,132098,England,Attack,150000000,5,5,Most Frequent,Eric Dier,175722,England,Defender,"[""Bayern Munich"", ""Tottenham""]",341
72,Marcelo Brozović,156617,Croatia,Midfield,60000000,1,5,Least Frequent,Alex Cordaz,16633,Italy,Goalkeeper,"[""Inter Milan""]",1
72,Marcelo Brozović,156617,Croatia,Midfield,60000000,2,5,Low-Mid Tier,Gabriel Barbosa,244275,Brazil,Attack,"[""Inter Milan""]",6
72,Marcelo Brozović,156617,Croatia,Midfield,60000000,3,5,Mid Tier,Keita Baldé,238752,Senegal,Attack,"[""Inter Milan""]",23
72,Marcelo Brozović,156617,Croatia,Midfield,60000000,4,5,10th Most Frequent,Mauro Icardi,68863,Argentina,Attack,"[""Inter Milan""]",128
72,Marcelo Brozović,156617,Croatia,Midfield,60000000,5,5,Most Frequent,Samir Handanovic,28021,,Goalkeeper,"[""Inter Milan""]",288
73,Jan Paul van Hecke,576314,Netherlands,Defender,45000000,1,5,Least Frequent,Justin Kluivert,330659,Netherlands,Midfield,"[""Bournemouth""]",1
73,Jan Paul van Hecke,576314,Netherlands,Defender,45000000,2,5,Low-Mid Tier,Denzel Dumfries,321528,Netherlands,Defender,"[""Inter Milan""]",3
73,Jan Paul van Hecke,576314,Netherlands,Defender,45000000,3,5,Mid Tier,Oliver Batista Meier,406614,Germany,Attack,"[""Heerenveen""]",12
73,Jan Paul van Hecke,576314,Netherlands,Defender,45000000,4,5,10th Most Frequent,Yankuba Minteh,1012534,The Gambia,Attack,"[""Brighton & Hove Albion""]",66
73,Jan Paul van Hecke,576314,Netherlands,Defender,45000000,5,5,Most Frequent,Danny Welbeck,67063,England,Attack,"[""Brighton & Hove Albion""]",108
74,Kaká,3366,Brazil,Midfield,70000000,1,5,Least Frequent,Álex Fernández,89733,Spain,Midfield,"[""Real Madrid""]",1
74,Kaká,3366,Brazil,Midfield,70000000,2,5,Low-Mid Tier,Cristian Zaccardo,5993,Italy,Defender,"[""AC Milan""]",8
74,Kaká,3366,Brazil,Midfield,70000000,3,5,Mid Tier,Gonzalo Higuaín,39153,Argentina,Attack,"[""Real Madrid""]",17
74,Kaká,3366,Brazil,Midfield,70000000,4,5,10th Most Frequent,Urby Emanuelson,20586,Netherlands,Midfield,"[""AC Milan""]",23
74,Kaká,3366,Brazil,Midfield,70000000,5,5,Most Frequent,Nigel de Jong,4672,Netherlands,Midfield,"[""AC Milan""]",35
75,Julián Alvarez,576024,Argentina,Attack,100000000,1,5,Least Frequent,Valentín Barco,849410,Argentina,Midfield,"[""Strasbourg Alsace""]",1
75,Julián Alvarez,576024,Argentina,Attack,100000000,2,5,Low-Mid Tier,Micah Hamilton,652797,England,Attack,"[""Manchester City""]",2
75,Julián Alvarez,576024,Argentina,Attack,100000000,3,5,Mid Tier,Matheus Nunes,601883,Portugal,Defender,"[""Manchester City""]",26
75,Julián Alvarez,576024,Argentina,Attack,100000000,4,5,10th Most Frequent,Nahuel Molina,424042,Argentina,Defender,"[""Atlético Madrid""]",85
75,Julián Alvarez,576024,Argentina,Attack,100000000,5,5,Most Frequent,Antoine Griezmann,125781,France,Attack,"[""Atlético Madrid""]",100
76,Antonee Robinson,349701,United States,Defender,35000000,1,5,Least Frequent,Joe Scally,504153,United States,Defender,"[""Borussia Mönchengladbach""]",1
76,Antonee Robinson,349701,United States,Defender,35000000,2,5,Low-Mid Tier,Weston McKennie,332697,United States,Midfield,"[""Juventus""]",2
76,Antonee Robinson,349701,United States,Defender,35000000,3,5,Mid Tier,Reiss Nelson,340325,England,Attack,"[""Fulham""]",11
76,Antonee Robinson,349701,United States,Defender,35000000,4,5,10th Most Frequent,Timothy Castagne,262226,Belgium,Defender,"[""Fulham""]",86
76,Antonee Robinson,349701,United States,Defender,35000000,5,5,Most Frequent,Bernd Leno,72476,Germany,Goalkeeper,"[""Fulham""]",134
77,Jordan Pickford,130164,England,Goalkeeper,40000000,1,5,Least Frequent,Jarell Quansah,632349,England,Defender,"[""Bayer Leverkusen""]",1
77,Jordan Pickford,130164,England,Goalkeeper,40000000,2,5,Low-Mid Tier,Djed Spence,483348,England,Defender,"[""Tottenham""]",3
77,Jordan Pickford,130164,England,Goalkeeper,40000000,3,5,Mid Tier,Duncan Watmore,248045,England,Attack,"[""Sunderland AFC""]",15
77,Jordan Pickford,130164,England,Goalkeeper,40000000,4,5,10th Most Frequent,Tom Davies,314210,England,Midfield,"[""Everton""]",129
77,Jordan Pickford,130164,England,Goalkeeper,40000000,5,5,Most Frequent,Dominic Calvert-Lewin,306024,England,Attack,"[""Everton""]",236
78,Raheem Sterling,134425,England,Attack,160000000,1,5,Least Frequent,Sem Steijn,593519,Netherlands,Midfield,"[""Feyenoord Rotterdam""]",1
78,Raheem Sterling,134425,England,Attack,160000000,2,5,Low-Mid Tier,Oussama Targhalline,667965,Morocco,Midfield,"[""Feyenoord Rotterdam""]",6
78,Raheem Sterling,134425,England,Attack,160000000,3,5,Mid Tier,Victor Moses,59866,Nigeria,Midfield,"[""Liverpool""]",18
78,Raheem Sterling,134425,England,Attack,160000000,4,5,10th Most Frequent,Nicolás Otamendi,54781,Argentina,Defender,"[""Manchester City""]",169
78,Raheem Sterling,134425,England,Attack,160000000,5,5,Most Frequent,Kevin De Bruyne,88755,Belgium,Midfield,"[""Manchester City""]",241
79,Kobbie Mainoo,820374,England,Midfield,70000000,1,5,Least Frequent,Dan Gore,747153,England,Midfield,"[""Manchester United""]",1
79,Kobbie Mainoo,820374,England,Midfield,70000000,2,5,Low-Mid Tier,Chido Obi,1042886,Denmark,Attack,"[""Manchester United""]",4
79,Kobbie Mainoo,820374,England,Midfield,70000000,3,5,Mid Tier,Aaron Wan-Bissaka,477758,DR Congo,Defender,"[""Manchester United""]",24
79,Kobbie Mainoo,820374,England,Midfield,70000000,4,5,10th Most Frequent,Noussair Mazraoui,340456,Morocco,Defender,"[""Manchester United""]",49
79,Kobbie Mainoo,820374,England,Midfield,70000000,5,5,Most Frequent,Bruno Fernandes,240306,Portugal,Midfield,"[""Manchester United""]",95
80,Axel Disasi,386047,France,Defender,42000000,1,5,Least Frequent,Finlay Herrick,848439,England,Goalkeeper,"[""West Ham United""]",1
80,Axel Disasi,386047,France,Defender,42000000,2,5,Low-Mid Tier,Andrés García,1063329,Spain,Defender,"[""Aston Villa""]",4
80,Axel Disasi,386047,France,Defender,42000000,3,5,Mid Tier,Adama Traoré,204103,Spain,Attack,"[""West Ham United""]",11
80,Axel Disasi,386047,France,Defender,42000000,4,5,10th Most Frequent,Gelson Martins,257448,Portugal,Attack,"[""Monaco""]",68
80,Axel Disasi,386047,France,Defender,42000000,5,5,Most Frequent,Wissam Ben Yedder,146854,France,Attack,"[""Monaco""]",110
81,Richarlison,378710,Brazil,Attack,65000000,1,5,Least Frequent,James Rowswell,999743,England,Defender,"[""Tottenham""]",1
81,Richarlison,378710,Brazil,Attack,65000000,2,5,Low-Mid Tier,Gerard Deulofeu,129476,Spain,Attack,"[""Watford""]",7
81,Richarlison,378710,Brazil,Attack,65000000,3,5,Mid Tier,James Rodríguez,88103,Colombia,Midfield,"[""Everton""]",22
81,Richarlison,378710,Brazil,Attack,65000000,4,5,10th Most Frequent,Cristian Romero,355915,Argentina,Defender,"[""Tottenham""]",88
81,Richarlison,378710,Brazil,Attack,65000000,5,5,Most Frequent,Jordan Pickford,130164,England,Goalkeeper,"[""Everton""]",133
82,Martin Ødegaard,316264,Norway,Midfield,110000000,1,5,Least Frequent,Marcus Pedersen,583404,Norway,Defender,"[""Torino""]",1
82,Martin Ødegaard,316264,Norway,Midfield,110000000,2,5,Low-Mid Tier,Pepe,14132,Portugal,Defender,"[""Real Madrid""]",2
82,Martin Ødegaard,316264,Norway,Midfield,110000000,3,5,Mid Tier,Calum Chambers,215118,England,Defender,"[""Arsenal""]",12
82,Martin Ødegaard,316264,Norway,Midfield,110000000,4,5,10th Most Frequent,Gabriel Jesus,363205,Brazil,Attack,"[""Arsenal""]",96
82,Martin Ødegaard,316264,Norway,Midfield,110000000,5,5,Most Frequent,Bukayo Saka,433177,England,Attack,"[""Arsenal""]",193
83,Amine Adli,532776,Morocco,Attack,30000000,1,5,Least Frequent,Remy Rees-Dottin,1089802,England,Attack,"[""Bournemouth""]",1
83,Amine Adli,532776,Morocco,Attack,30000000,2,5,Low-Mid Tier,Mathieu Dossevi,77828,Togo,Attack,"[""Toulouse""]",2
83,Amine Adli,532776,Morocco,Attack,30000000,3,5,Mid Tier,Martin Terrier,442891,France,Attack,"[""Bayer Leverkusen""]",11
83,Amine Adli,532776,Morocco,Attack,30000000,4,5,10th Most Frequent,Odilon Kossounou,644771,Cote d'Ivoire,Defender,"[""Bayer Leverkusen""]",78
83,Amine Adli,532776,Morocco,Attack,30000000,5,5,Most Frequent,Jonathan Tah,196357,Germany,Defender,"[""Bayer Leverkusen""]",138
84,Thiago Silva,29241,Brazil,Defender,40000000,1,5,Least Frequent,Dominik Prpić,921533,Croatia,Defender,"[""Porto""]",1
84,Thiago Silva,29241,Brazil,Defender,40000000,2,5,Low-Mid Tier,Hércules,982617,Brazil,Midfield,"[""Fluminense""]",5
84,Thiago Silva,29241,Brazil,Defender,40000000,3,5,Mid Tier,Yuri Berchiche,61812,Spain,Defender,"[""Paris Saint-Germain""]",12
84,Thiago Silva,29241,Brazil,Defender,40000000,4,5,10th Most Frequent,Maxwell,4317,Brazil,Defender,"[""Paris Saint-Germain""]",128
84,Thiago Silva,29241,Brazil,Defender,40000000,5,5,Most Frequent,Marco Verratti,102558,Italy,Midfield,"[""Paris Saint-Germain""]",194
85,Bernardo Silva,241641,Portugal,Midfield,100000000,1,5,Least Frequent,João Félix,462250,Portugal,Attack,"[""Al-Nassr""]",1
85,Bernardo Silva,241641,Portugal,Midfield,100000000,2,5,Low-Mid Tier,Vitor Reis,1005575,Brazil,Defender,"[""Manchester City""]",2
85,Bernardo Silva,241641,Portugal,Midfield,100000000,3,5,Mid Tier,James McAtee,583199,England,Midfield,"[""Manchester City""]",19
85,Bernardo Silva,241641,Portugal,Midfield,100000000,4,5,10th Most Frequent,Riyad Mahrez,171424,Algeria,Attack,"[""Manchester City""]",185
85,Bernardo Silva,241641,Portugal,Midfield,100000000,5,5,Most Frequent,Ederson,238223,Brazil,Goalkeeper,"[""Manchester City""]",321
86,Douglas Luiz,447661,Brazil,Midfield,70000000,1,5,Least Frequent,Zach Abbott,933017,England,Defender,"[""Nottingham Forest""]",1
86,Douglas Luiz,447661,Brazil,Midfield,70000000,2,5,Low-Mid Tier,Lloyd Kelly,480116,England,Defender,"[""Juventus""]",6
86,Douglas Luiz,447661,Brazil,Midfield,70000000,3,5,Mid Tier,Robin Olsen,75458,Sweden,Goalkeeper,"[""Aston Villa""]",14
86,Douglas Luiz,447661,Brazil,Midfield,70000000,4,5,10th Most Frequent,Emiliano Buendía,321247,Argentina,Attack,"[""Aston Villa""]",89
86,Douglas Luiz,447661,Brazil,Midfield,70000000,5,5,Most Frequent,John McGinn,193116,Scotland,Midfield,"[""Aston Villa""]",173
87,Bart Verbruggen,565093,Netherlands,Goalkeeper,40000000,1,5,Least Frequent,Justin Kluivert,330659,Netherlands,Midfield,"[""Bournemouth""]",1
87,Bart Verbruggen,565093,Netherlands,Goalkeeper,40000000,2,5,Low-Mid Tier,Cody Gakpo,434675,Netherlands,Attack,"[""Liverpool""]",3
87,Bart Verbruggen,565093,Netherlands,Goalkeeper,40000000,3,5,Mid Tier,Olivier Boscagli,318508,France,Defender,"[""Brighton & Hove Albion""]",12
87,Bart Verbruggen,565093,Netherlands,Goalkeeper,40000000,4,5,10th Most Frequent,Joël Veltman,111195,Netherlands,Defender,"[""Brighton & Hove Albion""]",61
87,Bart Verbruggen,565093,Netherlands,Goalkeeper,40000000,5,5,Most Frequent,Jan Paul van Hecke,576314,Netherlands,Defender,"[""Brighton & Hove Albion""]",94
88,Jules Koundé,411975,France,Defender,65000000,1,5,Least Frequent,Maxence Lacroix,434224,France,Defender,"[""Crystal Palace""]",1
88,Jules Koundé,411975,France,Defender,65000000,2,5,Low-Mid Tier,Milan Gajic,245030,Serbia,Defender,"[""Girondins Bordeaux""]",3
88,Jules Koundé,411975,France,Defender,65000000,3,5,Mid Tier,Pau Víctor,707572,Spain,Attack,"[""Barcelona""]",24
88,Jules Koundé,411975,France,Defender,65000000,4,5,10th Most Frequent,Pau Cubarsí,962110,Spain,Defender,"[""Barcelona""]",114
88,Jules Koundé,411975,France,Defender,65000000,5,5,Most Frequent,Robert Lewandowski,38253,Poland,Attack,"[""Barcelona""]",165
89,Alexander Isak,349066,Sweden,Attack,140000000,1,5,Least Frequent,Jacob Widell Zetterström,549440,Sweden,Goalkeeper,"[""""]",1
89,Alexander Isak,349066,Sweden,Attack,140000000,2,5,Low-Mid Tier,Viktor Gyökeres,325443,Sweden,Attack,"[""Arsenal""]",3
89,Alexander Isak,349066,Sweden,Attack,140000000,3,5,Mid Tier,Giorgi Mamardashvili,502676,Georgia,Goalkeeper,"[""Liverpool""]",11
89,Alexander Isak,349066,Sweden,Attack,140000000,4,5,10th Most Frequent,Fabian Schär,135343,Switzerland,Defender,"[""Newcastle United""]",90
89,Alexander Isak,349066,Sweden,Attack,140000000,5,5,Most Frequent,Portu,99353,Spain,Attack,"[""Real Sociedad""]",121
90,Matvey Safonov,318470,Russia,Goalkeeper,30000000,1,5,Least Frequent,Noham Kamara,1275040,France,Defender,"[""Paris Saint-Germain""]",1
90,Matvey Safonov,318470,Russia,Goalkeeper,30000000,2,5,Low-Mid Tier,Bogdan Reichmen,601856,Russia,Midfield,"[""Krasnodar""]",4
90,Matvey Safonov,318470,Russia,Goalkeeper,30000000,3,5,Mid Tier,Irakliy Manelov,667980,Russia,Attack,"[""Krasnodar""]",20
90,Matvey Safonov,318470,Russia,Goalkeeper,30000000,4,5,10th Most Frequent,Aleksey Ionov,55356,Russia,Attack,"[""Krasnodar""]",64
90,Matvey Safonov,318470,Russia,Goalkeeper,30000000,5,5,Most Frequent,Sergey Petrov,102581,Russia,Defender,"[""Krasnodar""]",106
91,Everton,321239,Brazil,Attack,40000000,1,5,Least Frequent,Evertton Araújo,931007,Brazil,Midfield,"[""Clube de Regatas do Flamengo""]",1
91,Everton,321239,Brazil,Attack,40000000,2,5,Low-Mid Tier,Pedro,432895,Brazil,Attack,"[""Clube de Regatas do Flamengo""]",2
91,Everton,321239,Brazil,Attack,40000000,3,5,Mid Tier,Nemanja Radonjic,245078,Serbia,Attack,"[""SL Benfica""]",8
91,Everton,321239,Brazil,Attack,40000000,4,5,10th Most Frequent,Diogo Gonçalves,258015,Portugal,Attack,"[""SL Benfica""]",57
91,Everton,321239,Brazil,Attack,40000000,5,5,Most Frequent,Alejandro Grimaldo,193082,Spain,Defender,"[""SL Benfica""]",77
92,Christian Eriksen,69633,Denmark,Midfield,100000000,1,5,Least Frequent,Marius Müller,118161,Germany,Goalkeeper,"[""Wolfsburg""]",1
92,Christian Eriksen,69633,Denmark,Midfield,100000000,2,5,Low-Mid Tier,Kilian Fischer,435796,Germany,Defender,"[""Wolfsburg""]",8
92,Christian Eriksen,69633,Denmark,Midfield,100000000,3,5,Mid Tier,Moritz Jenz,460245,Germany,Defender,"[""Wolfsburg""]",19
92,Christian Eriksen,69633,Denmark,Midfield,100000000,4,5,10th Most Frequent,Danny Rose,50174,England,Defender,"[""Tottenham""]",160
92,Christian Eriksen,69633,Denmark,Midfield,100000000,5,5,Most Frequent,Hugo Lloris,17965,France,Goalkeeper,"[""Tottenham""]",242
93,Antony,602105,Brazil,Attack,75000000,1,5,Least Frequent,Mateo Flores,1061283,Spain,Midfield,"[""Real Betis Balompié""]",1
93,Antony,602105,Brazil,Attack,75000000,2,5,Low-Mid Tier,Mohamed Daramy,574385,Denmark,Attack,"[""Ajax Amsterdam""]",9
93,Antony,602105,Brazil,Attack,75000000,3,5,Mid Tier,Isco,85288,Spain,Midfield,"[""Real Betis Balompié""]",24
93,Antony,602105,Brazil,Attack,75000000,4,5,10th Most Frequent,Alejandro Garnacho,811779,Argentina,Attack,"[""Manchester United""]",66
93,Antony,602105,Brazil,Attack,75000000,5,5,Most Frequent,Lisandro Martínez,480762,Argentina,Defender,"[""Ajax Amsterdam"", ""Manchester United""]",110
94,Jérémy Jacquet,1004301,France,Defender,55000000,1,5,Least Frequent,Mathys Silistrie,979761,France,Goalkeeper,"[""Stade Rennais""]",1
94,Jérémy Jacquet,1004301,France,Defender,55000000,2,5,Low-Mid Tier,Mikayil Faye,666974,Senegal,Defender,"[""Stade Rennais""]",2
94,Jérémy Jacquet,1004301,France,Defender,55000000,3,5,Mid Tier,Grejohn Kyei,321647,France,Attack,"[""Clermont Foot 63""]",4
94,Jérémy Jacquet,1004301,France,Defender,55000000,4,5,10th Most Frequent,Mahdi Camara,324795,France,Midfield,"[""Stade Rennais""]",17
94,Jérémy Jacquet,1004301,France,Defender,55000000,5,5,Most Frequent,Brice Samba,191056,France,Goalkeeper,"[""Stade Rennais""]",28
95,Miralem Pjanić,44162,Bosnia-Herzegovina,Midfield,70000000,1,5,Least Frequent,Maksim Mukhin,623274,Russia,Midfield,"[""PFK CSKA Moskva""]",1
95,Miralem Pjanić,44162,Bosnia-Herzegovina,Midfield,70000000,2,5,Low-Mid Tier,Gökhan Töre,82130,Türkiye,Attack,"[""Beşiktaş Jimnastik Kulübü""]",9
95,Miralem Pjanić,44162,Bosnia-Herzegovina,Midfield,70000000,3,5,Mid Tier,Milan Gajic,245030,Serbia,Defender,"[""PFK CSKA Moskva""]",18
95,Miralem Pjanić,44162,Bosnia-Herzegovina,Midfield,70000000,4,5,10th Most Frequent,Mario Mandzukic,34572,Croatia,Attack,"[""Juventus""]",109
95,Miralem Pjanić,44162,Bosnia-Herzegovina,Midfield,70000000,5,5,Most Frequent,Paulo Dybala,206050,Argentina,Attack,"[""Juventus""]",148
96,Ousmane Dembélé,288230,France,Attack,120000000,1,5,Least Frequent,Maxence Lacroix,434224,France,Defender,"[""Crystal Palace""]",1
96,Ousmane Dembélé,288230,France,Attack,120000000,2,5,Low-Mid Tier,Sébastien Salles-Lamonge,288251,France,Midfield,"[""Stade Rennais""]",3
96,Ousmane Dembélé,288230,France,Attack,120000000,3,5,Mid Tier,Luuk de Jong,72522,Netherlands,Attack,"[""Barcelona""]",17
96,Ousmane Dembélé,288230,France,Attack,120000000,4,5,10th Most Frequent,Fabián Ruiz,350219,Spain,Midfield,"[""Paris Saint-Germain""]",94
96,Ousmane Dembélé,288230,France,Attack,120000000,5,5,Most Frequent,Sergio Busquets,65230,Spain,Midfield,"[""Barcelona""]",166
97,Nacho Fernández,58884,Spain,Defender,35000000,1,5,Least Frequent,Vinícius Tobias,743587,Brazil,Defender,"[""Real Madrid""]",1
97,Nacho Fernández,58884,Spain,Defender,35000000,2,5,Low-Mid Tier,Diego Llorente,246291,Spain,Defender,"[""Real Madrid""]",3
97,Nacho Fernández,58884,Spain,Defender,35000000,3,5,Mid Tier,Sami Khedira,29401,Germany,Midfield,"[""Real Madrid""]",17
97,Nacho Fernández,58884,Spain,Defender,35000000,4,5,10th Most Frequent,Raphaël Varane,164770,France,Defender,"[""Real Madrid""]",144
97,Nacho Fernández,58884,Spain,Defender,35000000,5,5,Most Frequent,Luka Modrić,27992,Croatia,Midfield,"[""Real Madrid""]",243
98,Moise Kean,364135,Italy,Attack,50000000,1,5,Least Frequent,Luis Balbo,1012731,Venezuela,Defender,"[""ACF Fiorentina""]",1
98,Moise Kean,364135,Italy,Attack,50000000,2,5,Low-Mid Tier,Sofyan Amrabat,287579,Morocco,Midfield,"[""ACF Fiorentina""]",4
98,Moise Kean,364135,Italy,Attack,50000000,3,5,Mid Tier,Marcel Büchel,74956,Liechtenstein,Midfield,"[""Hellas Verona""]",13
98,Moise Kean,364135,Italy,Attack,50000000,4,5,10th Most Frequent,Weston McKennie,332697,United States,Midfield,"[""Juventus""]",61
98,Moise Kean,364135,Italy,Attack,50000000,5,5,Most Frequent,Wojciech Szczesny,44058,Poland,Goalkeeper,"[""Juventus""]",94
99,Khvicha Kvaratskhelia,502670,Georgia,Attack,140000000,1,5,Least Frequent,Renato Marin,1041614,Italy,Goalkeeper,"[""Paris Saint-Germain""]",1
99,Khvicha Kvaratskhelia,502670,Georgia,Attack,140000000,2,5,Low-Mid Tier,Nikolay Poyarkov,449721,Russia,Defender,"[""Rubin Kazan""]",7
99,Khvicha Kvaratskhelia,502670,Georgia,Attack,140000000,3,5,Mid Tier,Vidar Örn Kjartansson,115607,,Attack,"[""Rubin Kazan""]",15
99,Khvicha Kvaratskhelia,502670,Georgia,Attack,140000000,4,5,10th Most Frequent,Piotr Zielinski,181136,Poland,Midfield,"[""Napoli""]",74
99,Khvicha Kvaratskhelia,502670,Georgia,Attack,140000000,5,5,Most Frequent,Giovanni Di Lorenzo,169880,Italy,Defender,"[""Napoli""]",103
100,Gabriel,435338,Brazil,Defender,75000000,1,5,Least Frequent,Alex Sandro,79960,Brazil,Defender,"[""Clube de Regatas do Flamengo""]",1
100,Gabriel,435338,Brazil,Defender,75000000,2,5,Low-Mid Tier,Ibrahim Amadou,205503,France,Midfield,"[""LOSC Lille""]",1
100,Gabriel,435338,Brazil,Defender,75000000,3,5,Mid Tier,Rafael Leão,357164,Portugal,Attack,"[""LOSC Lille""]",10
100,Gabriel,435338,Brazil,Defender,75000000,4,5,10th Most Frequent,Gabriel Jesus,363205,Brazil,Attack,"[""Arsenal""]",108
100,Gabriel,435338,Brazil,Defender,75000000,5,5,Most Frequent,Bukayo Saka,433177,England,Attack,"[""Arsenal""]",209
101,Manuel Neuer,17259,Germany,Goalkeeper,45000000,1,5,Least Frequent,Pascal Groß,82873,Germany,Midfield,"[""Borussia Dortmund""]",1
101,Manuel Neuer,17259,Germany,Goalkeeper,45000000,2,5,Low-Mid Tier,Angelo Stiller,443710,Germany,Midfield,"[""Bayern Munich""]",2
101,Manuel Neuer,17259,Germany,Goalkeeper,45000000,3,5,Mid Tier,João Palhinha,257455,Portugal,Midfield,"[""Bayern Munich""]",18
101,Manuel Neuer,17259,Germany,Goalkeeper,45000000,4,5,10th Most Frequent,Philipp Lahm,2219,Germany,Defender,"[""Bayern Munich""]",194
101,Manuel Neuer,17259,Germany,Goalkeeper,45000000,5,5,Most Frequent,Thomas Müller,58358,Germany,Attack,"[""Bayern Munich""]",418
102,José María Giménez,250845,Uruguay,Defender,70000000,1,5,Least Frequent,Miguel Cubo,1453065,Spain,Attack,"[""Atlético Madrid""]",1
102,José María Giménez,250845,Uruguay,Defender,70000000,2,5,Low-Mid Tier,David Villa,7980,Spain,Attack,"[""Atlético Madrid""]",1
102,José María Giménez,250845,Uruguay,Defender,70000000,3,5,Mid Tier,Juan Musso,242359,Argentina,Goalkeeper,"[""Atlético Madrid""]",13
102,José María Giménez,250845,Uruguay,Defender,70000000,4,5,10th Most Frequent,Nahuel Molina,424042,Argentina,Defender,"[""Atlético Madrid""]",111
102,José María Giménez,250845,Uruguay,Defender,70000000,5,5,Most Frequent,Jan Oblak,121483,Slovenia,Goalkeeper,"[""Atlético Madrid""]",308
103,Jadon Sancho,401173,England,Attack,130000000,1,5,Least Frequent,Kadan Young,887433,England,Attack,"[""Aston Villa""]",1
103,Jadon Sancho,401173,England,Attack,130000000,2,5,Low-Mid Tier,Harvey Elliott,565822,England,Midfield,"[""Aston Villa""]",6
103,Jadon Sancho,401173,England,Attack,130000000,3,5,Mid Tier,Jesse Lingard,141660,England,Midfield,"[""Manchester United""]",18
103,Jadon Sancho,401173,England,Attack,130000000,4,5,10th Most Frequent,Thomas Delaney,91849,Denmark,Midfield,"[""Borussia Dortmund""]",76
103,Jadon Sancho,401173,England,Attack,130000000,5,5,Most Frequent,Marco Reus,35207,Germany,Midfield,"[""Borussia Dortmund""]",120
104,Eliaquim Mangala,90681,France,Defender,35000000,1,5,Least Frequent,Tiago Brito,1020686,Portugal,Midfield,"[""GD Estoril Praia""]",1
104,Eliaquim Mangala,90681,France,Defender,35000000,2,5,Low-Mid Tier,Ivan Pavlic,719383,Belgium,Midfield,"[""GD Estoril Praia""]",3
104,Eliaquim Mangala,90681,France,Defender,35000000,3,5,Mid Tier,Bernardo Silva,241641,Portugal,Midfield,"[""Manchester City""]",9
104,Eliaquim Mangala,90681,France,Defender,35000000,4,5,10th Most Frequent,Lucho González,26244,Argentina,Midfield,"[""Porto""]",56
104,Eliaquim Mangala,90681,France,Defender,35000000,5,5,Most Frequent,Fernando,51174,Brazil,Midfield,"[""Porto"", ""Manchester City""]",98
105,Jesse Lingard,141660,England,Midfield,40000000,1,5,Least Frequent,Danilo,808509,Brazil,Midfield,"[""Nottingham Forest""]",1
105,Jesse Lingard,141660,England,Midfield,40000000,2,5,Low-Mid Tier,Andriy Yarmolenko,69015,Ukraine,Attack,"[""West Ham United""]",2
105,Jesse Lingard,141660,England,Midfield,40000000,3,5,Mid Tier,Declan Rice,357662,England,Midfield,"[""West Ham United""]",10
105,Jesse Lingard,141660,England,Midfield,40000000,4,5,10th Most Frequent,Victor Lindelöf,184573,Sweden,Defender,"[""Manchester United""]",92
105,Jesse Lingard,141660,England,Midfield,40000000,5,5,Most Frequent,David de Gea,59377,Spain,Goalkeeper,"[""Manchester United""]",179
106,Rodrygo,412363,Brazil,Attack,110000000,1,5,Least Frequent,Thiago Pitarch,1375227,Spain,Midfield,"[""Real Madrid""]",1
106,Rodrygo,412363,Brazil,Attack,110000000,2,5,Low-Mid Tier,James Rodríguez,88103,Colombia,Midfield,"[""Real Madrid""]",4
106,Rodrygo,412363,Brazil,Attack,110000000,3,5,Mid Tier,Luka Jović,257462,Serbia,Attack,"[""Real Madrid""]",30
106,Rodrygo,412363,Brazil,Attack,110000000,4,5,10th Most Frequent,Éder Militão,401530,Brazil,Defender,"[""Real Madrid""]",156
106,Rodrygo,412363,Brazil,Attack,110000000,5,5,Most Frequent,Federico Valverde,369081,Uruguay,Midfield,"[""Real Madrid""]",264
107,Junior Kroupi,955357,France,Attack,70000000,1,5,Least Frequent,Remy Rees-Dottin,1089802,England,Attack,"[""Bournemouth""]",1
107,Junior Kroupi,955357,France,Attack,70000000,2,5,Low-Mid Tier,Bonke Innocent,333383,Nigeria,Midfield,"[""Lorient""]",4
107,Junior Kroupi,955357,France,Attack,70000000,3,5,Mid Tier,Mohamed Bamba,619461,Cote d'Ivoire,Attack,"[""Lorient""]",13
107,Junior Kroupi,955357,France,Attack,70000000,4,5,10th Most Frequent,Julien Ponceau,569390,France,Midfield,"[""Lorient""]",28
107,Junior Kroupi,955357,France,Attack,70000000,5,5,Most Frequent,Djordje Petrovic,465555,Serbia,Goalkeeper,"[""Bournemouth""]",35
108,Myles Lewis-Skelly,890721,England,Defender,45000000,1,5,Least Frequent,Tommy Setford,848753,England,Goalkeeper,"[""Arsenal""]",1
108,Myles Lewis-Skelly,890721,England,Defender,45000000,2,5,Low-Mid Tier,Oleksandr Zinchenko,203853,Ukraine,Defender,"[""Arsenal""]",11
108,Myles Lewis-Skelly,890721,England,Defender,45000000,3,5,Mid Tier,Gabriel Jesus,363205,Brazil,Attack,"[""Arsenal""]",24
108,Myles Lewis-Skelly,890721,England,Defender,45000000,4,5,10th Most Frequent,Gabriel,435338,Brazil,Defender,"[""Arsenal""]",47
108,Myles Lewis-Skelly,890721,England,Defender,45000000,5,5,Most Frequent,Declan Rice,357662,England,Midfield,"[""Arsenal""]",61
109,James Rodríguez,88103,Colombia,Midfield,80000000,1,5,Least Frequent,Deiver Machado,332560,Colombia,Defender,"[""Lens""]",1
109,James Rodríguez,88103,Colombia,Midfield,80000000,2,5,Low-Mid Tier,Daniel Muñoz,493003,Colombia,Defender,"[""Crystal Palace""]",3
109,James Rodríguez,88103,Colombia,Midfield,80000000,3,5,Mid Tier,Kelvin,165383,Brazil,Attack,"[""Porto""]",7
109,James Rodríguez,88103,Colombia,Midfield,80000000,4,5,10th Most Frequent,Gareth Bale,39381,Wales,Attack,"[""Real Madrid""]",73
109,James Rodríguez,88103,Colombia,Midfield,80000000,5,5,Most Frequent,Toni Kroos,31909,Germany,Midfield,"[""Real Madrid""]",106
110,Trent Alexander-Arnold,314353,England,Defender,110000000,1,5,Least Frequent,Álvaro Leiva,875306,Spain,Attack,"[""Real Madrid""]",1
110,Trent Alexander-Arnold,314353,England,Defender,110000000,2,5,Low-Mid Tier,César Palacios,948272,Spain,Midfield,"[""Real Madrid""]",5
110,Trent Alexander-Arnold,314353,England,Defender,110000000,3,5,Mid Tier,Adrián San Miguel,71271,Spain,Goalkeeper,"[""Liverpool""]",20
110,Trent Alexander-Arnold,314353,England,Defender,110000000,4,5,10th Most Frequent,Georginio Wijnaldum,49499,Netherlands,Midfield,"[""Liverpool""]",165
110,Trent Alexander-Arnold,314353,England,Defender,110000000,5,5,Most Frequent,Mohamed Salah,148455,Egypt,Attack,"[""Liverpool""]",320
111,Mikel Jauregizar,938729,Spain,Midfield,35000000,1,5,Least Frequent,Eder García,979324,Spain,Midfield,"[""Athletic Bilbao""]",1
111,Mikel Jauregizar,938729,Spain,Midfield,35000000,2,5,Low-Mid Tier,Adu Ares,895480,Spain,Attack,"[""Athletic Bilbao""]",6
111,Mikel Jauregizar,938729,Spain,Midfield,35000000,3,5,Mid Tier,Julen Agirrezabala,625014,Spain,Goalkeeper,"[""Athletic Bilbao""]",30
111,Mikel Jauregizar,938729,Spain,Midfield,35000000,4,5,10th Most Frequent,Unai Simón,262396,Spain,Goalkeeper,"[""Athletic Bilbao""]",70
111,Mikel Jauregizar,938729,Spain,Midfield,35000000,5,5,Most Frequent,Gorka Guruzeta,340205,Spain,Attack,"[""Athletic Bilbao""]",96
112,Leonardo Bonucci,39983,Italy,Defender,45000000,1,5,Least Frequent,Furkan Akyüz,955382,Türkiye,Goalkeeper,"[""Fenerbahce""]",1
112,Leonardo Bonucci,39983,Italy,Defender,45000000,2,5,Low-Mid Tier,Simone Muratore,297648,Italy,Midfield,"[""Juventus""]",4
112,Leonardo Bonucci,39983,Italy,Defender,45000000,3,5,Mid Tier,Gianluca Frabotta,386755,Italy,Defender,"[""Juventus""]",14
112,Leonardo Bonucci,39983,Italy,Defender,45000000,4,5,10th Most Frequent,Álvaro Morata,128223,Spain,Attack,"[""Juventus""]",147
112,Leonardo Bonucci,39983,Italy,Defender,45000000,5,5,Most Frequent,Gianluigi Buffon,5023,Italy,Goalkeeper,"[""Juventus""]",222
113,Mauro Icardi,68863,Argentina,Attack,100000000,1,5,Least Frequent,Batuhan Şen,352659,Türkiye,Goalkeeper,"[""Galatasaray""]",1
113,Mauro Icardi,68863,Argentina,Attack,100000000,2,5,Low-Mid Tier,Tanguy Nianzou,538996,France,Defender,"[""Paris Saint-Germain""]",7
113,Mauro Icardi,68863,Argentina,Attack,100000000,3,5,Mid Tier,Roberto Soriano,63186,Italy,Midfield,"[""UC Sampdoria""]",19
113,Mauro Icardi,68863,Argentina,Attack,100000000,4,5,10th Most Frequent,Éder,37418,Italy,Attack,"[""UC Sampdoria"", ""Inter Milan""]",97
113,Mauro Icardi,68863,Argentina,Attack,100000000,5,5,Most Frequent,Samir Handanovic,28021,,Goalkeeper,"[""Inter Milan""]",205
114,Nuno Mendes,616341,Portugal,Defender,80000000,1,5,Least Frequent,Samú Costa,657430,Portugal,Midfield,"[""Mallorca""]",1
114,Nuno Mendes,616341,Portugal,Defender,80000000,2,5,Low-Mid Tier,João Cancelo,182712,Portugal,Defender,"[""Al-Hilal Saudi""]",3
114,Nuno Mendes,616341,Portugal,Defender,80000000,3,5,Mid Tier,Julian Draxler,85148,Germany,Attack,"[""Paris Saint-Germain""]",15
114,Nuno Mendes,616341,Portugal,Defender,80000000,4,5,10th Most Frequent,Désiré Doué,914562,France,Attack,"[""Paris Saint-Germain""]",74
114,Nuno Mendes,616341,Portugal,Defender,80000000,5,5,Most Frequent,Achraf Hakimi,398073,Morocco,Defender,"[""Paris Saint-Germain""]",130
115,Gregor Kobel,257814,Switzerland,Goalkeeper,40000000,1,5,Least Frequent,Christian Fassnacht,250490,Switzerland,Midfield,"[""Young Boys""]",1
115,Gregor Kobel,257814,Switzerland,Goalkeeper,40000000,2,5,Low-Mid Tier,Lilian Egloff,472243,Germany,Midfield,"[""Stuttgart""]",2
115,Gregor Kobel,257814,Switzerland,Goalkeeper,40000000,3,5,Mid Tier,Fredrik Jensen,249157,Finland,Midfield,"[""Augsburg""]",6
115,Gregor Kobel,257814,Switzerland,Goalkeeper,40000000,4,5,10th Most Frequent,Ramy Bensebaini,284732,Algeria,Defender,"[""Borussia Dortmund""]",101
115,Gregor Kobel,257814,Switzerland,Goalkeeper,40000000,5,5,Most Frequent,Julian Brandt,187492,Germany,Midfield,"[""Borussia Dortmund""]",197
116,Alejandro Balde,636688,Spain,Defender,60000000,1,5,Least Frequent,Álvaro Cortés,924610,Spain,Defender,"[""Barcelona""]",1
116,Alejandro Balde,636688,Spain,Defender,60000000,2,5,Low-Mid Tier,Luuk de Jong,72522,Netherlands,Attack,"[""Barcelona""]",3
116,Alejandro Balde,636688,Spain,Defender,60000000,3,5,Mid Tier,Marc Bernal,1018920,Spain,Midfield,"[""Barcelona""]",25
116,Alejandro Balde,636688,Spain,Defender,60000000,4,5,10th Most Frequent,Ronald Araujo,480267,Uruguay,Defender,"[""Barcelona""]",91
116,Alejandro Balde,636688,Spain,Defender,60000000,5,5,Most Frequent,Jules Koundé,411975,France,Defender,"[""Barcelona""]",138
117,João Neves,670681,Portugal,Midfield,140000000,1,5,Least Frequent,Samú Costa,657430,Portugal,Midfield,"[""Mallorca""]",1
117,João Neves,670681,Portugal,Midfield,140000000,2,5,Low-Mid Tier,Renato Marin,1041614,Italy,Goalkeeper,"[""Paris Saint-Germain""]",2
117,João Neves,670681,Portugal,Midfield,140000000,3,5,Mid Tier,Gilberto,231614,Brazil,Defender,"[""SL Benfica""]",11
117,João Neves,670681,Portugal,Midfield,140000000,4,5,10th Most Frequent,Marquinhos,181767,Brazil,Defender,"[""Paris Saint-Germain""]",68
117,João Neves,670681,Portugal,Midfield,140000000,5,5,Most Frequent,Vitinha,487469,Portugal,Midfield,"[""Paris Saint-Germain""]",84
118,Kiernan Dewsbury-Hall,475188,England,Midfield,35000000,1,5,Least Frequent,Mark Travers,357658,Ireland,Goalkeeper,"[""Everton""]",1
118,Kiernan Dewsbury-Hall,475188,England,Midfield,35000000,2,5,Low-Mid Tier,Renato Veiga,805714,Portugal,Defender,"[""Chelsea""]",5
118,Kiernan Dewsbury-Hall,475188,England,Midfield,35000000,3,5,Mid Tier,Noni Madueke,503987,England,Attack,"[""Chelsea""]",16
118,Kiernan Dewsbury-Hall,475188,England,Midfield,35000000,4,5,10th Most Frequent,Boubakary Soumaré,344605,France,Midfield,"[""Leicester City""]",36
118,Kiernan Dewsbury-Hall,475188,England,Midfield,35000000,5,5,Most Frequent,Harvey Barnes,398065,England,Attack,"[""Leicester City""]",59
119,Kalvin Phillips,351749,England,Midfield,50000000,1,5,Least Frequent,Jaden Heskey,961833,England,Midfield,"[""Manchester City""]",1
119,Kalvin Phillips,351749,England,Midfield,50000000,2,5,Low-Mid Tier,Aaron Cresswell,92571,England,Defender,"[""West Ham United""]",5
119,Kalvin Phillips,351749,England,Midfield,50000000,3,5,Mid Tier,Stefan Ortega,85941,Germany,Goalkeeper,"[""Manchester City""]",9
119,Kalvin Phillips,351749,England,Midfield,50000000,4,5,10th Most Frequent,Patrick Bamford,183334,England,Attack,"[""Leeds United""]",34
119,Kalvin Phillips,351749,England,Midfield,50000000,5,5,Most Frequent,Illan Meslier,542586,France,Goalkeeper,"[""Leeds United""]",47
120,Philippe Coutinho,80444,Brazil,Midfield,150000000,1,5,Least Frequent,Jaden Philogene,665390,England,Attack,"[""Aston Villa""]",1
120,Philippe Coutinho,80444,Brazil,Midfield,150000000,2,5,Low-Mid Tier,Cameron Brannagan,261357,England,Midfield,"[""Liverpool""]",4
120,Philippe Coutinho,80444,Brazil,Midfield,150000000,3,5,Mid Tier,Rodrigo Palacio,39099,Argentina,Attack,"[""Inter Milan""]",12
120,Philippe Coutinho,80444,Brazil,Midfield,150000000,4,5,10th Most Frequent,Adam Lallana,43530,England,Midfield,"[""Liverpool""]",92
120,Philippe Coutinho,80444,Brazil,Midfield,150000000,5,5,Most Frequent,Simon Mignolet,50219,Belgium,Goalkeeper,"[""Liverpool""]",152
121,Manuel Ugarte,476701,Uruguay,Midfield,60000000,1,5,Least Frequent,Sergio Rochet,264014,Uruguay,Goalkeeper,"[""Sport Internacional""]",1
121,Manuel Ugarte,476701,Uruguay,Midfield,60000000,2,5,Low-Mid Tier,Edwin Herrera,602036,Colombia,Defender,"[""Famalicão""]",3
121,Manuel Ugarte,476701,Uruguay,Midfield,60000000,3,5,Mid Tier,Zouhair Feddal,129386,Morocco,Defender,"[""Sporting CP""]",14
121,Manuel Ugarte,476701,Uruguay,Midfield,60000000,4,5,10th Most Frequent,Marcus Edwards,314367,England,Attack,"[""Sporting CP""]",57
121,Manuel Ugarte,476701,Uruguay,Midfield,60000000,5,5,Most Frequent,Gonçalo Inácio,549006,Portugal,Defender,"[""Sporting CP""]",76
122,Krzysztof Piatek,327757,Poland,Attack,40000000,1,5,Least Frequent,Yağız Dilek,988249,Türkiye,Defender,"[""Basaksehir""]",1
122,Krzysztof Piatek,327757,Poland,Attack,40000000,2,5,Low-Mid Tier,Emmanuel Dennis,448854,Nigeria,Attack,"[""Basaksehir""]",7
122,Krzysztof Piatek,327757,Poland,Attack,40000000,3,5,Mid Tier,Márton Dárdai,432281,Hungary,Defender,"[""Hertha BSC""]",14
122,Krzysztof Piatek,327757,Poland,Attack,40000000,4,5,10th Most Frequent,Vladimír Darida,179643,Czech Republic,Midfield,"[""Hertha BSC""]",46
122,Krzysztof Piatek,327757,Poland,Attack,40000000,5,5,Most Frequent,Deniz Türüç,216662,Türkiye,Attack,"[""Basaksehir""]",67
123,Ryan Gravenberch,478573,Netherlands,Midfield,90000000,1,5,Least Frequent,Justin Kluivert,330659,Netherlands,Midfield,"[""Bournemouth""]",1
123,Ryan Gravenberch,478573,Netherlands,Midfield,90000000,2,5,Low-Mid Tier,Kaide Gordon,732119,England,Attack,"[""Liverpool""]",2
123,Ryan Gravenberch,478573,Netherlands,Midfield,90000000,3,5,Mid Tier,Oussama Idrissi,241391,Morocco,Attack,"[""Ajax Amsterdam""]",13
123,Ryan Gravenberch,478573,Netherlands,Midfield,90000000,4,5,10th Most Frequent,Lisandro Martínez,480762,Argentina,Defender,"[""Ajax Amsterdam""]",84
123,Ryan Gravenberch,478573,Netherlands,Midfield,90000000,5,5,Most Frequent,Virgil van Dijk,139208,Netherlands,Defender,"[""Liverpool""]",128
124,Désiré Doué,914562,France,Attack,120000000,1,5,Least Frequent,Maxence Lacroix,434224,France,Defender,"[""Crystal Palace""]",1
124,Désiré Doué,914562,France,Attack,120000000,2,5,Low-Mid Tier,Djaoui Cissé,931160,France,Midfield,"[""Stade Rennais""]",2
124,Désiré Doué,914562,France,Attack,120000000,3,5,Mid Tier,Karl Toko Ekambi,315110,Cameroon,Attack,"[""Stade Rennais""]",13
124,Désiré Doué,914562,France,Attack,120000000,4,5,10th Most Frequent,Steve Mandanda,23951,France,Goalkeeper,"[""Stade Rennais""]",65
124,Désiré Doué,914562,France,Attack,120000000,5,5,Most Frequent,Bradley Barcola,708265,France,Attack,"[""Paris Saint-Germain""]",91
125,Ardon Jashari,608172,Switzerland,Midfield,32000000,1,5,Least Frequent,Johan Manzambi,927353,Switzerland,Midfield,"[""Freiburg""]",1
125,Ardon Jashari,608172,Switzerland,Midfield,32000000,2,5,Low-Mid Tier,David Odogu,897423,Germany,Defender,"[""AC Milan""]",1
125,Ardon Jashari,608172,Switzerland,Midfield,32000000,3,5,Mid Tier,Davide Bartesaghi,887638,Italy,Defender,"[""AC Milan""]",12
125,Ardon Jashari,608172,Switzerland,Midfield,32000000,4,5,10th Most Frequent,Chemsdine Talbi,743384,Morocco,Attack,"[""Brugge KV""]",29
125,Ardon Jashari,608172,Switzerland,Midfield,32000000,5,5,Most Frequent,Brandon Mechele,236168,Belgium,Defender,"[""Brugge KV""]",36
126,David Raya,262749,Spain,Goalkeeper,40000000,1,5,Least Frequent,Marli Salmon,1294399,England,Defender,"[""Arsenal""]",1
126,David Raya,262749,Spain,Goalkeeper,40000000,2,5,Low-Mid Tier,Reiss Nelson,340325,England,Attack,"[""Arsenal""]",18
126,David Raya,262749,Spain,Goalkeeper,40000000,3,5,Mid Tier,Shandon Baptiste,533916,Grenada,Midfield,"[""Brentford""]",34
126,David Raya,262749,Spain,Goalkeeper,40000000,4,5,10th Most Frequent,Jurriën Timber,420243,Netherlands,Defender,"[""Arsenal""]",81
126,David Raya,262749,Spain,Goalkeeper,40000000,5,5,Most Frequent,Declan Rice,357662,England,Midfield,"[""Arsenal""]",137
127,Vinicius Junior,371998,Brazil,Attack,200000000,1,5,Least Frequent,Alex Sandro,79960,Brazil,Defender,"[""Clube de Regatas do Flamengo""]",1
127,Vinicius Junior,371998,Brazil,Attack,200000000,2,5,Low-Mid Tier,David Jiménez,935281,Spain,Defender,"[""Real Madrid""]",2
127,Vinicius Junior,371998,Brazil,Attack,200000000,3,5,Mid Tier,Marcos Llorente,282411,Spain,Defender,"[""Real Madrid""]",9
127,Vinicius Junior,371998,Brazil,Attack,200000000,4,5,10th Most Frequent,Éder Militão,401530,Brazil,Defender,"[""Real Madrid""]",159
127,Vinicius Junior,371998,Brazil,Attack,200000000,5,5,Most Frequent,Federico Valverde,369081,Uruguay,Midfield,"[""Real Madrid""]",280
128,Luis Díaz,480692,Colombia,Attack,85000000,1,5,Least Frequent,Deiver Machado,332560,Colombia,Defender,"[""Lens""]",1
128,Luis Díaz,480692,Colombia,Attack,85000000,2,5,Low-Mid Tier,Jhon Arias,588989,Colombia,Attack,"[""Sociedade Esportiva Palmeiras""]",3
128,Luis Díaz,480692,Colombia,Attack,85000000,3,5,Mid Tier,Naby Keïta,302215,Guinea,Midfield,"[""Liverpool""]",22
128,Luis Díaz,480692,Colombia,Attack,85000000,4,5,10th Most Frequent,Otávio,231289,Portugal,Midfield,"[""Porto""]",94
128,Luis Díaz,480692,Colombia,Attack,85000000,5,5,Most Frequent,Virgil van Dijk,139208,Netherlands,Defender,"[""Liverpool""]",131
129,Curtis Jones,433188,England,Midfield,50000000,1,5,Least Frequent,Kieran Morrison,1055345,Northern Ireland,Attack,"[""Liverpool""]",1
129,Curtis Jones,433188,England,Midfield,50000000,2,5,Low-Mid Tier,Leander Dendoncker,168157,Belgium,Midfield,"[""Wolverhampton Wanderers""]",1
129,Curtis Jones,433188,England,Midfield,50000000,3,5,Mid Tier,Adrián San Miguel,71271,Spain,Goalkeeper,"[""Liverpool""]",7
129,Curtis Jones,433188,England,Midfield,50000000,4,5,10th Most Frequent,Ryan Gravenberch,478573,Netherlands,Midfield,"[""Liverpool""]",109
129,Curtis Jones,433188,England,Midfield,50000000,5,5,Most Frequent,Mohamed Salah,148455,Egypt,Attack,"[""Liverpool""]",181
130,Viktor Gyökeres,325443,Sweden,Attack,75000000,1,5,Least Frequent,Jacob Widell Zetterström,549440,Sweden,Goalkeeper,"[""""]",1
130,Viktor Gyökeres,325443,Sweden,Attack,75000000,2,5,Low-Mid Tier,Bernardo,364258,Brazil,Defender,"[""Brighton & Hove Albion""]",2
130,Viktor Gyökeres,325443,Sweden,Attack,75000000,3,5,Mid Tier,Yves Bissouma,410425,Mali,Midfield,"[""Brighton & Hove Albion""]",4
130,Viktor Gyökeres,325443,Sweden,Attack,75000000,4,5,10th Most Frequent,Eduardo Quaresma,504073,Portugal,Defender,"[""Sporting CP""]",52
130,Viktor Gyökeres,325443,Sweden,Attack,75000000,5,5,Most Frequent,Francisco Trincão,412669,Portugal,Midfield,"[""Sporting CP""]",84
131,Dele Alli,207929,England,Midfield,100000000,1,5,Least Frequent,Nico Paz,948294,Argentina,Midfield,"[""Como 1907""]",1
131,Dele Alli,207929,England,Midfield,100000000,2,5,Low-Mid Tier,Javi Montero,396333,Spain,Defender,"[""Beşiktaş Jimnastik Kulübü""]",2
131,Dele Alli,207929,England,Midfield,100000000,3,5,Mid Tier,Donny van de Beek,288255,Netherlands,Midfield,"[""Everton""]",7
131,Dele Alli,207929,England,Midfield,100000000,4,5,10th Most Frequent,Erik Lamela,111630,Argentina,Attack,"[""Tottenham""]",133
131,Dele Alli,207929,England,Midfield,100000000,5,5,Most Frequent,Heung-min Son,91845,"Korea, South",Attack,"[""Tottenham""]",212
132,Martin Baturina,580451,Croatia,Midfield,30000000,1,5,Least Frequent,Luka Sucic,502722,Croatia,Midfield,"[""Real Sociedad""]",1
132,Martin Baturina,580451,Croatia,Midfield,30000000,2,5,Low-Mid Tier,Mateo Kovacic,51471,Croatia,Midfield,"[""Manchester City""]",3
132,Martin Baturina,580451,Croatia,Midfield,30000000,3,5,Mid Tier,Arbër Hoxha,458367,Albania,Attack,"[""GNK Dinamo Zagreb""]",7
132,Martin Baturina,580451,Croatia,Midfield,30000000,4,5,10th Most Frequent,Maxence Caqueret,395237,France,Midfield,"[""Como 1907""]",27
132,Martin Baturina,580451,Croatia,Midfield,30000000,5,5,Most Frequent,Jean Butez,290537,France,Goalkeeper,"[""Como 1907""]",34
133,Mikel Merino,338424,Spain,Midfield,50000000,1,5,Least Frequent,Pedro Porro,553875,Spain,Defender,"[""Tottenham""]",1
133,Mikel Merino,338424,Spain,Midfield,50000000,2,5,Low-Mid Tier,Lukasz Piszczek,25727,Poland,Defender,"[""Borussia Dortmund""]",3
133,Mikel Merino,338424,Spain,Midfield,50000000,3,5,Mid Tier,Modibo Sagnan,524925,Mali,Defender,"[""Real Sociedad""]",15
133,Mikel Merino,338424,Spain,Midfield,50000000,4,5,10th Most Frequent,Portu,99353,Spain,Attack,"[""Real Sociedad""]",113
133,Mikel Merino,338424,Spain,Midfield,50000000,5,5,Most Frequent,Mikel Oyarzabal,351478,Spain,Attack,"[""Real Sociedad""]",192
134,Fermín López,636703,Spain,Midfield,100000000,1,5,Least Frequent,Tommy Marqués,938156,Spain,Midfield,"[""Barcelona""]",1
134,Fermín López,636703,Spain,Midfield,100000000,2,5,Low-Mid Tier,Pablo Torre,720038,Spain,Midfield,"[""Barcelona""]",10
134,Fermín López,636703,Spain,Midfield,100000000,3,5,Mid Tier,Marc-André ter Stegen,74857,Germany,Goalkeeper,"[""Barcelona""]",36
134,Fermín López,636703,Spain,Midfield,100000000,4,5,10th Most Frequent,Ronald Araujo,480267,Uruguay,Defender,"[""Barcelona""]",83
134,Fermín López,636703,Spain,Midfield,100000000,5,5,Most Frequent,Lamine Yamal,937958,Spain,Attack,"[""Barcelona""]",120
135,Sergio Busquets,65230,Spain,Midfield,80000000,1,5,Least Frequent,Baltasar Rodríguez,1015246,Argentina,Midfield,"[""Internacional de Fútbol Miami""]",1
135,Sergio Busquets,65230,Spain,Midfield,80000000,2,5,Low-Mid Tier,Ángel Alarcón,646739,Spain,Attack,"[""Barcelona""]",4
135,Sergio Busquets,65230,Spain,Midfield,80000000,3,5,Mid Tier,Lucas Digne,126664,France,Defender,"[""Barcelona""]",35
135,Sergio Busquets,65230,Spain,Midfield,80000000,4,5,10th Most Frequent,Dani Alves,15951,Brazil,Defender,"[""Barcelona""]",171
135,Sergio Busquets,65230,Spain,Midfield,80000000,5,5,Most Frequent,Lionel Messi,28003,Argentina,Attack,"[""Barcelona"", ""Internacional de Fútbol Miami""]",397
136,Dani Vivian,524000,Spain,Defender,40000000,1,5,Least Frequent,Ibon Sánchez,938730,Spain,Midfield,"[""Athletic Bilbao""]",1
136,Dani Vivian,524000,Spain,Defender,40000000,2,5,Low-Mid Tier,Selton Sánchez,1312698,Spain,Midfield,"[""Athletic Bilbao""]",9
136,Dani Vivian,524000,Spain,Defender,40000000,3,5,Mid Tier,Robert Navarro,563137,Spain,Attack,"[""Athletic Bilbao""]",33
136,Dani Vivian,524000,Spain,Defender,40000000,4,5,10th Most Frequent,Aitor Paredes,591916,Spain,Defender,"[""Athletic Bilbao""]",100
136,Dani Vivian,524000,Spain,Defender,40000000,5,5,Most Frequent,Álex Berenguer,338425,Spain,Attack,"[""Athletic Bilbao""]",173
137,Pedro Neto,487465,Portugal,Attack,60000000,1,5,Least Frequent,Samú Costa,657430,Portugal,Midfield,"[""Mallorca""]",1
137,Pedro Neto,487465,Portugal,Attack,60000000,2,5,Low-Mid Tier,Lazar Rosic,198053,Serbia,Defender,"[""Braga""]",2
137,Pedro Neto,487465,Portugal,Attack,60000000,3,5,Mid Tier,Facundo Buonanotte,983989,Argentina,Midfield,"[""Chelsea""]",6
137,Pedro Neto,487465,Portugal,Attack,60000000,4,5,10th Most Frequent,Malo Gusto,620322,France,Defender,"[""Chelsea""]",82
137,Pedro Neto,487465,Portugal,Attack,60000000,5,5,Most Frequent,Rúben Neves,225161,Portugal,Midfield,"[""Wolverhampton Wanderers""]",100
138,Jamal Musiala,580195,Germany,Midfield,140000000,1,5,Least Frequent,Pascal Groß,82873,Germany,Midfield,"[""Borussia Dortmund""]",1
138,Jamal Musiala,580195,Germany,Midfield,140000000,2,5,Low-Mid Tier,Christopher Scott,503162,Germany,Midfield,"[""Bayern Munich""]",2
138,Jamal Musiala,580195,Germany,Midfield,140000000,3,5,Mid Tier,Douglas Costa,75615,Brazil,Attack,"[""Bayern Munich""]",13
138,Jamal Musiala,580195,Germany,Midfield,140000000,4,5,10th Most Frequent,Eric-Maxim Choupo-Moting,45660,Cameroon,Attack,"[""Bayern Munich""]",103
138,Jamal Musiala,580195,Germany,Midfield,140000000,5,5,Most Frequent,Joshua Kimmich,161056,Germany,Midfield,"[""Bayern Munich""]",208
139,Miguel Almirón,272999,Paraguay,Attack,35000000,1,5,Least Frequent,Isidro Pitta,675178,Paraguay,Attack,"[""Red Bull Bragantino""]",1
139,Miguel Almirón,272999,Paraguay,Attack,35000000,2,5,Low-Mid Tier,Julio Enciso,660867,Paraguay,Midfield,"[""Strasbourg Alsace""]",2
139,Miguel Almirón,272999,Paraguay,Attack,35000000,3,5,Mid Tier,Florian Lejeune,127108,France,Defender,"[""Newcastle United""]",17
139,Miguel Almirón,272999,Paraguay,Attack,35000000,4,5,10th Most Frequent,Callum Wilson,123682,England,Attack,"[""Newcastle United""]",92
139,Miguel Almirón,272999,Paraguay,Attack,35000000,5,5,Most Frequent,Joelinton,333241,Brazil,Midfield,"[""Newcastle United""]",166
140,Gonçalo Inácio,549006,Portugal,Defender,45000000,1,5,Least Frequent,Rômulo,743588,Brazil,Defender,"[""Sporting CP""]",1
140,Gonçalo Inácio,549006,Portugal,Defender,45000000,2,5,Low-Mid Tier,Rodrigo Ribeiro,726701,Portugal,Attack,"[""Sporting CP""]",5
140,Gonçalo Inácio,549006,Portugal,Defender,45000000,3,5,Mid Tier,Giorgi Kochorashvili,405564,Georgia,Midfield,"[""Sporting CP""]",18
140,Gonçalo Inácio,549006,Portugal,Defender,45000000,4,5,10th Most Frequent,Ricardo Esgaio,139395,Portugal,Defender,"[""Sporting CP""]",119
140,Gonçalo Inácio,549006,Portugal,Defender,45000000,5,5,Most Frequent,Pedro Gonçalves,426620,Portugal,Attack,"[""Sporting CP""]",197
141,Eduardo Camavinga,640428,France,Midfield,100000000,1,5,Least Frequent,Álvaro Leiva,875306,Spain,Attack,"[""Real Madrid""]",1
141,Eduardo Camavinga,640428,France,Midfield,100000000,2,5,Low-Mid Tier,Jorge Cestero,1186235,Spain,Midfield,"[""Real Madrid""]",4
141,Eduardo Camavinga,640428,France,Midfield,100000000,3,5,Mid Tier,Kepa Arrizabalaga,192279,Spain,Goalkeeper,"[""Real Madrid""]",18
141,Eduardo Camavinga,640428,France,Midfield,100000000,4,5,10th Most Frequent,Éder Militão,401530,Brazil,Defender,"[""Real Madrid""]",118
141,Eduardo Camavinga,640428,France,Midfield,100000000,5,5,Most Frequent,Vinicius Junior,371998,Brazil,Attack,"[""Real Madrid""]",203
142,Marquinhos,181767,Brazil,Defender,75000000,1,5,Least Frequent,Alex Sandro,79960,Brazil,Defender,"[""Clube de Regatas do Flamengo""]",1
142,Marquinhos,181767,Brazil,Defender,75000000,2,5,Low-Mid Tier,Nicolás López,185593,Uruguay,Attack,"[""Associazione Sportiva Roma""]",3
142,Marquinhos,181767,Brazil,Defender,75000000,3,5,Mid Tier,Hatem Ben Arfa,18900,France,Midfield,"[""Paris Saint-Germain""]",19
142,Marquinhos,181767,Brazil,Defender,75000000,4,5,10th Most Frequent,Neymar,68290,Brazil,Midfield,"[""Paris Saint-Germain""]",132
142,Marquinhos,181767,Brazil,Defender,75000000,5,5,Most Frequent,Marco Verratti,102558,Italy,Midfield,"[""Paris Saint-Germain""]",245
143,Thorgan Hazard,102226,Belgium,Midfield,45000000,1,5,Least Frequent,Adjani Mujangi Bia,1379211,Belgium,Midfield,"[""RSC Anderlecht""]",1
143,Thorgan Hazard,102226,Belgium,Midfield,45000000,2,5,Low-Mid Tier,Coba da Costa,1033005,Guinea-Bissau,Attack,"[""RSC Anderlecht""]",5
143,Thorgan Hazard,102226,Belgium,Midfield,45000000,3,5,Mid Tier,Julian Weigl,196792,Germany,Midfield,"[""Borussia Dortmund""]",17
143,Thorgan Hazard,102226,Belgium,Midfield,45000000,4,5,10th Most Frequent,Mats Hummels,39728,Germany,Defender,"[""Borussia Dortmund""]",108
143,Thorgan Hazard,102226,Belgium,Midfield,45000000,5,5,Most Frequent,Yann Sommer,42205,Switzerland,Goalkeeper,"[""Borussia Mönchengladbach""]",174
144,Kai Havertz,309400,Germany,Attack,90000000,1,5,Least Frequent,Pascal Groß,82873,Germany,Midfield,"[""Borussia Dortmund""]",1
144,Kai Havertz,309400,Germany,Attack,90000000,2,5,Low-Mid Tier,David Datro Fofana,787232,Cote d'Ivoire,Attack,"[""Chelsea""]",4
144,Kai Havertz,309400,Germany,Attack,90000000,3,5,Mid Tier,Martín Zubimendi,423440,Spain,Midfield,"[""Arsenal""]",21
144,Kai Havertz,309400,Germany,Attack,90000000,4,5,10th Most Frequent,Julian Brandt,187492,Germany,Midfield,"[""Bayer Leverkusen""]",100
144,Kai Havertz,309400,Germany,Attack,90000000,5,5,Most Frequent,Jorginho,102017,Italy,Midfield,"[""Arsenal"", ""Chelsea""]",139
145,Virgil van Dijk,139208,Netherlands,Defender,100000000,1,5,Least Frequent,Justin Kluivert,330659,Netherlands,Midfield,"[""Bournemouth""]",1
145,Virgil van Dijk,139208,Netherlands,Defender,100000000,2,5,Low-Mid Tier,Jack Stephens,163744,England,Defender,"[""Southampton""]",3
145,Virgil van Dijk,139208,Netherlands,Defender,100000000,3,5,Mid Tier,Alexander Isak,349066,Sweden,Attack,"[""Liverpool""]",21
145,Virgil van Dijk,139208,Netherlands,Defender,100000000,4,5,10th Most Frequent,Curtis Jones,433188,England,Midfield,"[""Liverpool""]",163
145,Virgil van Dijk,139208,Netherlands,Defender,100000000,5,5,Most Frequent,Mohamed Salah,148455,Egypt,Attack,"[""Liverpool""]",329
146,Santi Mina,255653,Spain,Attack,30000000,1,5,Least Frequent,Hugo Sotelo,892221,Spain,Midfield,"[""Celta de Vigo""]",1
146,Santi Mina,255653,Spain,Attack,30000000,2,5,Low-Mid Tier,Rubén Sobrino,85383,Spain,Attack,"[""Valencia""]",6
146,Santi Mina,255653,Spain,Attack,30000000,3,5,Mid Tier,Pione Sisto,252641,Denmark,Attack,"[""Celta de Vigo""]",19
146,Santi Mina,255653,Spain,Attack,30000000,4,5,10th Most Frequent,Néstor Araújo,64134,Mexico,Defender,"[""Celta de Vigo""]",89
146,Santi Mina,255653,Spain,Attack,30000000,5,5,Most Frequent,Dani Parejo,59561,Spain,Midfield,"[""Valencia""]",136
147,Ilya Zabarnyi,659089,Ukraine,Defender,55000000,1,5,Least Frequent,Renato Marin,1041614,Italy,Goalkeeper,"[""Paris Saint-Germain""]",1
147,Ilya Zabarnyi,659089,Ukraine,Defender,55000000,2,5,Low-Mid Tier,Jefferson Lerma,262980,Colombia,Midfield,"[""Bournemouth""]",5
147,Ilya Zabarnyi,659089,Ukraine,Defender,55000000,3,5,Mid Tier,Lucas Chevalier,463600,France,Goalkeeper,"[""Paris Saint-Germain""]",20
147,Ilya Zabarnyi,659089,Ukraine,Defender,55000000,4,5,10th Most Frequent,Justin Kluivert,330659,Netherlands,Midfield,"[""Bournemouth""]",69
147,Ilya Zabarnyi,659089,Ukraine,Defender,55000000,5,5,Most Frequent,Sergiy Sydorchuk,124182,Ukraine,Midfield,"[""Dynamo Kyiv""]",76
148,Vitinha,487469,Portugal,Midfield,140000000,1,5,Least Frequent,Samú Costa,657430,Portugal,Midfield,"[""Mallorca""]",1
148,Vitinha,487469,Portugal,Midfield,140000000,2,5,Low-Mid Tier,Renato Veiga,805714,Portugal,Defender,"[""Villarreal""]",3
148,Vitinha,487469,Portugal,Midfield,140000000,3,5,Mid Tier,Romain Saïss,204198,Morocco,Defender,"[""Wolverhampton Wanderers""]",14
148,Vitinha,487469,Portugal,Midfield,140000000,4,5,10th Most Frequent,Kang-in Lee,557149,"Korea, South",Midfield,"[""Paris Saint-Germain""]",103
148,Vitinha,487469,Portugal,Midfield,140000000,5,5,Most Frequent,Warren Zaïre-Emery,810092,France,Midfield,"[""Paris Saint-Germain""]",156
149,Eberechi Eze,479999,England,Midfield,65000000,1,5,Least Frequent,Jarell Quansah,632349,England,Defender,"[""Bayer Leverkusen""]",1
149,Eberechi Eze,479999,England,Midfield,65000000,2,5,Low-Mid Tier,Joe Whitworth,670840,England,Goalkeeper,"[""Crystal Palace""]",2
149,Eberechi Eze,479999,England,Midfield,65000000,3,5,Mid Tier,Ben White,335721,England,Defender,"[""Arsenal""]",23
149,Eberechi Eze,479999,England,Midfield,65000000,4,5,10th Most Frequent,Odsonne Édouard,344152,France,Attack,"[""Crystal Palace""]",71
149,Eberechi Eze,479999,England,Midfield,65000000,5,5,Most Frequent,Tyrick Mitchell,730893,England,Defender,"[""Crystal Palace""]",137
150,Ezri Konsa,413403,England,Defender,40000000,1,5,Least Frequent,Jarell Quansah,632349,England,Defender,"[""Bayer Leverkusen""]",1
150,Ezri Konsa,413403,England,Defender,40000000,2,5,Low-Mid Tier,George Hemmings,1023191,England,Midfield,"[""Aston Villa""]",3
150,Ezri Konsa,413403,England,Defender,40000000,3,5,Mid Tier,Andrés García,1063329,Spain,Defender,"[""Aston Villa""]",13
150,Ezri Konsa,413403,England,Defender,40000000,4,5,10th Most Frequent,Emiliano Buendía,321247,Argentina,Attack,"[""Aston Villa""]",125
150,Ezri Konsa,413403,England,Defender,40000000,5,5,Most Frequent,Ollie Watkins,324358,England,Attack,"[""Aston Villa""]",234
151,Timo Werner,170527,Germany,Attack,80000000,1,5,Least Frequent,El Chadaille Bitshiabu,787912,France,Defender,"[""RB Leipzig""]",1
151,Timo Werner,170527,Germany,Attack,80000000,2,5,Low-Mid Tier,Arianit Ferati,247380,Kosovo,Midfield,"[""Stuttgart""]",3
151,Timo Werner,170527,Germany,Attack,80000000,3,5,Mid Tier,Benno Schmitz,160968,Germany,Defender,"[""RB Leipzig""]",18
151,Timo Werner,170527,Germany,Attack,80000000,4,5,10th Most Frequent,Kevin Kampl,53418,Slovenia,Midfield,"[""RB Leipzig""]",120
151,Timo Werner,170527,Germany,Attack,80000000,5,5,Most Frequent,Yussuf Poulsen,157635,Denmark,Attack,"[""RB Leipzig""]",165
152,Mohamed Salah,148455,Egypt,Attack,150000000,1,5,Least Frequent,Mahmoud Saber,729390,Egypt,Midfield,"[""""]",1
152,Mohamed Salah,148455,Egypt,Attack,150000000,2,5,Low-Mid Tier,Hamza Abdelkarim,1259085,Egypt,Attack,"[""""]",3
152,Mohamed Salah,148455,Egypt,Attack,150000000,3,5,Mid Tier,Willian,52769,Brazil,Attack,"[""Chelsea""]",12
152,Mohamed Salah,148455,Egypt,Attack,150000000,4,5,10th Most Frequent,Fabinho,225693,Brazil,Midfield,"[""Liverpool""]",204
152,Mohamed Salah,148455,Egypt,Attack,150000000,5,5,Most Frequent,Andrew Robertson,234803,Scotland,Defender,"[""Liverpool""]",339
153,Wesley Moraes,381362,Brazil,Attack,30000000,1,5,Least Frequent,Matty Cash,425334,Poland,Defender,"[""Aston Villa""]",1
153,Wesley Moraes,381362,Brazil,Attack,30000000,2,5,Low-Mid Tier,Luan Peres,347913,Brazil,Defender,"[""Brugge KV""]",3
153,Wesley Moraes,381362,Brazil,Attack,30000000,3,5,Mid Tier,Kaveh Rezaei,132553,Iran,Attack,"[""Brugge KV""]",13
153,Wesley Moraes,381362,Brazil,Attack,30000000,4,5,10th Most Frequent,Anthony Limbombe,140803,Belgium,Attack,"[""Brugge KV""]",40
153,Wesley Moraes,381362,Brazil,Attack,30000000,5,5,Most Frequent,Hans Vanaken,137576,Belgium,Midfield,"[""Brugge KV""]",90
154,Franck Kessié,294808,Cote d'Ivoire,Midfield,55000000,1,5,Least Frequent,Simon Adingra,658536,Cote d'Ivoire,Attack,"[""Sunderland AFC""]",1
154,Franck Kessié,294808,Cote d'Ivoire,Midfield,55000000,2,5,Low-Mid Tier,Oumar Diakité,847279,Cote d'Ivoire,Attack,"[""Cercle Brugge""]",4
154,Franck Kessié,294808,Cote d'Ivoire,Midfield,55000000,3,5,Mid Tier,Ervin Zukanovic,44059,Bosnia-Herzegovina,Defender,"[""Atalanta BC""]",15
154,Franck Kessié,294808,Cote d'Ivoire,Midfield,55000000,4,5,10th Most Frequent,Alexis Saelemaekers,381950,Belgium,Midfield,"[""AC Milan""]",91
154,Franck Kessié,294808,Cote d'Ivoire,Midfield,55000000,5,5,Most Frequent,Gianluigi Donnarumma,315858,Italy,Goalkeeper,"[""AC Milan""]",168
155,Paulo Dybala,206050,Argentina,Attack,110000000,1,5,Least Frequent,Antonio Arena,1251220,Italy,Attack,"[""Associazione Sportiva Roma""]",1
155,Paulo Dybala,206050,Argentina,Attack,110000000,2,5,Low-Mid Tier,Mauro Formica,55870,Argentina,Midfield,"[""Palermo""]",5
155,Paulo Dybala,206050,Argentina,Attack,110000000,3,5,Mid Tier,Georginio Wijnaldum,49499,Netherlands,Midfield,"[""Associazione Sportiva Roma""]",17
155,Paulo Dybala,206050,Argentina,Attack,110000000,4,5,10th Most Frequent,Gianluca Mancini,256448,Italy,Defender,"[""Associazione Sportiva Roma""]",128
155,Paulo Dybala,206050,Argentina,Attack,110000000,5,5,Most Frequent,Alex Sandro,79960,Brazil,Defender,"[""Juventus""]",214
156,Bruno Fernandes,240306,Portugal,Midfield,90000000,1,5,Least Frequent,Samú Costa,657430,Portugal,Midfield,"[""Mallorca""]",1
156,Bruno Fernandes,240306,Portugal,Midfield,90000000,2,5,Low-Mid Tier,Omari Forson,670845,England,Attack,"[""Manchester United""]",6
156,Bruno Fernandes,240306,Portugal,Midfield,90000000,3,5,Mid Tier,Dusan Basta,19694,Serbia,Defender,"[""Udinese Calcio""]",19
156,Bruno Fernandes,240306,Portugal,Midfield,90000000,4,5,10th Most Frequent,Casemiro,16306,Brazil,Midfield,"[""Manchester United""]",142
156,Bruno Fernandes,240306,Portugal,Midfield,90000000,5,5,Most Frequent,Harry Maguire,177907,England,Defender,"[""Manchester United""]",222
157,Malick Thiaw,521964,Germany,Defender,45000000,1,5,Least Frequent,Antonio Rüdiger,86202,Germany,Defender,"[""Real Madrid""]",1
157,Malick Thiaw,521964,Germany,Defender,45000000,2,5,Low-Mid Tier,Emil Krafth,184528,Sweden,Defender,"[""Newcastle United""]",3
157,Malick Thiaw,521964,Germany,Defender,45000000,3,5,Mid Tier,Shkodran Mustafi,88590,Germany,Defender,"[""Schalke 04""]",9
157,Malick Thiaw,521964,Germany,Defender,45000000,4,5,10th Most Frequent,Nick Woltemade,455661,Germany,Attack,"[""Newcastle United""]",49
157,Malick Thiaw,521964,Germany,Defender,45000000,5,5,Most Frequent,Rafael Leão,357164,Portugal,Attack,"[""AC Milan""]",76
158,Dean Huijsen,890290,Spain,Defender,70000000,1,5,Least Frequent,Manu Serrano,940464,Spain,Defender,"[""Real Madrid""]",1
158,Dean Huijsen,890290,Spain,Defender,70000000,2,5,Low-Mid Tier,Endrick,971570,Brazil,Attack,"[""Real Madrid""]",2
158,Dean Huijsen,890290,Spain,Defender,70000000,3,5,Mid Tier,Angeliño,277179,Spain,Defender,"[""Associazione Sportiva Roma""]",9
158,Dean Huijsen,890290,Spain,Defender,70000000,4,5,10th Most Frequent,Lewis Cook,249089,England,Midfield,"[""Bournemouth""]",33
158,Dean Huijsen,890290,Spain,Defender,70000000,5,5,Most Frequent,Vinicius Junior,371998,Brazil,Attack,"[""Real Madrid""]",42
159,Leroy Sané,192565,Germany,Attack,100000000,1,5,Least Frequent,Pascal Groß,82873,Germany,Midfield,"[""Borussia Dortmund""]",1
159,Leroy Sané,192565,Germany,Attack,100000000,2,5,Low-Mid Tier,Angelo Stiller,443710,Germany,Midfield,"[""Bayern Munich""]",3
159,Leroy Sané,192565,Germany,Attack,100000000,3,5,Mid Tier,Willy Caballero,19948,Argentina,Goalkeeper,"[""Manchester City""]",18
159,Leroy Sané,192565,Germany,Attack,100000000,4,5,10th Most Frequent,Dayot Upamecano,344695,France,Defender,"[""Bayern Munich""]",132
159,Leroy Sané,192565,Germany,Attack,100000000,5,5,Most Frequent,Leon Goretzka,153084,Germany,Midfield,"[""Bayern Munich"", ""Schalke 04""]",210
160,Jean Michaël Seri,178614,Cote d'Ivoire,Midfield,35000000,1,5,Least Frequent,Ange-Yoan Bonny,827734,Cote d'Ivoire,Attack,"[""Inter Milan""]",1
160,Jean Michaël Seri,178614,Cote d'Ivoire,Midfield,35000000,2,5,Low-Mid Tier,Sékou Mara,557612,France,Attack,"[""Girondins Bordeaux""]",5
160,Jean Michaël Seri,178614,Cote d'Ivoire,Midfield,35000000,3,5,Mid Tier,Ricardo Ferreira,151205,Canada,Defender,"[""Paços de Ferreira""]",11
160,Jean Michaël Seri,178614,Cote d'Ivoire,Midfield,35000000,4,5,10th Most Frequent,Ricardo Pereira,215876,Portugal,Defender,"[""Nice""]",52
160,Jean Michaël Seri,178614,Cote d'Ivoire,Midfield,35000000,5,5,Most Frequent,Maxime Le Marchand,60558,France,Defender,"[""Nice"", ""Fulham""]",90
161,Wesley Sneijder,4673,Netherlands,Midfield,45000000,1,5,Least Frequent,Hicham Mahou,344610,France,Attack,"[""Nice""]",1
161,Wesley Sneijder,4673,Netherlands,Midfield,45000000,2,5,Low-Mid Tier,Berk Ünsal,176265,Turkey,Attack,"[""Galatasaray""]",3
161,Wesley Sneijder,4673,Netherlands,Midfield,45000000,3,5,Mid Tier,Maxime Le Marchand,60558,France,Defender,"[""Nice""]",7
161,Wesley Sneijder,4673,Netherlands,Midfield,45000000,4,5,10th Most Frequent,Felipe Melo,35537,Brazil,Midfield,"[""Galatasaray""]",70
161,Wesley Sneijder,4673,Netherlands,Midfield,45000000,5,5,Most Frequent,Fernando Muslera,58088,Uruguay,Goalkeeper,"[""Galatasaray""]",144
162,Phil Foden,406635,England,Midfield,150000000,1,5,Least Frequent,Ryan McAidoo,1187640,England,Attack,"[""Manchester City""]",1
162,Phil Foden,406635,England,Midfield,150000000,2,5,Low-Mid Tier,Eliaquim Mangala,90681,France,Defender,"[""Manchester City""]",3
162,Phil Foden,406635,England,Midfield,150000000,3,5,Mid Tier,Leroy Sané,192565,Germany,Attack,"[""Manchester City""]",26
162,Phil Foden,406635,England,Midfield,150000000,4,5,10th Most Frequent,Riyad Mahrez,171424,Algeria,Attack,"[""Manchester City""]",149
162,Phil Foden,406635,England,Midfield,150000000,5,5,Most Frequent,Bernardo Silva,241641,Portugal,Midfield,"[""Manchester City""]",295
163,João Palhinha,257455,Portugal,Midfield,60000000,1,5,Least Frequent,Luca Williams-Barnett,1108475,England,Midfield,"[""Tottenham""]",1
163,João Palhinha,257455,Portugal,Midfield,60000000,2,5,Low-Mid Tier,Ramón Cardozo,75298,Paraguay,Attack,"[""Moreirense""]",3
163,João Palhinha,257455,Portugal,Midfield,60000000,3,5,Mid Tier,Luís Carlos,159100,Brazil,Attack,"[""Moreirense""]",12
163,João Palhinha,257455,Portugal,Midfield,60000000,4,5,10th Most Frequent,Matheus Nunes,601883,Portugal,Defender,"[""Sporting CP""]",68
163,João Palhinha,257455,Portugal,Midfield,60000000,5,5,Most Frequent,Paulinho,211072,Portugal,Attack,"[""Braga"", ""Sporting CP""]",107
164,Diogo Costa,357153,Portugal,Goalkeeper,45000000,1,5,Least Frequent,Samú Costa,657430,Portugal,Midfield,"[""Mallorca""]",1
164,Diogo Costa,357153,Portugal,Goalkeeper,45000000,2,5,Low-Mid Tier,João Neves,670681,Portugal,Midfield,"[""Paris Saint-Germain""]",3
164,Diogo Costa,357153,Portugal,Goalkeeper,45000000,3,5,Mid Tier,Oskar Pietuszewski,1162012,Poland,Attack,"[""Porto""]",15
164,Diogo Costa,357153,Portugal,Goalkeeper,45000000,4,5,10th Most Frequent,Pepe,14132,Portugal,Defender,"[""Porto""]",91
164,Diogo Costa,357153,Portugal,Goalkeeper,45000000,5,5,Most Frequent,Pepê,520662,Brazil,Attack,"[""Porto""]",195
165,Lorenzo Insigne,133964,Italy,Attack,75000000,1,5,Least Frequent,Davide Marfella,417414,Italy,Goalkeeper,"[""Napoli""]",1
165,Lorenzo Insigne,133964,Italy,Attack,75000000,2,5,Low-Mid Tier,Leonardo Pavoletti,64793,Italy,Attack,"[""Napoli""]",10
165,Lorenzo Insigne,133964,Italy,Attack,75000000,3,5,Mid Tier,Omar El Kaddouri,73097,Morocco,Midfield,"[""Napoli""]",34
165,Lorenzo Insigne,133964,Italy,Attack,75000000,4,5,10th Most Frequent,Pepe Reina,7825,Spain,Goalkeeper,"[""Napoli""]",173
165,Lorenzo Insigne,133964,Italy,Attack,75000000,5,5,Most Frequent,Dries Mertens,56416,Belgium,Attack,"[""Napoli""]",334
166,Alexis Mac Allister,534033,Argentina,Midfield,100000000,1,5,Least Frequent,Valentín Barco,849410,Argentina,Midfield,"[""Strasbourg Alsace""]",1
166,Alexis Mac Allister,534033,Argentina,Midfield,100000000,2,5,Low-Mid Tier,Calvin Ramsay,633652,Scotland,Defender,"[""Liverpool""]",2
166,Alexis Mac Allister,534033,Argentina,Midfield,100000000,3,5,Mid Tier,Jan Paul van Hecke,576314,Netherlands,Defender,"[""Brighton & Hove Albion""]",12
166,Alexis Mac Allister,534033,Argentina,Midfield,100000000,4,5,10th Most Frequent,Lewis Dunk,148153,England,Defender,"[""Brighton & Hove Albion""]",92
166,Alexis Mac Allister,534033,Argentina,Midfield,100000000,5,5,Most Frequent,Virgil van Dijk,139208,Netherlands,Defender,"[""Liverpool""]",137
167,Mika Biereth,565821,Denmark,Attack,30000000,1,5,Least Frequent,Arjan Malic,805534,Bosnia-Herzegovina,Defender,"[""Sportklub Puntigamer Sturm Graz""]",1
167,Mika Biereth,565821,Denmark,Attack,30000000,2,5,Low-Mid Tier,Malick Yalcouyé,1178758,Cote d'Ivoire,Midfield,"[""Sportklub Puntigamer Sturm Graz""]",6
167,Mika Biereth,565821,Denmark,Attack,30000000,3,5,Mid Tier,Conor Wilkinson,228791,Ireland,Attack,"[""Motherwell""]",10
167,Mika Biereth,565821,Denmark,Attack,30000000,4,5,10th Most Frequent,Vanderson,789082,Brazil,Defender,"[""Monaco""]",35
167,Mika Biereth,565821,Denmark,Attack,30000000,5,5,Most Frequent,Maghnes Akliouche,745200,France,Attack,"[""Monaco""]",55
168,Tomáš Souček,283628,Czech Republic,Midfield,45000000,1,5,Least Frequent,Denis Visinsky,652060,Czech Republic,Midfield,"[""Viktoria Plzen""]",1
168,Tomáš Souček,283628,Czech Republic,Midfield,45000000,2,5,Low-Mid Tier,Adam Hlozek,552057,Czech Republic,Attack,"[""1899 Hoffenheim""]",3
168,Tomáš Souček,283628,Czech Republic,Midfield,45000000,3,5,Mid Tier,Jesse Lingard,141660,England,Midfield,"[""West Ham United""]",16
168,Tomáš Souček,283628,Czech Republic,Midfield,45000000,4,5,10th Most Frequent,Alphonse Areola,120629,France,Goalkeeper,"[""West Ham United""]",99
168,Tomáš Souček,283628,Czech Republic,Midfield,45000000,5,5,Most Frequent,Jarrod Bowen,314875,England,Attack,"[""West Ham United""]",251
169,Lionel Messi,28003,Argentina,Attack,180000000,1,5,Least Frequent,Valentín Barco,849410,Argentina,Midfield,"[""Strasbourg Alsace""]",1
169,Lionel Messi,28003,Argentina,Attack,180000000,2,5,Low-Mid Tier,Alexandre Letellier,93730,France,Goalkeeper,"[""Paris Saint-Germain""]",2
169,Lionel Messi,28003,Argentina,Attack,180000000,3,5,Mid Tier,Thilo Kehrer,228948,Germany,Defender,"[""Paris Saint-Germain""]",21
169,Lionel Messi,28003,Argentina,Attack,180000000,4,5,10th Most Frequent,Neymar,68290,Brazil,Midfield,"[""Barcelona"", ""Paris Saint-Germain""]",207
169,Lionel Messi,28003,Argentina,Attack,180000000,5,5,Most Frequent,Sergio Busquets,65230,Spain,Midfield,"[""Barcelona"", ""Internacional de Fútbol Miami""]",397
170,Alessandro Bastoni,315853,Italy,Defender,80000000,1,5,Least Frequent,Mattia Mosconi,1008570,Italy,Attack,"[""Inter Milan""]",1
170,Alessandro Bastoni,315853,Italy,Defender,80000000,2,5,Low-Mid Tier,Emil Audero,256339,Indonesia,Goalkeeper,"[""Inter Milan""]",3
170,Alessandro Bastoni,315853,Italy,Defender,80000000,3,5,Mid Tier,Mattia Sprocati,199274,Italy,Attack,"[""Parma Calcio 1913""]",12
170,Alessandro Bastoni,315853,Italy,Defender,80000000,4,5,10th Most Frequent,Samir Handanovic,28021,,Goalkeeper,"[""Inter Milan""]",128
170,Alessandro Bastoni,315853,Italy,Defender,80000000,5,5,Most Frequent,Lautaro Martínez,406625,Argentina,Attack,"[""Inter Milan""]",274
171,Ethan Nwaneri,890719,England,Midfield,55000000,1,5,Least Frequent,Ugo Kadmiri,1318474,Morocco,Attack,"[""Olympique Marseille""]",1
171,Ethan Nwaneri,890719,England,Midfield,55000000,2,5,Low-Mid Tier,Marli Salmon,1294399,England,Defender,"[""Arsenal""]",2
171,Ethan Nwaneri,890719,England,Midfield,55000000,3,5,Mid Tier,Christian Nørgaard,148367,Denmark,Midfield,"[""Arsenal""]",7
171,Ethan Nwaneri,890719,England,Midfield,55000000,4,5,10th Most Frequent,Bukayo Saka,433177,England,Attack,"[""Arsenal""]",32
171,Ethan Nwaneri,890719,England,Midfield,55000000,5,5,Most Frequent,Leandro Trossard,144028,Belgium,Attack,"[""Arsenal""]",43
172,Álvaro Morata,128223,Spain,Attack,65000000,1,5,Least Frequent,Lorenzo Bonsignori,988979,Italy,Attack,"[""Como 1907""]",1
172,Álvaro Morata,128223,Spain,Attack,65000000,2,5,Low-Mid Tier,Marley Aké,682032,France,Attack,"[""Juventus""]",5
172,Álvaro Morata,128223,Spain,Attack,65000000,3,5,Mid Tier,Samuel Chukwueze,401922,Nigeria,Attack,"[""AC Milan""]",18
172,Álvaro Morata,128223,Spain,Attack,65000000,4,5,10th Most Frequent,Antoine Griezmann,125781,France,Attack,"[""Atlético Madrid""]",103
172,Álvaro Morata,128223,Spain,Attack,65000000,5,5,Most Frequent,Leonardo Bonucci,39983,Italy,Defender,"[""Juventus""]",147
173,Romelu Lukaku,96341,Belgium,Attack,100000000,1,5,Least Frequent,Dodi Lukébakio,303259,Belgium,Attack,"[""Sevilla""]",1
173,Romelu Lukaku,96341,Belgium,Attack,100000000,2,5,Low-Mid Tier,Nikica Jelavic,25742,Croatia,Attack,"[""Everton""]",5
173,Romelu Lukaku,96341,Belgium,Attack,100000000,3,5,Mid Tier,Fred,191614,Brazil,Midfield,"[""Manchester United""]",21
173,Romelu Lukaku,96341,Belgium,Attack,100000000,4,5,10th Most Frequent,Marcelo Brozović,156617,Croatia,Midfield,"[""Inter Milan""]",111
173,Romelu Lukaku,96341,Belgium,Attack,100000000,5,5,Most Frequent,Ross Barkley,131978,England,Midfield,"[""Everton"", ""Chelsea""]",143
174,Hugo Lloris,17965,France,Goalkeeper,30000000,1,5,Least Frequent,Fraser Forster,52570,England,Goalkeeper,"[""Tottenham""]",1
174,Hugo Lloris,17965,France,Goalkeeper,30000000,2,5,Low-Mid Tier,Bafétimbi Gomis,22388,France,Attack,"[""Olympique Lyon""]",3
174,Hugo Lloris,17965,France,Goalkeeper,30000000,3,5,Mid Tier,Japhet Tanganga,346478,England,Defender,"[""Tottenham""]",25
174,Hugo Lloris,17965,France,Goalkeeper,30000000,4,5,10th Most Frequent,Toby Alderweireld,42710,Belgium,Defender,"[""Tottenham""]",187
174,Hugo Lloris,17965,France,Goalkeeper,30000000,5,5,Most Frequent,Harry Kane,132098,England,Attack,"[""Tottenham""]",329
175,Andrea Belotti,167727,Italy,Attack,40000000,1,5,Least Frequent,Agustín Albarracín,1104206,Uruguay,Attack,"[""Cagliari Calcio""]",1
175,Andrea Belotti,167727,Italy,Attack,40000000,2,5,Low-Mid Tier,Francesco Della Rocca,56889,Italy,Midfield,"[""Palermo""]",5
175,Andrea Belotti,167727,Italy,Attack,40000000,3,5,Mid Tier,Nicolò Zaniolo,392085,Italy,Attack,"[""Associazione Sportiva Roma""]",13
175,Andrea Belotti,167727,Italy,Attack,40000000,4,5,10th Most Frequent,Iago Falque,59340,Spain,Attack,"[""Torino""]",98
175,Andrea Belotti,167727,Italy,Attack,40000000,5,5,Most Frequent,Daniele Baselli,134883,Italy,Midfield,"[""Torino"", ""Como 1907""]",169
176,Pedri,683840,Spain,Midfield,150000000,1,5,Least Frequent,Pedro Porro,553875,Spain,Defender,"[""Tottenham""]",1
176,Pedri,683840,Spain,Midfield,150000000,2,5,Low-Mid Tier,Jofre Torrents,1009765,Spain,Defender,"[""Barcelona""]",4
176,Pedri,683840,Spain,Midfield,150000000,3,5,Mid Tier,Riqui Puig,331511,Spain,Midfield,"[""Barcelona""]",24
176,Pedri,683840,Spain,Midfield,150000000,4,5,10th Most Frequent,Pau Cubarsí,962110,Spain,Defender,"[""Barcelona""]",114
176,Pedri,683840,Spain,Midfield,150000000,5,5,Most Frequent,Ferran Torres,398184,Spain,Attack,"[""Barcelona""]",154
177,Diogo Jota,340950,Portugal,Attack,60000000,1,5,Least Frequent,Trent Koné-Doherty,944140,Ireland,Attack,"[""Liverpool""]",1
177,Diogo Jota,340950,Portugal,Attack,60000000,2,5,Low-Mid Tier,Bobby Clark,712117,England,Midfield,"[""Liverpool""]",5
177,Diogo Jota,340950,Portugal,Attack,60000000,3,5,Mid Tier,Christian,281831,Brazil,Midfield,"[""Paços de Ferreira""]",17
177,Diogo Jota,340950,Portugal,Attack,60000000,4,5,10th Most Frequent,Conor Coady,128901,England,Defender,"[""Wolverhampton Wanderers""]",84
177,Diogo Jota,340950,Portugal,Attack,60000000,5,5,Most Frequent,Mohamed Salah,148455,Egypt,Attack,"[""Liverpool""]",153
178,Valentín Barco,849410,Argentina,Midfield,40000000,1,5,Least Frequent,Nico Paz,948294,Argentina,Midfield,"[""Como 1907""]",1
178,Valentín Barco,849410,Argentina,Midfield,40000000,2,5,Low-Mid Tier,Karl-Johan Johnsson,112822,Sweden,Goalkeeper,"[""Strasbourg Alsace""]",2
178,Valentín Barco,849410,Argentina,Midfield,40000000,3,5,Mid Tier,Junior Mwanga,1011200,France,Midfield,"[""Strasbourg Alsace""]",5
178,Valentín Barco,849410,Argentina,Midfield,40000000,4,5,10th Most Frequent,Mamadou Sarr,910905,Senegal,Defender,"[""Strasbourg Alsace""]",27
178,Valentín Barco,849410,Argentina,Midfield,40000000,5,5,Most Frequent,Diego Moreira,655006,Belgium,Midfield,"[""Strasbourg Alsace""]",36
179,Karim Adeyemi,496094,Germany,Attack,60000000,1,5,Least Frequent,Mateu Morey,388513,Spain,Defender,"[""Borussia Dortmund""]",1
179,Karim Adeyemi,496094,Germany,Attack,60000000,2,5,Low-Mid Tier,Antonios Papadopoulos,482573,Germany,Defender,"[""Borussia Dortmund""]",5
179,Karim Adeyemi,496094,Germany,Attack,60000000,3,5,Mid Tier,Niclas Füllkrug,75489,Germany,Attack,"[""Borussia Dortmund""]",30
179,Karim Adeyemi,496094,Germany,Attack,60000000,4,5,10th Most Frequent,Serhou Guirassy,270541,Guinea,Attack,"[""Borussia Dortmund""]",75
179,Karim Adeyemi,496094,Germany,Attack,60000000,5,5,Most Frequent,Gregor Kobel,257814,Switzerland,Goalkeeper,"[""Borussia Dortmund""]",137
180,Federico Valverde,369081,Uruguay,Midfield,130000000,1,5,Least Frequent,Sergio Rochet,264014,Uruguay,Goalkeeper,"[""Sport Internacional""]",1
180,Federico Valverde,369081,Uruguay,Midfield,130000000,2,5,Low-Mid Tier,Brian Rodríguez,465818,Uruguay,Attack,"[""América""]",3
180,Federico Valverde,369081,Uruguay,Midfield,130000000,3,5,Mid Tier,James Rodríguez,88103,Colombia,Midfield,"[""Real Madrid""]",11
180,Federico Valverde,369081,Uruguay,Midfield,130000000,4,5,10th Most Frequent,Aurélien Tchouaméni,413112,France,Midfield,"[""Real Madrid""]",179
180,Federico Valverde,369081,Uruguay,Midfield,130000000,5,5,Most Frequent,Vinicius Junior,371998,Brazil,Attack,"[""Real Madrid""]",280
181,Ryan Sessegnon,392775,England,Defender,35000000,1,5,Least Frequent,Reiss Nelson,340325,England,Attack,"[""Fulham""]",1
181,Ryan Sessegnon,392775,England,Defender,35000000,2,5,Low-Mid Tier,Ibrahima Cissé,160380,Guinea,Midfield,"[""Fulham""]",4
181,Ryan Sessegnon,392775,England,Defender,35000000,3,5,Mid Tier,Dele Alli,207929,England,Midfield,"[""Tottenham""]",15
181,Ryan Sessegnon,392775,England,Defender,35000000,4,5,10th Most Frequent,Joachim Andersen,260827,Denmark,Defender,"[""Fulham""]",44
181,Ryan Sessegnon,392775,England,Defender,35000000,5,5,Most Frequent,Tom Cairney,123275,Scotland,Midfield,"[""Fulham""]",60
182,Can Uzun,816585,Türkiye,Midfield,45000000,1,5,Least Frequent,Oğuz Aydın,563749,Türkiye,Attack,"[""Fenerbahce""]",1
182,Can Uzun,816585,Türkiye,Midfield,45000000,2,5,Low-Mid Tier,Paxten Aaronson,795738,United States,Midfield,"[""Eintracht Frankfurt""]",1
182,Can Uzun,816585,Türkiye,Midfield,45000000,3,5,Mid Tier,Timothy Chandler,49723,United States,Defender,"[""Eintracht Frankfurt""]",3
182,Can Uzun,816585,Türkiye,Midfield,45000000,4,5,10th Most Frequent,Mario Götze,74842,Germany,Midfield,"[""Eintracht Frankfurt""]",37
182,Can Uzun,816585,Türkiye,Midfield,45000000,5,5,Most Frequent,Ansgar Knauff,429874,Germany,Attack,"[""Eintracht Frankfurt""]",55
183,Jan Oblak,121483,Slovenia,Goalkeeper,100000000,1,5,Least Frequent,Javi Morcillo,1250522,Spain,Midfield,"[""Atlético Madrid""]",1
183,Jan Oblak,121483,Slovenia,Goalkeeper,100000000,2,5,Low-Mid Tier,Carlos Isaac,396324,Spain,Defender,"[""Atlético Madrid""]",2
183,Jan Oblak,121483,Slovenia,Goalkeeper,100000000,3,5,Mid Tier,Jackson Martínez,74418,Colombia,Attack,"[""Atlético Madrid""]",19
183,Jan Oblak,121483,Slovenia,Goalkeeper,100000000,4,5,10th Most Frequent,Rodrigo De Paul,255901,Argentina,Midfield,"[""Atlético Madrid""]",169
183,Jan Oblak,121483,Slovenia,Goalkeeper,100000000,5,5,Most Frequent,Koke,74229,Spain,Midfield,"[""Atlético Madrid""]",458
184,Riyad Mahrez,171424,Algeria,Attack,60000000,1,5,Least Frequent,Samir Chergui,668167,Algeria,Defender,"[""Paris""]",1
184,Riyad Mahrez,171424,Algeria,Attack,60000000,2,5,Low-Mid Tier,Nampalys Mendy,111051,Senegal,Midfield,"[""Leicester City""]",4
184,Riyad Mahrez,171424,Algeria,Attack,60000000,3,5,Mid Tier,Andrej Kramaric,46580,Croatia,Attack,"[""Leicester City""]",13
184,Riyad Mahrez,171424,Algeria,Attack,60000000,4,5,10th Most Frequent,Wes Morgan,10003,Jamaica,Defender,"[""Leicester City""]",136
184,Riyad Mahrez,171424,Algeria,Attack,60000000,5,5,Most Frequent,Ederson,238223,Brazil,Goalkeeper,"[""Manchester City""]",188
185,Ian Maatsen,485585,Netherlands,Defender,40000000,1,5,Least Frequent,Bradley Burrowes,1202361,England,Attack,"[""Aston Villa""]",1
185,Ian Maatsen,485585,Netherlands,Defender,40000000,2,5,Low-Mid Tier,Thomas Meunier,100986,Belgium,Defender,"[""Borussia Dortmund""]",4
185,Ian Maatsen,485585,Netherlands,Defender,40000000,3,5,Mid Tier,Enzo Fernández,648195,Argentina,Midfield,"[""Chelsea""]",12
185,Ian Maatsen,485585,Netherlands,Defender,40000000,4,5,10th Most Frequent,Amadou Onana,485706,Belgium,Midfield,"[""Aston Villa""]",54
185,Ian Maatsen,485585,Netherlands,Defender,40000000,5,5,Most Frequent,Ollie Watkins,324358,England,Attack,"[""Aston Villa""]",84
186,Gareth Bale,39381,Wales,Attack,90000000,1,5,Least Frequent,Miguel Gutiérrez,525299,Spain,Defender,"[""Real Madrid""]",1
186,Gareth Bale,39381,Wales,Attack,90000000,2,5,Low-Mid Tier,Jesús Vallejo,251896,Spain,Defender,"[""Real Madrid""]",7
186,Gareth Bale,39381,Wales,Attack,90000000,3,5,Mid Tier,Kyle Naughton,66219,England,Defender,"[""Tottenham""]",19
186,Gareth Bale,39381,Wales,Attack,90000000,4,5,10th Most Frequent,Casemiro,16306,Brazil,Midfield,"[""Real Madrid""]",136
186,Gareth Bale,39381,Wales,Attack,90000000,5,5,Most Frequent,Karim Benzema,18922,France,Attack,"[""Real Madrid""]",224
187,Kevin De Bruyne,88755,Belgium,Midfield,150000000,1,5,Least Frequent,Dodi Lukébakio,303259,Belgium,Attack,"[""Sevilla""]",1
187,Kevin De Bruyne,88755,Belgium,Midfield,150000000,2,5,Low-Mid Tier,Jahmai Simpson-Pusey,942497,England,Defender,"[""Manchester City""]",4
187,Kevin De Bruyne,88755,Belgium,Midfield,150000000,3,5,Mid Tier,Billy Gilmour,423744,Scotland,Midfield,"[""Napoli""]",15
187,Kevin De Bruyne,88755,Belgium,Midfield,150000000,4,5,10th Most Frequent,Nicolás Otamendi,54781,Argentina,Defender,"[""Manchester City""]",161
187,Kevin De Bruyne,88755,Belgium,Midfield,150000000,5,5,Most Frequent,Bernardo Silva,241641,Portugal,Midfield,"[""Manchester City""]",273
188,Georginio Rutter,538977,France,Attack,32000000,1,5,Least Frequent,Joe Knight,978668,England,Midfield,"[""Brighton & Hove Albion""]",1
188,Georginio Rutter,538977,France,Attack,32000000,2,5,Low-Mid Tier,Philipp Pentke,8246,Germany,Goalkeeper,"[""1899 Hoffenheim""]",4
188,Georginio Rutter,538977,France,Attack,32000000,3,5,Mid Tier,Crysencio Summerville,474701,Netherlands,Attack,"[""Leeds United""]",10
188,Georginio Rutter,538977,France,Attack,32000000,4,5,10th Most Frequent,Kevin Vogt,84435,Germany,Defender,"[""1899 Hoffenheim""]",55
188,Georginio Rutter,538977,France,Attack,32000000,5,5,Most Frequent,Jan Paul van Hecke,576314,Netherlands,Defender,"[""Brighton & Hove Albion""]",63
189,Yannick Carrasco,140776,Belgium,Attack,40000000,1,5,Least Frequent,Rodrigo Riquelme,461617,Spain,Attack,"[""Atlético Madrid""]",1
189,Yannick Carrasco,140776,Belgium,Attack,40000000,2,5,Low-Mid Tier,Abdou Diallo,229005,Senegal,Defender,"[""Monaco""]",4
189,Yannick Carrasco,140776,Belgium,Attack,40000000,3,5,Mid Tier,Pablo Barrios,775605,Spain,Midfield,"[""Atlético Madrid""]",26
189,Yannick Carrasco,140776,Belgium,Attack,40000000,4,5,10th Most Frequent,Gabi,22969,Spain,Midfield,"[""Atlético Madrid""]",106
189,Yannick Carrasco,140776,Belgium,Attack,40000000,5,5,Most Frequent,Koke,74229,Spain,Midfield,"[""Atlético Madrid""]",236
190,Jack Grealish,203460,England,Attack,100000000,1,5,Least Frequent,Jacob Wright,983702,England,Midfield,"[""Manchester City""]",1
190,Jack Grealish,203460,England,Attack,100000000,2,5,Low-Mid Tier,Nathan Baker,62638,England,Defender,"[""Aston Villa""]",5
190,Jack Grealish,203460,England,Attack,100000000,3,5,Mid Tier,Jores Okore,129085,Denmark,Defender,"[""Aston Villa""]",17
190,Jack Grealish,203460,England,Attack,100000000,4,5,10th Most Frequent,Manuel Akanji,284730,Switzerland,Defender,"[""Manchester City""]",90
190,Jack Grealish,203460,England,Attack,100000000,5,5,Most Frequent,Bernardo Silva,241641,Portugal,Midfield,"[""Manchester City""]",130
191,Rafael Leão,357164,Portugal,Attack,90000000,1,5,Least Frequent,Samú Costa,657430,Portugal,Midfield,"[""Mallorca""]",1
191,Rafael Leão,357164,Portugal,Attack,90000000,2,5,Low-Mid Tier,Renato Veiga,805714,Portugal,Defender,"[""Villarreal""]",3
191,Rafael Leão,357164,Portugal,Attack,90000000,3,5,Mid Tier,Marco Sportiello,199976,Italy,Goalkeeper,"[""AC Milan""]",12
191,Rafael Leão,357164,Portugal,Attack,90000000,4,5,10th Most Frequent,Christian Pulisic,315779,United States,Attack,"[""AC Milan""]",115
191,Rafael Leão,357164,Portugal,Attack,90000000,5,5,Most Frequent,Theo Hernández,339808,France,Defender,"[""AC Milan""]",226
192,Oleksandr Zinchenko,203853,Ukraine,Defender,42000000,1,5,Least Frequent,Aaron Bouwman,987366,Netherlands,Defender,"[""Ajax Amsterdam""]",1
192,Oleksandr Zinchenko,203853,Ukraine,Defender,42000000,2,5,Low-Mid Tier,Ryan Yates,425902,England,Midfield,"[""Nottingham Forest""]",3
192,Oleksandr Zinchenko,203853,Ukraine,Defender,42000000,3,5,Mid Tier,Riccardo Calafiori,502821,Italy,Defender,"[""Arsenal""]",10
192,Oleksandr Zinchenko,203853,Ukraine,Defender,42000000,4,5,10th Most Frequent,Bukayo Saka,433177,England,Attack,"[""Arsenal""]",77
192,Oleksandr Zinchenko,203853,Ukraine,Defender,42000000,5,5,Most Frequent,Gabriel Jesus,363205,Brazil,Attack,"[""Arsenal"", ""Manchester City""]",136
193,Andrew Robertson,234803,Scotland,Defender,80000000,1,5,Least Frequent,Scott McKenna,255906,Scotland,Defender,"[""GNK Dinamo Zagreb""]",1
193,Andrew Robertson,234803,Scotland,Defender,80000000,2,5,Low-Mid Tier,Freddie Woodman,226049,England,Goalkeeper,"[""Liverpool""]",4
193,Andrew Robertson,234803,Scotland,Defender,80000000,3,5,Mid Tier,Kamil Grosicki,37920,Poland,Attack,"[""Hull City""]",15
193,Andrew Robertson,234803,Scotland,Defender,80000000,4,5,10th Most Frequent,Joe Gomez,256178,England,Defender,"[""Liverpool""]",179
193,Andrew Robertson,234803,Scotland,Defender,80000000,5,5,Most Frequent,Mohamed Salah,148455,Egypt,Attack,"[""Liverpool""]",339
194,Michael Olise,566723,France,Attack,150000000,1,5,Least Frequent,Maxence Lacroix,434224,France,Defender,"[""Crystal Palace""]",1
194,Michael Olise,566723,France,Attack,150000000,2,5,Low-Mid Tier,Désiré Doué,914562,France,Attack,"[""Paris Saint-Germain""]",3
194,Michael Olise,566723,France,Attack,150000000,3,5,Mid Tier,Sam Johnstone,110864,England,Goalkeeper,"[""Crystal Palace""]",14
194,Michael Olise,566723,France,Attack,150000000,4,5,10th Most Frequent,Joachim Andersen,260827,Denmark,Defender,"[""Crystal Palace""]",78
194,Michael Olise,566723,France,Attack,150000000,5,5,Most Frequent,Joshua Kimmich,161056,Germany,Midfield,"[""Bayern Munich""]",100
195,Rio Ferdinand,3235,England,Defender,35000000,1,5,Least Frequent,Reece Grego-Cox,264199,Ireland,Midfield,"[""Queens Park Rangers""]",1
195,Rio Ferdinand,3235,England,Defender,35000000,2,5,Low-Mid Tier,Nick Powell,134424,England,Midfield,"[""Manchester United""]",2
195,Rio Ferdinand,3235,England,Defender,35000000,3,5,Mid Tier,Darren Fletcher,3547,Scotland,Midfield,"[""Manchester United""]",9
195,Rio Ferdinand,3235,England,Defender,35000000,4,5,10th Most Frequent,Ryan Giggs,3406,Wales,Midfield,"[""Manchester United""]",31
195,Rio Ferdinand,3235,England,Defender,35000000,5,5,Most Frequent,Robin van Persie,4380,Netherlands,Attack,"[""Manchester United""]",49
196,Maghnes Akliouche,745200,France,Attack,50000000,1,5,Least Frequent,Désiré Doué,914562,France,Attack,"[""Paris Saint-Germain""]",1
196,Maghnes Akliouche,745200,France,Attack,50000000,2,5,Low-Mid Tier,Saïmon Bouabré,955356,France,Midfield,"[""Monaco""]",2
196,Maghnes Akliouche,745200,France,Attack,50000000,3,5,Mid Tier,Simon Adingra,658536,Cote d'Ivoire,Attack,"[""Monaco""]",14
196,Maghnes Akliouche,745200,France,Attack,50000000,4,5,10th Most Frequent,Philipp Köhn,251322,Switzerland,Goalkeeper,"[""Monaco""]",62
196,Maghnes Akliouche,745200,France,Attack,50000000,5,5,Most Frequent,Aleksandr Golovin,263918,Russia,Midfield,"[""Monaco""]",92
197,Cristiano Ronaldo,8198,Portugal,Attack,120000000,1,5,Least Frequent,Samú Costa,657430,Portugal,Midfield,"[""Mallorca""]",1
197,Cristiano Ronaldo,8198,Portugal,Attack,120000000,2,5,Low-Mid Tier,Álvaro Medrán,253839,Spain,Midfield,"[""Real Madrid""]",3
197,Cristiano Ronaldo,8198,Portugal,Attack,120000000,3,5,Mid Tier,Paul Pogba,122153,France,Midfield,"[""Manchester United""]",21
197,Cristiano Ronaldo,8198,Portugal,Attack,120000000,4,5,10th Most Frequent,Pepe,14132,Portugal,Defender,"[""Real Madrid""]",157
197,Cristiano Ronaldo,8198,Portugal,Attack,120000000,5,5,Most Frequent,Karim Benzema,18922,France,Attack,"[""Real Madrid""]",240
198,Pablo Barrios,775605,Spain,Midfield,60000000,1,5,Least Frequent,Julio Díaz,945753,Spain,Defender,"[""Atlético Madrid""]",1
198,Pablo Barrios,775605,Spain,Midfield,60000000,2,5,Low-Mid Tier,Gabriel Paulista,149498,Brazil,Defender,"[""Atlético Madrid""]",3
198,Pablo Barrios,775605,Spain,Midfield,60000000,3,5,Mid Tier,Matteo Ruggeri,616631,Italy,Defender,"[""Atlético Madrid""]",25
198,Pablo Barrios,775605,Spain,Midfield,60000000,4,5,10th Most Frequent,Giuliano Simeone,742201,Argentina,Attack,"[""Atlético Madrid""]",71
198,Pablo Barrios,775605,Spain,Midfield,60000000,5,5,Most Frequent,Antoine Griezmann,125781,France,Attack,"[""Atlético Madrid""]",130
199,Cristhian Mosquera,646750,Spain,Defender,40000000,1,5,Least Frequent,Jaden Dixon,1011139,England,Defender,"[""Arsenal""]",1
199,Cristhian Mosquera,646750,Spain,Defender,40000000,2,5,Low-Mid Tier,Bryan Gil,537382,Spain,Attack,"[""Valencia""]",3
199,Cristhian Mosquera,646750,Spain,Defender,40000000,3,5,Mid Tier,Max Dowman,1187629,England,Attack,"[""Arsenal""]",11
199,Cristhian Mosquera,646750,Spain,Defender,40000000,4,5,10th Most Frequent,José Gayà,221322,Spain,Defender,"[""Valencia""]",52
199,Cristhian Mosquera,646750,Spain,Defender,40000000,5,5,Most Frequent,Hugo Duro,573775,Spain,Attack,"[""Valencia""]",76
200,Marcos Llorente,282411,Spain,Defender,80000000,1,5,Least Frequent,Yéremy Pino,568157,Spain,Attack,"[""Villarreal""]",1
200,Marcos Llorente,282411,Spain,Defender,80000000,2,5,Low-Mid Tier,Aymeric Laporte,176553,Spain,Defender,"[""Athletic Bilbao""]",2
200,Marcos Llorente,282411,Spain,Defender,80000000,3,5,Mid Tier,Raúl Carnero,139434,Spain,Defender,"[""Deportivo Alavés""]",16
200,Marcos Llorente,282411,Spain,Defender,80000000,4,5,10th Most Frequent,Mario Hermoso,281769,Spain,Defender,"[""Atlético Madrid""]",139
200,Marcos Llorente,282411,Spain,Defender,80000000,5,5,Most Frequent,Jan Oblak,121483,Slovenia,Goalkeeper,"[""Atlético Madrid""]",278
201,Kylian Mbappé,342229,France,Attack,200000000,1,5,Least Frequent,Maxence Lacroix,434224,France,Defender,"[""Crystal Palace""]",1
201,Kylian Mbappé,342229,France,Attack,200000000,2,5,Low-Mid Tier,Michael Olise,566723,France,Attack,"[""Bayern Munich""]",3
201,Kylian Mbappé,342229,France,Attack,200000000,3,5,Mid Tier,Yuri Berchiche,61812,Spain,Defender,"[""Paris Saint-Germain""]",19
201,Kylian Mbappé,342229,France,Attack,200000000,4,5,10th Most Frequent,Thilo Kehrer,228948,Germany,Defender,"[""Paris Saint-Germain""]",95
201,Kylian Mbappé,342229,France,Attack,200000000,5,5,Most Frequent,Marquinhos,181767,Brazil,Defender,"[""Paris Saint-Germain""]",213
202,Davide Frattesi,394300,Italy,Midfield,35000000,1,5,Least Frequent,Mattia Mosconi,1008570,Italy,Attack,"[""Inter Milan""]",1
202,Davide Frattesi,394300,Italy,Midfield,35000000,2,5,Low-Mid Tier,Brian Oddei,546176,Ghana,Attack,"[""Sassuolo""]",2
202,Davide Frattesi,394300,Italy,Midfield,35000000,3,5,Mid Tier,Emil Konradsen Ceide,508371,Norway,Attack,"[""Sassuolo""]",25
202,Davide Frattesi,394300,Italy,Midfield,35000000,4,5,10th Most Frequent,Denzel Dumfries,321528,Netherlands,Defender,"[""Inter Milan""]",83
202,Davide Frattesi,394300,Italy,Midfield,35000000,5,5,Most Frequent,Nicolò Barella,255942,Italy,Midfield,"[""Inter Milan""]",105
203,António Silva,650568,Portugal,Defender,45000000,1,5,Least Frequent,Gonçalo Moreira,1061744,Portugal,Midfield,"[""SL Benfica""]",1
203,António Silva,650568,Portugal,Defender,45000000,2,5,Low-Mid Tier,Sidny Lopes Cabral,611855,Cape Verde,Defender,"[""SL Benfica""]",5
203,António Silva,650568,Portugal,Defender,45000000,3,5,Mid Tier,Enzo Fernández,648195,Argentina,Midfield,"[""SL Benfica""]",19
203,António Silva,650568,Portugal,Defender,45000000,4,5,10th Most Frequent,Ángel Di María,45320,Argentina,Attack,"[""SL Benfica""]",67
203,António Silva,650568,Portugal,Defender,45000000,5,5,Most Frequent,Fredrik Aursnes,223367,Norway,Midfield,"[""SL Benfica""]",147
204,Declan Rice,357662,England,Midfield,120000000,1,5,Least Frequent,John Stones,186590,England,Defender,"[""Manchester City""]",1
204,Declan Rice,357662,England,Midfield,120000000,2,5,Low-Mid Tier,José Fonte,33829,Portugal,Defender,"[""West Ham United""]",4
204,Declan Rice,357662,England,Midfield,120000000,3,5,Mid Tier,Kieran Tierney,300716,Scotland,Defender,"[""Arsenal""]",19
204,Declan Rice,357662,England,Midfield,120000000,4,5,10th Most Frequent,Tomáš Souček,283628,Czech Republic,Midfield,"[""West Ham United""]",131
204,Declan Rice,357662,England,Midfield,120000000,5,5,Most Frequent,Aaron Cresswell,92571,England,Defender,"[""West Ham United""]",178
205,Carlos Baleba,973085,Cameroon,Midfield,60000000,1,5,Least Frequent,Georges-Kevin N'Koudou,215679,Cameroon,Attack,"[""Damac""]",1
205,Carlos Baleba,973085,Cameroon,Midfield,60000000,2,5,Low-Mid Tier,Frank Magri,807689,Cameroon,Attack,"[""Toulouse""]",3
205,Carlos Baleba,973085,Cameroon,Midfield,60000000,3,5,Mid Tier,Adam Ounas,400485,Algeria,Attack,"[""LOSC Lille""]",13
205,Carlos Baleba,973085,Cameroon,Midfield,60000000,4,5,10th Most Frequent,Simon Adingra,658536,Cote d'Ivoire,Attack,"[""Brighton & Hove Albion""]",57
205,Carlos Baleba,973085,Cameroon,Midfield,60000000,5,5,Most Frequent,Jan Paul van Hecke,576314,Netherlands,Defender,"[""Brighton & Hove Albion""]",95
206,Emre Can,119296,Germany,Defender,40000000,1,5,Least Frequent,Samuele Inácio,1058359,Italy,Attack,"[""Borussia Dortmund""]",1
206,Emre Can,119296,Germany,Defender,40000000,2,5,Low-Mid Tier,Dominik Kohr,118847,Germany,Defender,"[""Bayer Leverkusen""]",4
206,Emre Can,119296,Germany,Defender,40000000,3,5,Mid Tier,Jens Hegeler,51168,Germany,Midfield,"[""Bayer Leverkusen""]",20
206,Emre Can,119296,Germany,Defender,40000000,4,5,10th Most Frequent,Dejan Lovren,37838,Croatia,Defender,"[""Liverpool""]",104
206,Emre Can,119296,Germany,Defender,40000000,5,5,Most Frequent,Julian Brandt,187492,Germany,Midfield,"[""Borussia Dortmund"", ""Bayer Leverkusen""]",210
207,Thomas Müller,58358,Germany,Attack,75000000,1,5,Least Frequent,Tom Bischof,822959,Germany,Midfield,"[""Bayern Munich""]",1
207,Thomas Müller,58358,Germany,Attack,75000000,2,5,Low-Mid Tier,Emre Can,119296,Germany,Defender,"[""Bayern Munich""]",4
207,Thomas Müller,58358,Germany,Attack,75000000,3,5,Mid Tier,Sebastian Rudy,57051,Germany,Midfield,"[""Bayern Munich""]",27
207,Thomas Müller,58358,Germany,Attack,75000000,4,5,10th Most Frequent,Alphonso Davies,424204,Canada,Defender,"[""Bayern Munich""]",201
207,Thomas Müller,58358,Germany,Attack,75000000,5,5,Most Frequent,Manuel Neuer,17259,Germany,Goalkeeper,"[""Bayern Munich""]",418
208,Dušan Vlahović,357498,Serbia,Attack,85000000,1,5,Least Frequent,Lorenzo Anghelè,925848,Italy,Attack,"[""Juventus""]",1
208,Dušan Vlahović,357498,Serbia,Attack,85000000,2,5,Low-Mid Tier,Edimilson Fernandes,247555,Switzerland,Midfield,"[""ACF Fiorentina""]",6
208,Dušan Vlahović,357498,Serbia,Attack,85000000,3,5,Mid Tier,Álvaro Morata,128223,Spain,Attack,"[""Juventus""]",19
208,Dušan Vlahović,357498,Serbia,Attack,85000000,4,5,10th Most Frequent,Bremer,516716,Brazil,Defender,"[""Juventus""]",87
208,Dušan Vlahović,357498,Serbia,Attack,85000000,5,5,Most Frequent,Manuel Locatelli,265088,Italy,Midfield,"[""Juventus""]",147
209,Viktor Tsygankov,264372,Ukraine,Attack,30000000,1,5,Least Frequent,Gibert Jordana,1319444,Spain,Defender,"[""Girona""]",1
209,Viktor Tsygankov,264372,Ukraine,Attack,30000000,2,5,Low-Mid Tier,Mykyta Kravchenko,370399,Ukraine,Defender,"[""Dynamo Kyiv""]",5
209,Viktor Tsygankov,264372,Ukraine,Attack,30000000,3,5,Mid Tier,Maksym Koval,120211,Ukraine,Goalkeeper,"[""Dynamo Kyiv""]",18
209,Viktor Tsygankov,264372,Ukraine,Attack,30000000,4,5,10th Most Frequent,Mykola Shaparenko,368611,Ukraine,Midfield,"[""Dynamo Kyiv""]",103
209,Viktor Tsygankov,264372,Ukraine,Attack,30000000,5,5,Most Frequent,Vitaliy Buyalskyi,167722,Ukraine,Midfield,"[""Dynamo Kyiv""]",168
210,Hulk,80562,Brazil,Attack,48000000,1,5,Least Frequent,Maksim Palienko,271497,Russia,Midfield,"[""AO Zenit Sankt-Peterburg""]",1
210,Hulk,80562,Brazil,Attack,48000000,2,5,Low-Mid Tier,Maicon,84695,Brazil,Defender,"[""Porto""]",3
210,Hulk,80562,Brazil,Attack,48000000,3,5,Mid Tier,Aleksandar Lukovic,19712,Serbia,Defender,"[""AO Zenit Sankt-Peterburg""]",8
210,Hulk,80562,Brazil,Attack,48000000,4,5,10th Most Frequent,Viktor Faizulin,40254,Russia,Midfield,"[""AO Zenit Sankt-Peterburg""]",82
210,Hulk,80562,Brazil,Attack,48000000,5,5,Most Frequent,Axel Witsel,35047,Belgium,Midfield,"[""AO Zenit Sankt-Peterburg""]",136
211,Dušan Vlahović,357498,Serbia,Attack,85000000,1,5,Least Frequent,Lorenzo Anghelè,925848,Italy,Attack,"[""Juventus""]",1
211,Dušan Vlahović,357498,Serbia,Attack,85000000,2,5,Low-Mid Tier,Edimilson Fernandes,247555,Switzerland,Midfield,"[""ACF Fiorentina""]",6
211,Dušan Vlahović,357498,Serbia,Attack,85000000,3,5,Mid Tier,Álvaro Morata,128223,Spain,Attack,"[""Juventus""]",19
211,Dušan Vlahović,357498,Serbia,Attack,85000000,4,5,10th Most Frequent,Bremer,516716,Brazil,Defender,"[""Juventus""]",87
211,Dušan Vlahović,357498,Serbia,Attack,85000000,5,5,Most Frequent,Manuel Locatelli,265088,Italy,Midfield,"[""Juventus""]",147
212,Dušan Vlahović,357498,Serbia,Attack,85000000,1,5,Least Frequent,Lorenzo Anghelè,925848,Italy,Attack,"[""Juventus""]",1
212,Dušan Vlahović,357498,Serbia,Attack,85000000,2,5,Low-Mid Tier,Edimilson Fernandes,247555,Switzerland,Midfield,"[""ACF Fiorentina""]",6
212,Dušan Vlahović,357498,Serbia,Attack,85000000,3,5,Mid Tier,Álvaro Morata,128223,Spain,Attack,"[""Juventus""]",19
212,Dušan Vlahović,357498,Serbia,Attack,85000000,4,5,10th Most Frequent,Bremer,516716,Brazil,Defender,"[""Juventus""]",87
212,Dušan Vlahović,357498,Serbia,Attack,85000000,5,5,Most Frequent,Manuel Locatelli,265088,Italy,Midfield,"[""Juventus""]",147
213,Eric García,466794,Spain,Defender,40000000,1,5,Least Frequent,Tommy Marqués,938156,Spain,Midfield,"[""Barcelona""]",1
213,Eric García,466794,Spain,Defender,40000000,2,5,Low-Mid Tier,Claudio Bravo,40423,Chile,Goalkeeper,"[""Manchester City""]",5
213,Eric García,466794,Spain,Defender,40000000,3,5,Mid Tier,Ederson,238223,Brazil,Goalkeeper,"[""Manchester City""]",20
213,Eric García,466794,Spain,Defender,40000000,4,5,10th Most Frequent,Lamine Yamal,937958,Spain,Attack,"[""Barcelona""]",86
213,Eric García,466794,Spain,Defender,40000000,5,5,Most Frequent,Ferran Torres,398184,Spain,Attack,"[""Barcelona"", ""Manchester City""]",138
214,Bradley Barcola,708265,France,Attack,70000000,1,5,Least Frequent,Maxence Lacroix,434224,France,Defender,"[""Crystal Palace""]",1
214,Bradley Barcola,708265,France,Attack,70000000,2,5,Low-Mid Tier,Axel Tape,1077670,France,Defender,"[""Paris Saint-Germain""]",2
214,Bradley Barcola,708265,France,Attack,70000000,3,5,Mid Tier,Lucas Paquetá,444523,Brazil,Midfield,"[""Olympique Lyon""]",12
214,Bradley Barcola,708265,France,Attack,70000000,4,5,10th Most Frequent,Nuno Mendes,616341,Portugal,Defender,"[""Paris Saint-Germain""]",90
214,Bradley Barcola,708265,France,Attack,70000000,5,5,Most Frequent,Vitinha,487469,Portugal,Midfield,"[""Paris Saint-Germain""]",127
215,Roberto Firmino,131789,Brazil,Attack,90000000,1,5,Least Frequent,Calvin Ramsay,633652,Scotland,Defender,"[""Liverpool""]",1
215,Roberto Firmino,131789,Brazil,Attack,90000000,2,5,Low-Mid Tier,Sheyi Ojo,236510,England,Attack,"[""Liverpool""]",6
215,Roberto Firmino,131789,Brazil,Attack,90000000,3,5,Mid Tier,Neco Williams,503680,Wales,Defender,"[""Liverpool""]",21
215,Roberto Firmino,131789,Brazil,Attack,90000000,4,5,10th Most Frequent,Fabinho,225693,Brazil,Midfield,"[""Liverpool""]",169
215,Roberto Firmino,131789,Brazil,Attack,90000000,5,5,Most Frequent,James Milner,3333,England,Midfield,"[""Liverpool""]",272
216,Dango Ouattara,823231,Burkina Faso,Attack,35000000,1,5,Least Frequent,Luka Bentt,1407213,Belgium,Midfield,"[""Brentford""]",1
216,Dango Ouattara,823231,Burkina Faso,Attack,35000000,2,5,Low-Mid Tier,Jérôme Hergault,314912,France,Defender,"[""Lorient""]",4
216,Dango Ouattara,823231,Burkina Faso,Attack,35000000,3,5,Mid Tier,Chris Mepham,480987,Wales,Defender,"[""Bournemouth""]",16
216,Dango Ouattara,823231,Burkina Faso,Attack,35000000,4,5,10th Most Frequent,Philip Billing,320411,Denmark,Midfield,"[""Bournemouth""]",49
216,Dango Ouattara,823231,Burkina Faso,Attack,35000000,5,5,Most Frequent,Ryan Christie,188077,Scotland,Midfield,"[""Bournemouth""]",75
217,Amine Gouiri,418659,Algeria,Attack,50000000,1,5,Least Frequent,Samir Chergui,668167,Algeria,Defender,"[""Paris""]",1
217,Amine Gouiri,418659,Algeria,Attack,50000000,2,5,Low-Mid Tier,Mouctar Diakhaby,346289,Guinea,Defender,"[""Olympique Lyon""]",3
217,Amine Gouiri,418659,Algeria,Attack,50000000,3,5,Mid Tier,Anthony Lopes,60561,Portugal,Goalkeeper,"[""Olympique Lyon""]",10
217,Amine Gouiri,418659,Algeria,Attack,50000000,4,5,10th Most Frequent,Désiré Doué,914562,France,Attack,"[""Stade Rennais""]",62
217,Amine Gouiri,418659,Algeria,Attack,50000000,5,5,Most Frequent,Steve Mandanda,23951,France,Goalkeeper,"[""Stade Rennais""]",91
218,Roberto Firmino,131789,Brazil,Attack,90000000,1,5,Least Frequent,Calvin Ramsay,633652,Scotland,Defender,"[""Liverpool""]",1
218,Roberto Firmino,131789,Brazil,Attack,90000000,2,5,Low-Mid Tier,Sheyi Ojo,236510,England,Attack,"[""Liverpool""]",6
218,Roberto Firmino,131789,Brazil,Attack,90000000,3,5,Mid Tier,Neco Williams,503680,Wales,Defender,"[""Liverpool""]",21
218,Roberto Firmino,131789,Brazil,Attack,90000000,4,5,10th Most Frequent,Fabinho,225693,Brazil,Midfield,"[""Liverpool""]",169
218,Roberto Firmino,131789,Brazil,Attack,90000000,5,5,Most Frequent,James Milner,3333,England,Midfield,"[""Liverpool""]",272
219,Roberto Firmino,131789,Brazil,Attack,90000000,1,5,Least Frequent,Calvin Ramsay,633652,Scotland,Defender,"[""Liverpool""]",1
219,Roberto Firmino,131789,Brazil,Attack,90000000,2,5,Low-Mid Tier,Sheyi Ojo,236510,England,Attack,"[""Liverpool""]",6
219,Roberto Firmino,131789,Brazil,Attack,90000000,3,5,Mid Tier,Neco Williams,503680,Wales,Defender,"[""Liverpool""]",21
219,Roberto Firmino,131789,Brazil,Attack,90000000,4,5,10th Most Frequent,Fabinho,225693,Brazil,Midfield,"[""Liverpool""]",169
219,Roberto Firmino,131789,Brazil,Attack,90000000,5,5,Most Frequent,James Milner,3333,England,Midfield,"[""Liverpool""]",272
220,Vitor Roque,943837,Brazil,Attack,40000000,1,5,Least Frequent,Mayke,147361,Brazil,Defender,"[""Sociedade Esportiva Palmeiras""]",1
220,Vitor Roque,943837,Brazil,Attack,40000000,2,5,Low-Mid Tier,Alejandro Balde,636688,Spain,Defender,"[""Barcelona""]",3
220,Vitor Roque,943837,Brazil,Attack,40000000,3,5,Mid Tier,Héctor Fort,937955,Spain,Defender,"[""Barcelona""]",8
220,Vitor Roque,943837,Brazil,Attack,40000000,4,5,10th Most Frequent,Cédric Bakambu,127048,DR Congo,Attack,"[""Real Betis Balompié""]",17
220,Vitor Roque,943837,Brazil,Attack,40000000,5,5,Most Frequent,Diego Llorente,246291,Spain,Defender,"[""Real Betis Balompié""]",23
221,Loïs Openda,368887,Belgium,Attack,60000000,1,5,Least Frequent,Faik Sakar,1132292,Germany,Midfield,"[""RB Leipzig""]",1
221,Loïs Openda,368887,Belgium,Attack,60000000,2,5,Low-Mid Tier,Karlo Letica,318707,Croatia,Goalkeeper,"[""Brugge KV""]",8
221,Loïs Openda,368887,Belgium,Attack,60000000,3,5,Mid Tier,Enzo Cornelisse,607164,Netherlands,Midfield,"[""Vitesse Arnhem""]",20
221,Loïs Openda,368887,Belgium,Attack,60000000,4,5,10th Most Frequent,Yussuf Poulsen,157635,Denmark,Attack,"[""RB Leipzig""]",65
221,Loïs Openda,368887,Belgium,Attack,60000000,5,5,Most Frequent,Benjamin Sesko,627442,Slovenia,Attack,"[""RB Leipzig""]",87
222,Jérémy Doku,486049,Belgium,Attack,75000000,1,5,Least Frequent,Nathan Ngoy,548254,Belgium,Defender,"[""LOSC Lille""]",1
222,Jérémy Doku,486049,Belgium,Attack,75000000,2,5,Low-Mid Tier,Marko Pjaca,205940,Croatia,Attack,"[""RSC Anderlecht""]",3
222,Jérémy Doku,486049,Belgium,Attack,75000000,3,5,Mid Tier,Jeanuël Belocian,919515,France,Defender,"[""Stade Rennais""]",13
222,Jérémy Doku,486049,Belgium,Attack,75000000,4,5,10th Most Frequent,Adrien Truffert,654539,France,Defender,"[""Stade Rennais""]",67
222,Jérémy Doku,486049,Belgium,Attack,75000000,5,5,Most Frequent,Bernardo Silva,241641,Portugal,Midfield,"[""Manchester City""]",111
223,Mário Fernandes,102740,Russia,Defender,30000000,1,5,Least Frequent,Vladislav Torop,555146,Russia,Goalkeeper,"[""PFK CSKA Moskva""]",1
223,Mário Fernandes,102740,Russia,Defender,30000000,2,5,Low-Mid Tier,Aleksandr Erokhin,84483,Russia,Midfield,"[""AO Zenit Sankt-Peterburg""]",9
223,Mário Fernandes,102740,Russia,Defender,30000000,3,5,Mid Tier,Ivan Sergeev,395659,Russia,Attack,"[""AO Zenit Sankt-Peterburg""]",16
223,Mário Fernandes,102740,Russia,Defender,30000000,4,5,10th Most Frequent,Ahmed Musa,168337,Nigeria,Attack,"[""PFK CSKA Moskva""]",129
223,Mário Fernandes,102740,Russia,Defender,30000000,5,5,Most Frequent,Igor Akinfeev,15570,Russia,Goalkeeper,"[""PFK CSKA Moskva""]",316
224,Joel Matip,82105,Cameroon,Defender,40000000,1,5,Least Frequent,Calum Scanlon,796298,England,Defender,"[""Liverpool""]",1
224,Joel Matip,82105,Cameroon,Defender,40000000,2,5,Low-Mid Tier,Stefan Bajcetic,864799,Spain,Midfield,"[""Liverpool""]",8
224,Joel Matip,82105,Cameroon,Defender,40000000,3,5,Mid Tier,Tim Hoogland,18833,Germany,Defender,"[""Schalke 04""]",21
224,Joel Matip,82105,Cameroon,Defender,40000000,4,5,10th Most Frequent,Virgil van Dijk,139208,Netherlands,Defender,"[""Liverpool""]",108
224,Joel Matip,82105,Cameroon,Defender,40000000,5,5,Most Frequent,Mohamed Salah,148455,Egypt,Attack,"[""Liverpool""]",154
225,Jérémy Doku,486049,Belgium,Attack,75000000,1,5,Least Frequent,Nathan Ngoy,548254,Belgium,Defender,"[""LOSC Lille""]",1
225,Jérémy Doku,486049,Belgium,Attack,75000000,2,5,Low-Mid Tier,Marko Pjaca,205940,Croatia,Attack,"[""RSC Anderlecht""]",3
225,Jérémy Doku,486049,Belgium,Attack,75000000,3,5,Mid Tier,Jeanuël Belocian,919515,France,Defender,"[""Stade Rennais""]",13
225,Jérémy Doku,486049,Belgium,Attack,75000000,4,5,10th Most Frequent,Adrien Truffert,654539,France,Defender,"[""Stade Rennais""]",67
225,Jérémy Doku,486049,Belgium,Attack,75000000,5,5,Most Frequent,Bernardo Silva,241641,Portugal,Midfield,"[""Manchester City""]",111
226,Jérémy Doku,486049,Belgium,Attack,75000000,1,5,Least Frequent,Nathan Ngoy,548254,Belgium,Defender,"[""LOSC Lille""]",1
226,Jérémy Doku,486049,Belgium,Attack,75000000,2,5,Low-Mid Tier,Marko Pjaca,205940,Croatia,Attack,"[""RSC Anderlecht""]",3
226,Jérémy Doku,486049,Belgium,Attack,75000000,3,5,Mid Tier,Jeanuël Belocian,919515,France,Defender,"[""Stade Rennais""]",13
226,Jérémy Doku,486049,Belgium,Attack,75000000,4,5,10th Most Frequent,Adrien Truffert,654539,France,Defender,"[""Stade Rennais""]",67
226,Jérémy Doku,486049,Belgium,Attack,75000000,5,5,Most Frequent,Bernardo Silva,241641,Portugal,Midfield,"[""Manchester City""]",111
227,Mario Götze,74842,Germany,Midfield,55000000,1,5,Least Frequent,Love Arrhov,1184986,Sweden,Midfield,"[""Eintracht Frankfurt""]",1
227,Mario Götze,74842,Germany,Midfield,55000000,2,5,Low-Mid Tier,Adrián Ramos,73782,Colombia,Attack,"[""Borussia Dortmund""]",7
227,Mario Götze,74842,Germany,Midfield,55000000,3,5,Mid Tier,Felipe Santana,54312,Brazil,Defender,"[""Borussia Dortmund""]",24
227,Mario Götze,74842,Germany,Midfield,55000000,4,5,10th Most Frequent,Robin Koch,328784,Germany,Defender,"[""Eintracht Frankfurt""]",89
227,Mario Götze,74842,Germany,Midfield,55000000,5,5,Most Frequent,Lukasz Piszczek,25727,Poland,Defender,"[""Borussia Dortmund""]",113
228,Adam Wharton,744149,England,Midfield,70000000,1,5,Least Frequent,Rio Cardines,1047257,Trinidad and Tobago,Defender,"[""Crystal Palace""]",1
228,Adam Wharton,744149,England,Midfield,70000000,2,5,Low-Mid Tier,David Ozoh,865993,England,Midfield,"[""Crystal Palace""]",3
228,Adam Wharton,744149,England,Midfield,70000000,3,5,Mid Tier,Joel Ward,92572,England,Defender,"[""Crystal Palace""]",12
228,Adam Wharton,744149,England,Midfield,70000000,4,5,10th Most Frequent,Marc Guéhi,392757,England,Defender,"[""Crystal Palace""]",52
228,Adam Wharton,744149,England,Midfield,70000000,5,5,Most Frequent,Tyrick Mitchell,730893,England,Defender,"[""Crystal Palace""]",79
229,Pau Cubarsí,962110,Spain,Defender,80000000,1,5,Least Frequent,Pedro Porro,553875,Spain,Defender,"[""Tottenham""]",1
229,Pau Cubarsí,962110,Spain,Defender,80000000,2,5,Low-Mid Tier,Mikel Merino,338424,Spain,Midfield,"[""Arsenal""]",3
229,Pau Cubarsí,962110,Spain,Defender,80000000,3,5,Mid Tier,João Félix,462250,Portugal,Attack,"[""Barcelona""]",19
229,Pau Cubarsí,962110,Spain,Defender,80000000,4,5,10th Most Frequent,Eric García,466794,Spain,Defender,"[""Barcelona""]",83
229,Pau Cubarsí,962110,Spain,Defender,80000000,5,5,Most Frequent,Lamine Yamal,937958,Spain,Attack,"[""Barcelona""]",116
230,Daichi Kamada,356141,Japan,Midfield,30000000,1,5,Least Frequent,Yuto Nagatomo,79522,Japan,Defender,"[""Tokyo""]",1
230,Daichi Kamada,356141,Japan,Midfield,30000000,2,5,Low-Mid Tier,Junya Ito,348791,Japan,Attack,"[""KRC Genk""]",3
230,Daichi Kamada,356141,Japan,Midfield,30000000,3,5,Mid Tier,Jørgen Strand Larsen,429983,Norway,Attack,"[""Crystal Palace""]",14
230,Daichi Kamada,356141,Japan,Midfield,30000000,4,5,10th Most Frequent,Timothy Chandler,49723,United States,Defender,"[""Eintracht Frankfurt""]",73
230,Daichi Kamada,356141,Japan,Midfield,30000000,5,5,Most Frequent,Kevin Trapp,45672,Germany,Goalkeeper,"[""Eintracht Frankfurt""]",152
231,Emile Smith Rowe,392765,England,Midfield,40000000,1,5,Least Frequent,Charles Sagoe Jr,796037,England,Attack,"[""Arsenal""]",1
231,Emile Smith Rowe,392765,England,Midfield,40000000,2,5,Low-Mid Tier,Carl Jenkinson,126321,England,Defender,"[""Arsenal""]",1
231,Emile Smith Rowe,392765,England,Midfield,40000000,3,5,Mid Tier,Benjamin Lecomte,127181,France,Goalkeeper,"[""Fulham""]",6
231,Emile Smith Rowe,392765,England,Midfield,40000000,4,5,10th Most Frequent,Joachim Andersen,260827,Denmark,Defender,"[""Fulham""]",64
231,Emile Smith Rowe,392765,England,Midfield,40000000,5,5,Most Frequent,Bernd Leno,72476,Germany,Goalkeeper,"[""Arsenal"", ""Fulham""]",107
232,Pau Cubarsí,962110,Spain,Defender,80000000,1,5,Least Frequent,Pedro Porro,553875,Spain,Defender,"[""Tottenham""]",1
232,Pau Cubarsí,962110,Spain,Defender,80000000,2,5,Low-Mid Tier,Mikel Merino,338424,Spain,Midfield,"[""Arsenal""]",3
232,Pau Cubarsí,962110,Spain,Defender,80000000,3,5,Mid Tier,João Félix,462250,Portugal,Attack,"[""Barcelona""]",19
232,Pau Cubarsí,962110,Spain,Defender,80000000,4,5,10th Most Frequent,Eric García,466794,Spain,Defender,"[""Barcelona""]",83
232,Pau Cubarsí,962110,Spain,Defender,80000000,5,5,Most Frequent,Lamine Yamal,937958,Spain,Attack,"[""Barcelona""]",116
233,Pau Cubarsí,962110,Spain,Defender,80000000,1,5,Least Frequent,Pedro Porro,553875,Spain,Defender,"[""Tottenham""]",1
233,Pau Cubarsí,962110,Spain,Defender,80000000,2,5,Low-Mid Tier,Mikel Merino,338424,Spain,Midfield,"[""Arsenal""]",3
233,Pau Cubarsí,962110,Spain,Defender,80000000,3,5,Mid Tier,João Félix,462250,Portugal,Attack,"[""Barcelona""]",19
233,Pau Cubarsí,962110,Spain,Defender,80000000,4,5,10th Most Frequent,Eric García,466794,Spain,Defender,"[""Barcelona""]",83
233,Pau Cubarsí,962110,Spain,Defender,80000000,5,5,Most Frequent,Lamine Yamal,937958,Spain,Attack,"[""Barcelona""]",116
234,Joan García,561613,Spain,Goalkeeper,45000000,1,5,Least Frequent,Wojciech Szczesny,44058,Poland,Goalkeeper,"[""Barcelona""]",1
234,Joan García,561613,Spain,Goalkeeper,45000000,2,5,Low-Mid Tier,Jofre Torrents,1009765,Spain,Defender,"[""Barcelona""]",3
234,Joan García,561613,Spain,Goalkeeper,45000000,3,5,Mid Tier,Andreas Christensen,196948,Denmark,Defender,"[""Barcelona""]",11
234,Joan García,561613,Spain,Goalkeeper,45000000,4,5,10th Most Frequent,Alex Král,337333,Czech Republic,Midfield,"[""Espanyol Barcelona""]",37
234,Joan García,561613,Spain,Goalkeeper,45000000,5,5,Most Frequent,Javi Puado,408471,Spain,Attack,"[""Espanyol Barcelona""]",42
235,Reece James,472423,England,Defender,70000000,1,5,Least Frequent,Eberechi Eze,479999,England,Midfield,"[""Arsenal""]",1
235,Reece James,472423,England,Defender,70000000,2,5,Low-Mid Tier,Kenedy,281404,Brazil,Attack,"[""Chelsea""]",2
235,Reece James,472423,England,Defender,70000000,3,5,Mid Tier,Christopher Nkunku,344381,France,Attack,"[""Chelsea""]",16
235,Reece James,472423,England,Defender,70000000,4,5,10th Most Frequent,Enzo Fernández,648195,Argentina,Midfield,"[""Chelsea""]",80
235,Reece James,472423,England,Defender,70000000,5,5,Most Frequent,Mason Mount,346483,England,Midfield,"[""Chelsea""]",128
236,Josko Gvardiol,475959,Croatia,Defender,80000000,1,5,Least Frequent,Luka Sucic,502722,Croatia,Midfield,"[""Real Sociedad""]",1
236,Josko Gvardiol,475959,Croatia,Defender,80000000,2,5,Low-Mid Tier,Martin Baturina,580451,Croatia,Midfield,"[""Como 1907""]",3
236,Josko Gvardiol,475959,Croatia,Defender,80000000,3,5,Mid Tier,Gianluigi Donnarumma,315858,Italy,Goalkeeper,"[""Manchester City""]",22
236,Josko Gvardiol,475959,Croatia,Defender,80000000,4,5,10th Most Frequent,Dominik Szoboszlai,451276,Hungary,Midfield,"[""RB Leipzig""]",77
236,Josko Gvardiol,475959,Croatia,Defender,80000000,5,5,Most Frequent,Bernardo Silva,241641,Portugal,Midfield,"[""Manchester City""]",104
237,Mats Wieffer,415381,Netherlands,Defender,30000000,1,5,Least Frequent,Joe Knight,978668,England,Midfield,"[""Brighton & Hove Albion""]",1
237,Mats Wieffer,415381,Netherlands,Defender,30000000,2,5,Low-Mid Tier,Solly March,209212,England,Attack,"[""Brighton & Hove Albion""]",8
237,Mats Wieffer,415381,Netherlands,Defender,30000000,3,5,Mid Tier,Ondrej Lingr,321195,Czech Republic,Midfield,"[""Feyenoord Rotterdam""]",23
237,Mats Wieffer,415381,Netherlands,Defender,30000000,4,5,10th Most Frequent,Alireza Jahanbakhsh,213268,Iran,Attack,"[""Feyenoord Rotterdam""]",49
237,Mats Wieffer,415381,Netherlands,Defender,30000000,5,5,Most Frequent,Yankuba Minteh,1012534,The Gambia,Attack,"[""Feyenoord Rotterdam"", ""Brighton & Hove Albion""]",80
238,Levi Colwill,614258,England,Defender,55000000,1,5,Least Frequent,Jesse Derry,1135611,England,Attack,"[""Chelsea""]",1
238,Levi Colwill,614258,England,Defender,55000000,2,5,Low-Mid Tier,Mason Burstow,874080,England,Attack,"[""Chelsea""]",3
238,Levi Colwill,614258,England,Defender,55000000,3,5,Mid Tier,Jason Steele,73564,England,Goalkeeper,"[""Brighton & Hove Albion""]",11
238,Levi Colwill,614258,England,Defender,55000000,4,5,10th Most Frequent,Christopher Nkunku,344381,France,Attack,"[""Chelsea""]",36
238,Levi Colwill,614258,England,Defender,55000000,5,5,Most Frequent,Moisés Caicedo,687626,Ecuador,Midfield,"[""Chelsea"", ""Brighton & Hove Albion""]",89
239,Josko Gvardiol,475959,Croatia,Defender,80000000,1,5,Least Frequent,Luka Sucic,502722,Croatia,Midfield,"[""Real Sociedad""]",1
239,Josko Gvardiol,475959,Croatia,Defender,80000000,2,5,Low-Mid Tier,Martin Baturina,580451,Croatia,Midfield,"[""Como 1907""]",3
239,Josko Gvardiol,475959,Croatia,Defender,80000000,3,5,Mid Tier,Gianluigi Donnarumma,315858,Italy,Goalkeeper,"[""Manchester City""]",22
239,Josko Gvardiol,475959,Croatia,Defender,80000000,4,5,10th Most Frequent,Dominik Szoboszlai,451276,Hungary,Midfield,"[""RB Leipzig""]",77
239,Josko Gvardiol,475959,Croatia,Defender,80000000,5,5,Most Frequent,Bernardo Silva,241641,Portugal,Midfield,"[""Manchester City""]",104
240,Josko Gvardiol,475959,Croatia,Defender,80000000,1,5,Least Frequent,Luka Sucic,502722,Croatia,Midfield,"[""Real Sociedad""]",1
240,Josko Gvardiol,475959,Croatia,Defender,80000000,2,5,Low-Mid Tier,Martin Baturina,580451,Croatia,Midfield,"[""Como 1907""]",3
240,Josko Gvardiol,475959,Croatia,Defender,80000000,3,5,Mid Tier,Gianluigi Donnarumma,315858,Italy,Goalkeeper,"[""Manchester City""]",22
240,Josko Gvardiol,475959,Croatia,Defender,80000000,4,5,10th Most Frequent,Dominik Szoboszlai,451276,Hungary,Midfield,"[""RB Leipzig""]",77
240,Josko Gvardiol,475959,Croatia,Defender,80000000,5,5,Most Frequent,Bernardo Silva,241641,Portugal,Midfield,"[""Manchester City""]",104
241,Federico Bernardeschi,197300,Italy,Attack,45000000,1,5,Least Frequent,Félix Correia,479648,Portugal,Attack,"[""Juventus""]",1
241,Federico Bernardeschi,197300,Italy,Attack,45000000,2,5,Low-Mid Tier,Eivind Helland,1129198,Norway,Defender,"[""Bologna 1909""]",6
241,Federico Bernardeschi,197300,Italy,Attack,45000000,3,5,Mid Tier,Federico Ravaglia,390304,Italy,Goalkeeper,"[""Bologna 1909""]",16
241,Federico Bernardeschi,197300,Italy,Attack,45000000,4,5,10th Most Frequent,Miralem Pjanić,44162,Bosnia-Herzegovina,Midfield,"[""Juventus""]",87
241,Federico Bernardeschi,197300,Italy,Attack,45000000,5,5,Most Frequent,Alex Sandro,79960,Brazil,Defender,"[""Juventus""]",138
242,Diego Costa,44779,Spain,Attack,60000000,1,5,Least Frequent,Dexter Lembikisa,712099,Jamaica,Defender,"[""Wolverhampton Wanderers""]",1
242,Diego Costa,44779,Spain,Attack,60000000,2,5,Low-Mid Tier,Luis Suárez,44352,Uruguay,Attack,"[""Atlético Madrid""]",6
242,Diego Costa,44779,Spain,Attack,60000000,3,5,Mid Tier,Rodri,357565,Spain,Midfield,"[""Atlético Madrid""]",17
242,Diego Costa,44779,Spain,Attack,60000000,4,5,10th Most Frequent,Nemanja Matić,74683,Serbia,Midfield,"[""Chelsea""]",101
242,Diego Costa,44779,Spain,Attack,60000000,5,5,Most Frequent,Thibaut Courtois,108390,Belgium,Goalkeeper,"[""Atlético Madrid"", ""Chelsea""]",175
243,Jordi Alba,69751,Spain,Defender,70000000,1,5,Least Frequent,Baltasar Rodríguez,1015246,Argentina,Midfield,"[""Internacional de Fútbol Miami""]",1
243,Jordi Alba,69751,Spain,Defender,70000000,2,5,Low-Mid Tier,Emerson Royal,476344,Brazil,Defender,"[""Barcelona""]",3
243,Jordi Alba,69751,Spain,Defender,70000000,3,5,Mid Tier,Pierre-Emerick Aubameyang,58864,Gabon,Attack,"[""Barcelona""]",22
243,Jordi Alba,69751,Spain,Defender,70000000,4,5,10th Most Frequent,Dani Alves,15951,Brazil,Defender,"[""Barcelona""]",143
243,Jordi Alba,69751,Spain,Defender,70000000,5,5,Most Frequent,Sergio Busquets,65230,Spain,Midfield,"[""Barcelona"", ""Internacional de Fútbol Miami""]",364
244,Dakonam Djené,221150,Togo,Defender,30000000,1,5,Least Frequent,Joselu Pérez,1000135,Spain,Attack,"[""Getafe""]",1
244,Dakonam Djené,221150,Togo,Defender,30000000,2,5,Low-Mid Tier,Choco Lozano,131275,Honduras,Attack,"[""Getafe""]",6
244,Dakonam Djené,221150,Togo,Defender,30000000,3,5,Mid Tier,Roman Bezus,97567,Ukraine,Midfield,"[""Sint-Truidense VV""]",12
244,Dakonam Djené,221150,Togo,Defender,30000000,4,5,10th Most Frequent,Borja Mayoral,298976,Spain,Attack,"[""Getafe""]",111
244,Dakonam Djené,221150,Togo,Defender,30000000,5,5,Most Frequent,David Soria,226012,Spain,Goalkeeper,"[""Getafe""]",265
245,Allan Saint-Maximin,272642,France,Attack,40000000,1,5,Least Frequent,Fodé Sylla,955359,France,Midfield,"[""Lens""]",1
245,Allan Saint-Maximin,272642,France,Attack,40000000,2,5,Low-Mid Tier,Ádám Szalai,39106,Hungary,Attack,"[""Hannover 96""]",3
245,Allan Saint-Maximin,272642,France,Attack,40000000,3,5,Mid Tier,Franck Tabanou,66413,France,Defender,"[""Saint-Étienne""]",10
245,Allan Saint-Maximin,272642,France,Attack,40000000,4,5,10th Most Frequent,Martin Dúbravka,74960,Slovakia,Goalkeeper,"[""Newcastle United""]",62
245,Allan Saint-Maximin,272642,France,Attack,40000000,5,5,Most Frequent,Miguel Almirón,272999,Paraguay,Attack,"[""Newcastle United""]",104
246,Jordi Alba,69751,Spain,Defender,70000000,1,5,Least Frequent,Baltasar Rodríguez,1015246,Argentina,Midfield,"[""Internacional de Fútbol Miami""]",1
246,Jordi Alba,69751,Spain,Defender,70000000,2,5,Low-Mid Tier,Emerson Royal,476344,Brazil,Defender,"[""Barcelona""]",3
246,Jordi Alba,69751,Spain,Defender,70000000,3,5,Mid Tier,Pierre-Emerick Aubameyang,58864,Gabon,Attack,"[""Barcelona""]",22
246,Jordi Alba,69751,Spain,Defender,70000000,4,5,10th Most Frequent,Dani Alves,15951,Brazil,Defender,"[""Barcelona""]",143
246,Jordi Alba,69751,Spain,Defender,70000000,5,5,Most Frequent,Sergio Busquets,65230,Spain,Midfield,"[""Barcelona"", ""Internacional de Fútbol Miami""]",364
247,Jordi Alba,69751,Spain,Defender,70000000,1,5,Least Frequent,Baltasar Rodríguez,1015246,Argentina,Midfield,"[""Internacional de Fútbol Miami""]",1
247,Jordi Alba,69751,Spain,Defender,70000000,2,5,Low-Mid Tier,Emerson Royal,476344,Brazil,Defender,"[""Barcelona""]",3
247,Jordi Alba,69751,Spain,Defender,70000000,3,5,Mid Tier,Pierre-Emerick Aubameyang,58864,Gabon,Attack,"[""Barcelona""]",22
247,Jordi Alba,69751,Spain,Defender,70000000,4,5,10th Most Frequent,Dani Alves,15951,Brazil,Defender,"[""Barcelona""]",143
247,Jordi Alba,69751,Spain,Defender,70000000,5,5,Most Frequent,Sergio Busquets,65230,Spain,Midfield,"[""Barcelona"", ""Internacional de Fútbol Miami""]",364
248,Frank Lampard,3163,England,Midfield,45000000,1,5,Least Frequent,Lucas Piazón,176485,Brazil,Midfield,"[""Chelsea""]",1
248,Frank Lampard,3163,England,Midfield,45000000,2,5,Low-Mid Tier,Ross Turnbull,29159,England,Goalkeeper,"[""Chelsea""]",5
248,Frank Lampard,3163,England,Midfield,45000000,3,5,Mid Tier,Vincent Kompany,9594,Belgium,Defender,"[""Manchester City""]",23
248,Frank Lampard,3163,England,Midfield,45000000,4,5,10th Most Frequent,Juan Mata,44068,Spain,Midfield,"[""Chelsea""]",57
248,Frank Lampard,3163,England,Midfield,45000000,5,5,Most Frequent,Branislav Ivanovic,36827,Serbia,Defender,"[""Chelsea""]",80
249,Álvaro Carreras,811778,Spain,Defender,60000000,1,5,Least Frequent,Manu Serrano,940464,Spain,Defender,"[""Real Madrid""]",1
249,Álvaro Carreras,811778,Spain,Defender,60000000,2,5,Low-Mid Tier,Víctor Díaz,58330,Spain,Defender,"[""Granada""]",3
249,Álvaro Carreras,811778,Spain,Defender,60000000,3,5,Mid Tier,Bryan Zaragoza,713644,Spain,Attack,"[""Granada""]",12
249,Álvaro Carreras,811778,Spain,Defender,60000000,4,5,10th Most Frequent,Tomás Araújo,504087,Portugal,Defender,"[""SL Benfica""]",42
249,Álvaro Carreras,811778,Spain,Defender,60000000,5,5,Most Frequent,Orkun Kökçü,454567,Türkiye,Midfield,"[""SL Benfica""]",58
250,Nico Paz,948294,Argentina,Midfield,80000000,1,5,Least Frequent,Valentín Barco,849410,Argentina,Midfield,"[""Strasbourg Alsace""]",1
250,Nico Paz,948294,Argentina,Midfield,80000000,2,5,Low-Mid Tier,Álvaro Carrillo,652330,Spain,Defender,"[""Real Madrid""]",1
250,Nico Paz,948294,Argentina,Midfield,80000000,3,5,Mid Tier,Andriy Lunin,404839,Ukraine,Goalkeeper,"[""Real Madrid""]",6
250,Nico Paz,948294,Argentina,Midfield,80000000,4,5,10th Most Frequent,Ignace Van der Brempt,490423,Belgium,Defender,"[""Como 1907""]",39
250,Nico Paz,948294,Argentina,Midfield,80000000,5,5,Most Frequent,Lucas Da Cunha,495667,France,Midfield,"[""Como 1907""]",71
251,Pedro,65278,Spain,Attack,30000000,1,5,Least Frequent,Adrian Przyborek,1018395,Poland,Midfield,"[""Società Sportiva Lazio S.p.A.""]",1
251,Pedro,65278,Spain,Attack,30000000,2,5,Low-Mid Tier,Douglas,58426,Brazil,Defender,"[""Barcelona""]",5
251,Pedro,65278,Spain,Attack,30000000,3,5,Mid Tier,Jordan Veretout,164771,France,Midfield,"[""Associazione Sportiva Roma""]",26
251,Pedro,65278,Spain,Attack,30000000,4,5,10th Most Frequent,Felipe Anderson,159372,Brazil,Attack,"[""Società Sportiva Lazio S.p.A.""]",129
251,Pedro,65278,Spain,Attack,30000000,5,5,Most Frequent,Cesc Fàbregas,8806,Spain,Midfield,"[""Barcelona"", ""Chelsea""]",203
252,Castello Lukeba,618472,France,Defender,50000000,1,5,Least Frequent,Samba Konaté,1380977,France,Attack,"[""RB Leipzig""]",1
252,Castello Lukeba,618472,France,Defender,50000000,2,5,Low-Mid Tier,Amin Sarr,748382,Sweden,Attack,"[""Olympique Lyon""]",12
252,Castello Lukeba,618472,France,Defender,50000000,3,5,Mid Tier,Henrique Silva,204072,Brazil,Defender,"[""Olympique Lyon""]",22
252,Castello Lukeba,618472,France,Defender,50000000,4,5,10th Most Frequent,Péter Gulácsi,57071,Hungary,Goalkeeper,"[""RB Leipzig""]",59
252,Castello Lukeba,618472,France,Defender,50000000,5,5,Most Frequent,Christoph Baumgartner,324278,Austria,Midfield,"[""RB Leipzig""]",94
253,Nico Paz,948294,Argentina,Midfield,80000000,1,5,Least Frequent,Valentín Barco,849410,Argentina,Midfield,"[""Strasbourg Alsace""]",1
253,Nico Paz,948294,Argentina,Midfield,80000000,2,5,Low-Mid Tier,Álvaro Carrillo,652330,Spain,Defender,"[""Real Madrid""]",1
253,Nico Paz,948294,Argentina,Midfield,80000000,3,5,Mid Tier,Andriy Lunin,404839,Ukraine,Goalkeeper,"[""Real Madrid""]",6
253,Nico Paz,948294,Argentina,Midfield,80000000,4,5,10th Most Frequent,Ignace Van der Brempt,490423,Belgium,Defender,"[""Como 1907""]",39
253,Nico Paz,948294,Argentina,Midfield,80000000,5,5,Most Frequent,Lucas Da Cunha,495667,France,Midfield,"[""Como 1907""]",71
254,Nico Paz,948294,Argentina,Midfield,80000000,1,5,Least Frequent,Valentín Barco,849410,Argentina,Midfield,"[""Strasbourg Alsace""]",1
254,Nico Paz,948294,Argentina,Midfield,80000000,2,5,Low-Mid Tier,Álvaro Carrillo,652330,Spain,Defender,"[""Real Madrid""]",1
254,Nico Paz,948294,Argentina,Midfield,80000000,3,5,Mid Tier,Andriy Lunin,404839,Ukraine,Goalkeeper,"[""Real Madrid""]",6
254,Nico Paz,948294,Argentina,Midfield,80000000,4,5,10th Most Frequent,Ignace Van der Brempt,490423,Belgium,Defender,"[""Como 1907""]",39
254,Nico Paz,948294,Argentina,Midfield,80000000,5,5,Most Frequent,Lucas Da Cunha,495667,France,Midfield,"[""Como 1907""]",71
255,Jhon Durán,649317,Colombia,Attack,40000000,1,5,Least Frequent,Yuriy Gorshkov,448983,Russia,Defender,"[""AO Zenit Sankt-Peterburg""]",1
255,Jhon Durán,649317,Colombia,Attack,40000000,2,5,Low-Mid Tier,Philippe Coutinho,80444,Brazil,Midfield,"[""Aston Villa""]",4
255,Jhon Durán,649317,Colombia,Attack,40000000,3,5,Mid Tier,Nino,520454,Brazil,Defender,"[""AO Zenit Sankt-Peterburg""]",9
255,Jhon Durán,649317,Colombia,Attack,40000000,4,5,10th Most Frequent,Jacob Ramsey,503749,England,Midfield,"[""Aston Villa""]",39
255,Jhon Durán,649317,Colombia,Attack,40000000,5,5,Most Frequent,Ollie Watkins,324358,England,Attack,"[""Aston Villa""]",65
256,Arthur Melo,362842,Brazil,Midfield,70000000,1,5,Least Frequent,Gabriel Misehouy,646698,Netherlands,Midfield,"[""Girona""]",1
256,Arthur Melo,362842,Brazil,Midfield,70000000,2,5,Low-Mid Tier,Juanpe,115333,Spain,Defender,"[""Girona""]",4
256,Arthur Melo,362842,Brazil,Midfield,70000000,3,5,Mid Tier,Arnau Martínez,826224,Spain,Defender,"[""Girona""]",13
256,Arthur Melo,362842,Brazil,Midfield,70000000,4,5,10th Most Frequent,Adrien Rabiot,182913,France,Midfield,"[""Juventus""]",57
256,Arthur Melo,362842,Brazil,Midfield,70000000,5,5,Most Frequent,Marc-André ter Stegen,74857,Germany,Goalkeeper,"[""Barcelona""]",64
257,Bryan Mbeumo,413039,Cameroon,Attack,80000000,1,5,Least Frequent,Shea Lacey,926309,England,Attack,"[""Manchester United""]",1
257,Bryan Mbeumo,413039,Cameroon,Attack,80000000,2,5,Low-Mid Tier,Olivier Kemen,243725,Cameroon,Midfield,"[""Basaksehir""]",3
257,Bryan Mbeumo,413039,Cameroon,Attack,80000000,3,5,Mid Tier,Marcus Forss,404584,Finland,Attack,"[""Brentford""]",7
257,Bryan Mbeumo,413039,Cameroon,Attack,80000000,4,5,10th Most Frequent,Ivan Toney,251664,England,Attack,"[""Brentford""]",72
257,Bryan Mbeumo,413039,Cameroon,Attack,80000000,5,5,Most Frequent,Yoane Wissa,388165,DR Congo,Attack,"[""Brentford""]",130
258,Gabri Veiga,699704,Spain,Midfield,30000000,1,5,Least Frequent,João Costa,198638,Portugal,Goalkeeper,"[""Porto""]",1
258,Gabri Veiga,699704,Spain,Midfield,30000000,2,5,Low-Mid Tier,Fábio Vieira,537598,Portugal,Midfield,"[""Porto""]",3
258,Gabri Veiga,699704,Spain,Midfield,30000000,3,5,Mid Tier,Miguel Rodríguez,634427,Spain,Attack,"[""Celta de Vigo""]",10
258,Gabri Veiga,699704,Spain,Midfield,30000000,4,5,10th Most Frequent,Franco Cervi,341110,Argentina,Attack,"[""Celta de Vigo""]",38
258,Gabri Veiga,699704,Spain,Midfield,30000000,5,5,Most Frequent,Fran Beltrán,423444,Spain,Midfield,"[""Celta de Vigo""]",44
259,Matheus Nunes,601883,Portugal,Defender,55000000,1,5,Least Frequent,Cristiano Ronaldo,8198,Portugal,Attack,"[""Al-Nassr""]",1
259,Matheus Nunes,601883,Portugal,Defender,55000000,2,5,Low-Mid Tier,João Virgínia,329813,Portugal,Goalkeeper,"[""Sporting CP""]",2
259,Matheus Nunes,601883,Portugal,Defender,55000000,3,5,Mid Tier,Rúben Vinagre,357158,Portugal,Midfield,"[""Sporting CP""]",16
259,Matheus Nunes,601883,Portugal,Defender,55000000,4,5,10th Most Frequent,Pedro Gonçalves,426620,Portugal,Attack,"[""Sporting CP""]",70
259,Matheus Nunes,601883,Portugal,Defender,55000000,5,5,Most Frequent,Bernardo Silva,241641,Portugal,Midfield,"[""Manchester City""]",101
260,Bryan Mbeumo,413039,Cameroon,Attack,80000000,1,5,Least Frequent,Shea Lacey,926309,England,Attack,"[""Manchester United""]",1
260,Bryan Mbeumo,413039,Cameroon,Attack,80000000,2,5,Low-Mid Tier,Olivier Kemen,243725,Cameroon,Midfield,"[""Basaksehir""]",3
260,Bryan Mbeumo,413039,Cameroon,Attack,80000000,3,5,Mid Tier,Marcus Forss,404584,Finland,Attack,"[""Brentford""]",7
260,Bryan Mbeumo,413039,Cameroon,Attack,80000000,4,5,10th Most Frequent,Ivan Toney,251664,England,Attack,"[""Brentford""]",72
260,Bryan Mbeumo,413039,Cameroon,Attack,80000000,5,5,Most Frequent,Yoane Wissa,388165,DR Congo,Attack,"[""Brentford""]",130
261,Bryan Mbeumo,413039,Cameroon,Attack,80000000,1,5,Least Frequent,Shea Lacey,926309,England,Attack,"[""Manchester United""]",1
261,Bryan Mbeumo,413039,Cameroon,Attack,80000000,2,5,Low-Mid Tier,Olivier Kemen,243725,Cameroon,Midfield,"[""Basaksehir""]",3
261,Bryan Mbeumo,413039,Cameroon,Attack,80000000,3,5,Mid Tier,Marcus Forss,404584,Finland,Attack,"[""Brentford""]",7
261,Bryan Mbeumo,413039,Cameroon,Attack,80000000,4,5,10th Most Frequent,Ivan Toney,251664,England,Attack,"[""Brentford""]",72
261,Bryan Mbeumo,413039,Cameroon,Attack,80000000,5,5,Most Frequent,Yoane Wissa,388165,DR Congo,Attack,"[""Brentford""]",130
262,Lucas Ocampos,189441,Argentina,Attack,50000000,1,5,Least Frequent,Ricardo Chávez,347577,Mexico,Defender,"[""Monterrey""]",1
262,Lucas Ocampos,189441,Argentina,Attack,50000000,2,5,Low-Mid Tier,Devyne Rensch,557407,Netherlands,Defender,"[""Ajax Amsterdam""]",5
262,Lucas Ocampos,189441,Argentina,Attack,50000000,3,5,Mid Tier,Grégory Sertic,81386,France,Midfield,"[""Olympique Marseille""]",12
262,Lucas Ocampos,189441,Argentina,Attack,50000000,4,5,10th Most Frequent,Diego Carlos,329145,Brazil,Defender,"[""Sevilla""]",116
262,Lucas Ocampos,189441,Argentina,Attack,50000000,5,5,Most Frequent,Jesús Navas,15956,Spain,Midfield,"[""Sevilla""]",168
263,Karim Benzema,18922,France,Attack,60000000,1,5,Least Frequent,Sergio Arribas,537762,Spain,Midfield,"[""Real Madrid""]",1
263,Karim Benzema,18922,France,Attack,60000000,2,5,Low-Mid Tier,Alphonse Areola,120629,France,Goalkeeper,"[""Real Madrid""]",8
263,Karim Benzema,18922,France,Attack,60000000,3,5,Mid Tier,Danilo,145707,Brazil,Defender,"[""Real Madrid""]",37
263,Karim Benzema,18922,France,Attack,60000000,4,5,10th Most Frequent,Gareth Bale,39381,Wales,Attack,"[""Real Madrid""]",224
263,Karim Benzema,18922,France,Attack,60000000,5,5,Most Frequent,Luka Modrić,27992,Croatia,Midfield,"[""Real Madrid""]",374
264,Naby Keïta,302215,Guinea,Midfield,65000000,1,5,Least Frequent,Leon Opitz,825073,Germany,Midfield,"[""Werder Bremen""]",1
264,Naby Keïta,302215,Guinea,Midfield,65000000,2,5,Low-Mid Tier,Rafael Borré,323831,Colombia,Attack,"[""Werder Bremen""]",3
264,Naby Keïta,302215,Guinea,Midfield,65000000,3,5,Mid Tier,Neco Williams,503680,Wales,Defender,"[""Liverpool""]",14
264,Naby Keïta,302215,Guinea,Midfield,65000000,4,5,10th Most Frequent,James Milner,3333,England,Midfield,"[""Liverpool""]",81
264,Naby Keïta,302215,Guinea,Midfield,65000000,5,5,Most Frequent,Mohamed Salah,148455,Egypt,Attack,"[""Liverpool""]",115
265,Marco Palestra,895937,Italy,Defender,35000000,1,5,Least Frequent,Othniël Raterink,997478,Netherlands,Defender,"[""Cagliari Calcio""]",1
265,Marco Palestra,895937,Italy,Defender,35000000,2,5,Low-Mid Tier,Mitchel Bakker,361065,Netherlands,Midfield,"[""Atalanta BC""]",2
265,Marco Palestra,895937,Italy,Defender,35000000,3,5,Mid Tier,Andrea Belotti,167727,Italy,Attack,"[""Cagliari Calcio""]",8
265,Marco Palestra,895937,Italy,Defender,35000000,4,5,10th Most Frequent,Ibrahim Sulemana,982267,Ghana,Midfield,"[""Cagliari Calcio"", ""Atalanta BC""]",23
265,Marco Palestra,895937,Italy,Defender,35000000,5,5,Most Frequent,Michel Adopo,564305,France,Midfield,"[""Cagliari Calcio"", ""Atalanta BC""]",38
266,Benoît Badiashile,463603,France,Defender,40000000,1,5,Least Frequent,Jesse Derry,1135611,England,Attack,"[""Chelsea""]",1
266,Benoît Badiashile,463603,France,Defender,40000000,2,5,Low-Mid Tier,Renato Veiga,805714,Portugal,Defender,"[""Chelsea""]",4
266,Benoît Badiashile,463603,France,Defender,40000000,3,5,Mid Tier,Kai Havertz,309400,Germany,Attack,"[""Chelsea""]",10
266,Benoît Badiashile,463603,France,Defender,40000000,4,5,10th Most Frequent,Guillermo Maripán,249730,Chile,Defender,"[""Monaco""]",65
266,Benoît Badiashile,463603,France,Defender,40000000,5,5,Most Frequent,Wissam Ben Yedder,146854,France,Attack,"[""Monaco""]",96
267,Naby Keïta,302215,Guinea,Midfield,65000000,1,5,Least Frequent,Leon Opitz,825073,Germany,Midfield,"[""Werder Bremen""]",1
267,Naby Keïta,302215,Guinea,Midfield,65000000,2,5,Low-Mid Tier,Rafael Borré,323831,Colombia,Attack,"[""Werder Bremen""]",3
267,Naby Keïta,302215,Guinea,Midfield,65000000,3,5,Mid Tier,Neco Williams,503680,Wales,Defender,"[""Liverpool""]",14
267,Naby Keïta,302215,Guinea,Midfield,65000000,4,5,10th Most Frequent,James Milner,3333,England,Midfield,"[""Liverpool""]",81
267,Naby Keïta,302215,Guinea,Midfield,65000000,5,5,Most Frequent,Mohamed Salah,148455,Egypt,Attack,"[""Liverpool""]",115
268,Naby Keïta,302215,Guinea,Midfield,65000000,1,5,Least Frequent,Leon Opitz,825073,Germany,Midfield,"[""Werder Bremen""]",1
268,Naby Keïta,302215,Guinea,Midfield,65000000,2,5,Low-Mid Tier,Rafael Borré,323831,Colombia,Attack,"[""Werder Bremen""]",3
268,Naby Keïta,302215,Guinea,Midfield,65000000,3,5,Mid Tier,Neco Williams,503680,Wales,Defender,"[""Liverpool""]",14
268,Naby Keïta,302215,Guinea,Midfield,65000000,4,5,10th Most Frequent,James Milner,3333,England,Midfield,"[""Liverpool""]",81
268,Naby Keïta,302215,Guinea,Midfield,65000000,5,5,Most Frequent,Mohamed Salah,148455,Egypt,Attack,"[""Liverpool""]",115
269,Nicolò Zaniolo,392085,Italy,Attack,55000000,1,5,Least Frequent,Wilfried Singo,648779,Cote d'Ivoire,Defender,"[""Galatasaray""]",1
269,Nicolò Zaniolo,392085,Italy,Attack,55000000,2,5,Low-Mid Tier,Mert Çetin,391498,Türkiye,Defender,"[""Associazione Sportiva Roma""]",5
269,Nicolò Zaniolo,392085,Italy,Attack,55000000,3,5,Mid Tier,Edoardo Bove,562049,Italy,Midfield,"[""Associazione Sportiva Roma""]",11
269,Nicolò Zaniolo,392085,Italy,Attack,55000000,4,5,10th Most Frequent,Rick Karsdorp,205006,Netherlands,Defender,"[""Associazione Sportiva Roma""]",52
269,Nicolò Zaniolo,392085,Italy,Attack,55000000,5,5,Most Frequent,Bryan Cristante,199248,Italy,Midfield,"[""Associazione Sportiva Roma""]",99
270,João Pedro,626724,Brazil,Attack,80000000,1,5,Least Frequent,Ryan Kavuma-McQueen,1255573,England,Attack,"[""Chelsea""]",1
270,João Pedro,626724,Brazil,Attack,80000000,2,5,Low-Mid Tier,Nicolas N'Koulou,60577,Cameroon,Defender,"[""Watford""]",3
270,João Pedro,626724,Brazil,Attack,80000000,3,5,Mid Tier,Benoît Badiashile,463603,France,Defender,"[""Chelsea""]",15
270,João Pedro,626724,Brazil,Attack,80000000,4,5,10th Most Frequent,Marc Cucurella,284857,Spain,Defender,"[""Chelsea""]",46
270,João Pedro,626724,Brazil,Attack,80000000,5,5,Most Frequent,Jan Paul van Hecke,576314,Netherlands,Defender,"[""Brighton & Hove Albion""]",59
271,Willian Pacho,661171,Ecuador,Defender,80000000,1,5,Least Frequent,Félix Torres,468174,Ecuador,Defender,"[""Sport Internacional""]",1
271,Willian Pacho,661171,Ecuador,Defender,80000000,2,5,Low-Mid Tier,Angelo Preciado,450241,Ecuador,Defender,"[""Clube Atlético Mineiro""]",3
271,Willian Pacho,661171,Ecuador,Defender,80000000,3,5,Mid Tier,Anthony Valencia,974374,Ecuador,Attack,"[""Royal Antwerp""]",12
271,Willian Pacho,661171,Ecuador,Defender,80000000,4,5,10th Most Frequent,Kang-in Lee,557149,"Korea, South",Midfield,"[""Paris Saint-Germain""]",70
271,Willian Pacho,661171,Ecuador,Defender,80000000,5,5,Most Frequent,Vitinha,487469,Portugal,Midfield,"[""Paris Saint-Germain""]",87
272,Stefano Sensi,216179,Italy,Midfield,30000000,1,5,Least Frequent,Andrea Mazza,815567,Italy,Goalkeeper,"[""Monza""]",1
272,Stefano Sensi,216179,Italy,Midfield,30000000,2,5,Low-Mid Tier,Valentino Lazaro,186368,Austria,Midfield,"[""Inter Milan""]",4
272,Stefano Sensi,216179,Italy,Midfield,30000000,3,5,Mid Tier,Morten Thorsby,226524,Norway,Midfield,"[""UC Sampdoria""]",10
272,Stefano Sensi,216179,Italy,Midfield,30000000,4,5,10th Most Frequent,Stefan de Vrij,111196,Netherlands,Defender,"[""Inter Milan""]",43
272,Stefano Sensi,216179,Italy,Midfield,30000000,5,5,Most Frequent,Andrea Consigli,35865,Italy,Goalkeeper,"[""Sassuolo""]",64
273,Ibrahim Maza,905011,Algeria,Midfield,45000000,1,5,Least Frequent,Samir Chergui,668167,Algeria,Defender,"[""Paris""]",1
273,Ibrahim Maza,905011,Algeria,Midfield,45000000,2,5,Low-Mid Tier,Dodi Lukébakio,303259,Belgium,Attack,"[""Hertha BSC""]",1
273,Ibrahim Maza,905011,Algeria,Midfield,45000000,3,5,Mid Tier,Jonjoe Kenny,258883,England,Defender,"[""Hertha BSC""]",2
273,Ibrahim Maza,905011,Algeria,Midfield,45000000,4,5,10th Most Frequent,Mark Flekken,125714,Netherlands,Goalkeeper,"[""Bayer Leverkusen""]",30
273,Ibrahim Maza,905011,Algeria,Midfield,45000000,5,5,Most Frequent,Aleix García,261504,Spain,Midfield,"[""Bayer Leverkusen""]",43
274,Willian Pacho,661171,Ecuador,Defender,80000000,1,5,Least Frequent,Félix Torres,468174,Ecuador,Defender,"[""Sport Internacional""]",1
274,Willian Pacho,661171,Ecuador,Defender,80000000,2,5,Low-Mid Tier,Angelo Preciado,450241,Ecuador,Defender,"[""Clube Atlético Mineiro""]",3
274,Willian Pacho,661171,Ecuador,Defender,80000000,3,5,Mid Tier,Anthony Valencia,974374,Ecuador,Attack,"[""Royal Antwerp""]",12
274,Willian Pacho,661171,Ecuador,Defender,80000000,4,5,10th Most Frequent,Kang-in Lee,557149,"Korea, South",Midfield,"[""Paris Saint-Germain""]",70
274,Willian Pacho,661171,Ecuador,Defender,80000000,5,5,Most Frequent,Vitinha,487469,Portugal,Midfield,"[""Paris Saint-Germain""]",87
275,Willian Pacho,661171,Ecuador,Defender,80000000,1,5,Least Frequent,Félix Torres,468174,Ecuador,Defender,"[""Sport Internacional""]",1
275,Willian Pacho,661171,Ecuador,Defender,80000000,2,5,Low-Mid Tier,Angelo Preciado,450241,Ecuador,Defender,"[""Clube Atlético Mineiro""]",3
275,Willian Pacho,661171,Ecuador,Defender,80000000,3,5,Mid Tier,Anthony Valencia,974374,Ecuador,Attack,"[""Royal Antwerp""]",12
275,Willian Pacho,661171,Ecuador,Defender,80000000,4,5,10th Most Frequent,Kang-in Lee,557149,"Korea, South",Midfield,"[""Paris Saint-Germain""]",70
275,Willian Pacho,661171,Ecuador,Defender,80000000,5,5,Most Frequent,Vitinha,487469,Portugal,Midfield,"[""Paris Saint-Germain""]",87
276,Mattéo Guendouzi,465830,France,Midfield,50000000,1,5,Least Frequent,Tarık Çetin,286170,Türkiye,Goalkeeper,"[""Fenerbahce""]",1
276,Mattéo Guendouzi,465830,France,Midfield,50000000,2,5,Low-Mid Tier,François Bellugou,75282,France,Midfield,"[""Lorient""]",6
276,Mattéo Guendouzi,465830,France,Midfield,50000000,3,5,Mid Tier,Jhon Córdoba,185245,Colombia,Attack,"[""Hertha BSC""]",14
276,Mattéo Guendouzi,465830,France,Midfield,50000000,4,5,10th Most Frequent,Valentin Rongier,332889,France,Midfield,"[""Olympique Marseille""]",77
276,Mattéo Guendouzi,465830,France,Midfield,50000000,5,5,Most Frequent,Adam Marusic,239802,Montenegro,Defender,"[""Società Sportiva Lazio S.p.A.""]",106
277,Daniel Carvajal,138927,Spain,Defender,60000000,1,5,Least Frequent,Manu Serrano,940464,Spain,Defender,"[""Real Madrid""]",1
277,Daniel Carvajal,138927,Spain,Defender,60000000,2,5,Low-Mid Tier,Michael Rensing,2421,Germany,Goalkeeper,"[""Bayer Leverkusen""]",4
277,Daniel Carvajal,138927,Spain,Defender,60000000,3,5,Mid Tier,Marcos Llorente,282411,Spain,Defender,"[""Real Madrid""]",22
277,Daniel Carvajal,138927,Spain,Defender,60000000,4,5,10th Most Frequent,Casemiro,16306,Brazil,Midfield,"[""Real Madrid""]",204
277,Daniel Carvajal,138927,Spain,Defender,60000000,5,5,Most Frequent,Luka Modrić,27992,Croatia,Midfield,"[""Real Madrid""]",321
278,Isco,85288,Spain,Midfield,90000000,1,5,Least Frequent,Sergio Arribas,722351,Spain,Defender,"[""Real Betis Balompié""]",1
278,Isco,85288,Spain,Midfield,90000000,2,5,Low-Mid Tier,Karim Rekik,182579,Netherlands,Defender,"[""Sevilla""]",6
278,Isco,85288,Spain,Midfield,90000000,3,5,Mid Tier,Nemanja Gudelj,74294,Serbia,Midfield,"[""Sevilla""]",17
278,Isco,85288,Spain,Midfield,90000000,4,5,10th Most Frequent,Gareth Bale,39381,Wales,Attack,"[""Real Madrid""]",194
278,Isco,85288,Spain,Midfield,90000000,5,5,Most Frequent,Karim Benzema,18922,France,Attack,"[""Real Madrid""]",256
279,Yegor Yarmolyuk,717411,Ukraine,Midfield,32000000,1,5,Least Frequent,Luka Bentt,1407213,Belgium,Midfield,"[""Brentford""]",1
279,Yegor Yarmolyuk,717411,Ukraine,Midfield,32000000,2,5,Low-Mid Tier,Oleksandr Safronov,467241,Ukraine,Defender,"[""Dnipro-1""]",4
279,Yegor Yarmolyuk,717411,Ukraine,Midfield,32000000,3,5,Mid Tier,Michael Olakigbe,734425,England,Attack,"[""Brentford""]",8
279,Yegor Yarmolyuk,717411,Ukraine,Midfield,32000000,4,5,10th Most Frequent,Yoane Wissa,388165,DR Congo,Attack,"[""Brentford""]",54
279,Yegor Yarmolyuk,717411,Ukraine,Midfield,32000000,5,5,Most Frequent,Nathan Collins,469050,Ireland,Defender,"[""Brentford""]",96
280,Ivan Toney,251664,England,Attack,50000000,1,5,Least Frequent,Halil Dervişoğlu,465606,Türkiye,Attack,"[""Brentford""]",1
280,Ivan Toney,251664,England,Attack,50000000,2,5,Low-Mid Tier,Daryl Janmaat,60744,Netherlands,Defender,"[""Newcastle United""]",2
280,Ivan Toney,251664,England,Attack,50000000,3,5,Mid Tier,Christian Eriksen,69633,Denmark,Midfield,"[""Brentford""]",11
280,Ivan Toney,251664,England,Attack,50000000,4,5,10th Most Frequent,Kristoffer Ajer,328658,Norway,Defender,"[""Brentford""]",48
280,Ivan Toney,251664,England,Attack,50000000,5,5,Most Frequent,Vitaly Janelt,270171,Germany,Midfield,"[""Brentford""]",76
281,Isco,85288,Spain,Midfield,90000000,1,5,Least Frequent,Sergio Arribas,722351,Spain,Defender,"[""Real Betis Balompié""]",1
281,Isco,85288,Spain,Midfield,90000000,2,5,Low-Mid Tier,Karim Rekik,182579,Netherlands,Defender,"[""Sevilla""]",6
281,Isco,85288,Spain,Midfield,90000000,3,5,Mid Tier,Nemanja Gudelj,74294,Serbia,Midfield,"[""Sevilla""]",17
281,Isco,85288,Spain,Midfield,90000000,4,5,10th Most Frequent,Gareth Bale,39381,Wales,Attack,"[""Real Madrid""]",194
281,Isco,85288,Spain,Midfield,90000000,5,5,Most Frequent,Karim Benzema,18922,France,Attack,"[""Real Madrid""]",256
282,Isco,85288,Spain,Midfield,90000000,1,5,Least Frequent,Sergio Arribas,722351,Spain,Defender,"[""Real Betis Balompié""]",1
282,Isco,85288,Spain,Midfield,90000000,2,5,Low-Mid Tier,Karim Rekik,182579,Netherlands,Defender,"[""Sevilla""]",6
282,Isco,85288,Spain,Midfield,90000000,3,5,Mid Tier,Nemanja Gudelj,74294,Serbia,Midfield,"[""Sevilla""]",17
282,Isco,85288,Spain,Midfield,90000000,4,5,10th Most Frequent,Gareth Bale,39381,Wales,Attack,"[""Real Madrid""]",194
282,Isco,85288,Spain,Midfield,90000000,5,5,Most Frequent,Karim Benzema,18922,France,Attack,"[""Real Madrid""]",256
283,Juan Mata,44068,Spain,Midfield,45000000,1,5,Least Frequent,Yusuf Demir,548031,Austria,Attack,"[""Galatasaray""]",1
283,Juan Mata,44068,Spain,Midfield,45000000,2,5,Low-Mid Tier,Kazımcan Karataş,697149,Türkiye,Defender,"[""Galatasaray""]",5
283,Juan Mata,44068,Spain,Midfield,45000000,3,5,Mid Tier,Edinson Cavani,48280,Uruguay,Attack,"[""Manchester United""]",14
283,Juan Mata,44068,Spain,Midfield,45000000,4,5,10th Most Frequent,Paul Pogba,122153,France,Midfield,"[""Manchester United""]",110
283,Juan Mata,44068,Spain,Midfield,45000000,5,5,Most Frequent,David de Gea,59377,Spain,Goalkeeper,"[""Manchester United""]",220
284,Federico Chiesa,341092,Italy,Attack,70000000,1,5,Least Frequent,Wellity Lucky,922461,Spain,Defender,"[""Liverpool""]",1
284,Federico Chiesa,341092,Italy,Attack,70000000,2,5,Low-Mid Tier,Caoimhín Kelleher,340918,Ireland,Goalkeeper,"[""Liverpool""]",5
284,Federico Chiesa,341092,Italy,Attack,70000000,3,5,Mid Tier,Joe Gomez,256178,England,Defender,"[""Liverpool""]",21
284,Federico Chiesa,341092,Italy,Attack,70000000,4,5,10th Most Frequent,Alex Sandro,79960,Brazil,Defender,"[""Juventus""]",82
284,Federico Chiesa,341092,Italy,Attack,70000000,5,5,Most Frequent,Adrien Rabiot,182913,France,Midfield,"[""Juventus""]",113
285,Milan Škriniar,204069,Slovakia,Defender,65000000,1,5,Least Frequent,Mert Günok,51894,Türkiye,Goalkeeper,"[""Fenerbahce""]",1
285,Milan Škriniar,204069,Slovakia,Defender,65000000,2,5,Low-Mid Tier,N'Golo Kanté,225083,France,Midfield,"[""Fenerbahce""]",6
285,Milan Škriniar,204069,Slovakia,Defender,65000000,3,5,Mid Tier,Carlos Soler,372246,Spain,Midfield,"[""Paris Saint-Germain""]",19
285,Milan Škriniar,204069,Slovakia,Defender,65000000,4,5,10th Most Frequent,Matías Vecino,143812,Uruguay,Midfield,"[""Inter Milan""]",116
285,Milan Škriniar,204069,Slovakia,Defender,65000000,5,5,Most Frequent,Samir Handanovic,28021,,Goalkeeper,"[""Inter Milan""]",215
286,Alan Varela,756990,Argentina,Midfield,35000000,1,5,Least Frequent,João Costa,198638,Portugal,Goalkeeper,"[""Porto""]",1
286,Alan Varela,756990,Argentina,Midfield,35000000,2,5,Low-Mid Tier,Terem Moffi,538874,Nigeria,Attack,"[""Porto""]",11
286,Alan Varela,756990,Argentina,Midfield,35000000,3,5,Mid Tier,Wendell,228433,Brazil,Defender,"[""Porto""]",28
286,Alan Varela,756990,Argentina,Midfield,35000000,4,5,10th Most Frequent,Danny Namaso,392767,Cameroon,Attack,"[""Porto""]",53
286,Alan Varela,756990,Argentina,Midfield,35000000,5,5,Most Frequent,Diogo Costa,357153,Portugal,Goalkeeper,"[""Porto""]",115
287,Alex Sandro,79960,Brazil,Defender,50000000,1,5,Least Frequent,Endrick,971570,Brazil,Attack,"[""Real Madrid""]",1
287,Alex Sandro,79960,Brazil,Defender,50000000,2,5,Low-Mid Tier,Iván Marcano,57723,Spain,Defender,"[""Porto""]",1
287,Alex Sandro,79960,Brazil,Defender,50000000,3,5,Mid Tier,Luca Pellegrini,346567,Italy,Defender,"[""Juventus""]",13
287,Alex Sandro,79960,Brazil,Defender,50000000,4,5,10th Most Frequent,Rodrigo Bentancur,354362,Uruguay,Midfield,"[""Juventus""]",136
287,Alex Sandro,79960,Brazil,Defender,50000000,5,5,Most Frequent,Juan Cuadrado,91970,Colombia,Midfield,"[""Juventus""]",227
288,Milan Škriniar,204069,Slovakia,Defender,65000000,1,5,Least Frequent,Mert Günok,51894,Türkiye,Goalkeeper,"[""Fenerbahce""]",1
288,Milan Škriniar,204069,Slovakia,Defender,65000000,2,5,Low-Mid Tier,N'Golo Kanté,225083,France,Midfield,"[""Fenerbahce""]",6
288,Milan Škriniar,204069,Slovakia,Defender,65000000,3,5,Mid Tier,Carlos Soler,372246,Spain,Midfield,"[""Paris Saint-Germain""]",19
288,Milan Škriniar,204069,Slovakia,Defender,65000000,4,5,10th Most Frequent,Matías Vecino,143812,Uruguay,Midfield,"[""Inter Milan""]",116
288,Milan Škriniar,204069,Slovakia,Defender,65000000,5,5,Most Frequent,Samir Handanovic,28021,,Goalkeeper,"[""Inter Milan""]",215
289,Milan Škriniar,204069,Slovakia,Defender,65000000,1,5,Least Frequent,Mert Günok,51894,Türkiye,Goalkeeper,"[""Fenerbahce""]",1
289,Milan Škriniar,204069,Slovakia,Defender,65000000,2,5,Low-Mid Tier,N'Golo Kanté,225083,France,Midfield,"[""Fenerbahce""]",6
289,Milan Škriniar,204069,Slovakia,Defender,65000000,3,5,Mid Tier,Carlos Soler,372246,Spain,Midfield,"[""Paris Saint-Germain""]",19
289,Milan Škriniar,204069,Slovakia,Defender,65000000,4,5,10th Most Frequent,Matías Vecino,143812,Uruguay,Midfield,"[""Inter Milan""]",116
289,Milan Škriniar,204069,Slovakia,Defender,65000000,5,5,Most Frequent,Samir Handanovic,28021,,Goalkeeper,"[""Inter Milan""]",215
290,Lucas Bergvall,866246,Sweden,Midfield,40000000,1,5,Least Frequent,Jacob Widell Zetterström,549440,Sweden,Goalkeeper,"[""""]",1
290,Lucas Bergvall,866246,Sweden,Midfield,40000000,2,5,Low-Mid Tier,Elliot Stroud,687622,Sweden,Midfield,"[""Mjällby Almänna Idrottsförening""]",3
290,Lucas Bergvall,866246,Sweden,Midfield,40000000,3,5,Mid Tier,Conor Gallagher,488362,England,Midfield,"[""Tottenham""]",8
290,Lucas Bergvall,866246,Sweden,Midfield,40000000,4,5,10th Most Frequent,Destiny Udogie,556385,Italy,Defender,"[""Tottenham""]",41
290,Lucas Bergvall,866246,Sweden,Midfield,40000000,5,5,Most Frequent,Pedro Porro,553875,Spain,Defender,"[""Tottenham""]",69
291,Raphinha,411295,Brazil,Attack,90000000,1,5,Least Frequent,Endrick,971570,Brazil,Attack,"[""Real Madrid""]",1
291,Raphinha,411295,Brazil,Attack,90000000,2,5,Low-Mid Tier,Chico Geraldes,257456,Portugal,Midfield,"[""Sporting CP""]",2
291,Raphinha,411295,Brazil,Attack,90000000,3,5,Mid Tier,Idrissa Doumbia,430579,Cote d'Ivoire,Midfield,"[""Sporting CP""]",15
291,Raphinha,411295,Brazil,Attack,90000000,4,5,10th Most Frequent,Fermín López,636703,Spain,Midfield,"[""Barcelona""]",101
291,Raphinha,411295,Brazil,Attack,90000000,5,5,Most Frequent,Robert Lewandowski,38253,Poland,Attack,"[""Barcelona""]",157
292,Xavi,7607,Spain,Midfield,65000000,1,5,Least Frequent,Jordi Masip,65263,Spain,Goalkeeper,"[""Barcelona""]",1
292,Xavi,7607,Spain,Midfield,65000000,2,5,Low-Mid Tier,Jonathan dos Santos,60445,Mexico,Midfield,"[""Barcelona""]",4
292,Xavi,7607,Spain,Midfield,65000000,3,5,Mid Tier,Sergi Roberto,85370,Spain,Midfield,"[""Barcelona""]",33
292,Xavi,7607,Spain,Midfield,65000000,4,5,10th Most Frequent,Alexis Sánchez,40433,Chile,Attack,"[""Barcelona""]",79
292,Xavi,7607,Spain,Midfield,65000000,5,5,Most Frequent,Lionel Messi,28003,Argentina,Attack,"[""Barcelona""]",125
293,Roberto Soldado,34870,Spain,Attack,30000000,1,5,Least Frequent,Ángel Jiménez,713632,Spain,Goalkeeper,"[""Granada""]",1
293,Roberto Soldado,34870,Spain,Attack,30000000,2,5,Low-Mid Tier,Michael Frey,147043,Switzerland,Attack,"[""Fenerbahce""]",7
293,Roberto Soldado,34870,Spain,Attack,30000000,3,5,Mid Tier,Ben Davies,192765,Wales,Defender,"[""Tottenham""]",17
293,Roberto Soldado,34870,Spain,Attack,30000000,4,5,10th Most Frequent,Jan Vertonghen,43250,Belgium,Defender,"[""Tottenham""]",54
293,Roberto Soldado,34870,Spain,Attack,30000000,5,5,Most Frequent,Antonio Puertas,262365,Spain,Attack,"[""Granada""]",75
294,Josip Stanisic,483046,Croatia,Defender,40000000,1,5,Least Frequent,Luka Sucic,502722,Croatia,Midfield,"[""Real Sociedad""]",1
294,Josip Stanisic,483046,Croatia,Defender,40000000,2,5,Low-Mid Tier,David Santos Daiber,1118495,Portugal,Midfield,"[""Bayern Munich""]",2
294,Josip Stanisic,483046,Croatia,Defender,40000000,3,5,Mid Tier,Yann Sommer,42205,Switzerland,Goalkeeper,"[""Bayern Munich""]",11
294,Josip Stanisic,483046,Croatia,Defender,40000000,4,5,10th Most Frequent,Leroy Sané,192565,Germany,Attack,"[""Bayern Munich""]",61
294,Josip Stanisic,483046,Croatia,Defender,40000000,5,5,Most Frequent,Joshua Kimmich,161056,Germany,Midfield,"[""Bayern Munich""]",102
295,Xavi,7607,Spain,Midfield,65000000,1,5,Least Frequent,Jordi Masip,65263,Spain,Goalkeeper,"[""Barcelona""]",1
295,Xavi,7607,Spain,Midfield,65000000,2,5,Low-Mid Tier,Jonathan dos Santos,60445,Mexico,Midfield,"[""Barcelona""]",4
295,Xavi,7607,Spain,Midfield,65000000,3,5,Mid Tier,Sergi Roberto,85370,Spain,Midfield,"[""Barcelona""]",33
295,Xavi,7607,Spain,Midfield,65000000,4,5,10th Most Frequent,Alexis Sánchez,40433,Chile,Attack,"[""Barcelona""]",79
295,Xavi,7607,Spain,Midfield,65000000,5,5,Most Frequent,Lionel Messi,28003,Argentina,Attack,"[""Barcelona""]",125
296,Xavi,7607,Spain,Midfield,65000000,1,5,Least Frequent,Jordi Masip,65263,Spain,Goalkeeper,"[""Barcelona""]",1
296,Xavi,7607,Spain,Midfield,65000000,2,5,Low-Mid Tier,Jonathan dos Santos,60445,Mexico,Midfield,"[""Barcelona""]",4
296,Xavi,7607,Spain,Midfield,65000000,3,5,Mid Tier,Sergi Roberto,85370,Spain,Midfield,"[""Barcelona""]",33
296,Xavi,7607,Spain,Midfield,65000000,4,5,10th Most Frequent,Alexis Sánchez,40433,Chile,Attack,"[""Barcelona""]",79
296,Xavi,7607,Spain,Midfield,65000000,5,5,Most Frequent,Lionel Messi,28003,Argentina,Attack,"[""Barcelona""]",125
297,Marcos Alonso,112515,Spain,Defender,45000000,1,5,Least Frequent,Hugo González,707279,Spain,Attack,"[""Celta de Vigo""]",1
297,Marcos Alonso,112515,Spain,Defender,45000000,2,5,Low-Mid Tier,Alessandro Diamanti,23197,Italy,Midfield,"[""ACF Fiorentina""]",5
297,Marcos Alonso,112515,Spain,Defender,45000000,3,5,Mid Tier,Mihailo Ristic,271455,Serbia,Defender,"[""Celta de Vigo""]",16
297,Marcos Alonso,112515,Spain,Defender,45000000,4,5,10th Most Frequent,David Luiz,46741,Brazil,Defender,"[""Chelsea""]",81
297,Marcos Alonso,112515,Spain,Defender,45000000,5,5,Most Frequent,César Azpilicueta,57500,Spain,Defender,"[""Chelsea""]",188
298,Cody Gakpo,434675,Netherlands,Attack,70000000,1,5,Least Frequent,Justin Kluivert,330659,Netherlands,Midfield,"[""Bournemouth""]",1
298,Cody Gakpo,434675,Netherlands,Attack,70000000,2,5,Low-Mid Tier,Frenkie de Jong,326330,Netherlands,Midfield,"[""Barcelona""]",3
298,Cody Gakpo,434675,Netherlands,Attack,70000000,3,5,Mid Tier,Alexander Isak,349066,Sweden,Attack,"[""Liverpool""]",18
298,Cody Gakpo,434675,Netherlands,Attack,70000000,4,5,10th Most Frequent,Darwin Núñez,546543,Uruguay,Attack,"[""Liverpool""]",103
298,Cody Gakpo,434675,Netherlands,Attack,70000000,5,5,Most Frequent,Virgil van Dijk,139208,Netherlands,Defender,"[""Liverpool""]",157
299,Radamel Falcao,39152,Colombia,Attack,60000000,1,5,Least Frequent,Pablo Muñoz,1045767,Spain,Midfield,"[""Rayo Vallecano""]",1
299,Radamel Falcao,39152,Colombia,Attack,60000000,2,5,Low-Mid Tier,Terence Kongolo,152651,Netherlands,Defender,"[""Monaco""]",4
299,Radamel Falcao,39152,Colombia,Attack,60000000,3,5,Mid Tier,Jonny Evans,42412,Northern Ireland,Defender,"[""Manchester United""]",12
299,Radamel Falcao,39152,Colombia,Attack,60000000,4,5,10th Most Frequent,Álvaro García,257062,Spain,Attack,"[""Rayo Vallecano""]",67
299,Radamel Falcao,39152,Colombia,Attack,60000000,5,5,Most Frequent,Kamil Glik,46552,Poland,Defender,"[""Monaco""]",100
300,Igor Paixão,653610,Brazil,Attack,35000000,1,5,Least Frequent,Hilan Hamzaoui Slimani,1070591,Algeria,Defender,"[""Olympique Marseille""]",1
300,Igor Paixão,653610,Brazil,Attack,35000000,2,5,Low-Mid Tier,Tochukwu Nnadi,920470,Nigeria,Midfield,"[""Olympique Marseille""]",7
300,Igor Paixão,653610,Brazil,Attack,35000000,3,5,Mid Tier,Bilal Nadir,659520,Morocco,Midfield,"[""Olympique Marseille""]",22
300,Igor Paixão,653610,Brazil,Attack,35000000,4,5,10th Most Frequent,Ramiz Zerrouki,416660,Algeria,Midfield,"[""Feyenoord Rotterdam""]",61
300,Igor Paixão,653610,Brazil,Attack,35000000,5,5,Most Frequent,Dávid Hancko,404418,Slovakia,Defender,"[""Feyenoord Rotterdam""]",127
301,Alex Oxlade-Chamberlain,143424,England,Midfield,40000000,1,5,Least Frequent,Joel Mvuka,700078,Norway,Midfield,"[""Celtic""]",1
301,Alex Oxlade-Chamberlain,143424,England,Midfield,40000000,2,5,Low-Mid Tier,Emrecan Terzi,873445,Türkiye,Defender,"[""Beşiktaş Jimnastik Kulübü""]",5
301,Alex Oxlade-Chamberlain,143424,England,Midfield,40000000,3,5,Mid Tier,Tayyip Talha Sanuç,462772,Türkiye,Defender,"[""Beşiktaş Jimnastik Kulübü""]",14
301,Alex Oxlade-Chamberlain,143424,England,Midfield,40000000,4,5,10th Most Frequent,Per Mertesacker,6710,Germany,Defender,"[""Arsenal""]",100
301,Alex Oxlade-Chamberlain,143424,England,Midfield,40000000,5,5,Most Frequent,Olivier Giroud,82442,France,Attack,"[""Arsenal""]",127
302,Radamel Falcao,39152,Colombia,Attack,60000000,1,5,Least Frequent,Pablo Muñoz,1045767,Spain,Midfield,"[""Rayo Vallecano""]",1
302,Radamel Falcao,39152,Colombia,Attack,60000000,2,5,Low-Mid Tier,Terence Kongolo,152651,Netherlands,Defender,"[""Monaco""]",4
302,Radamel Falcao,39152,Colombia,Attack,60000000,3,5,Mid Tier,Jonny Evans,42412,Northern Ireland,Defender,"[""Manchester United""]",12
302,Radamel Falcao,39152,Colombia,Attack,60000000,4,5,10th Most Frequent,Álvaro García,257062,Spain,Attack,"[""Rayo Vallecano""]",67
302,Radamel Falcao,39152,Colombia,Attack,60000000,5,5,Most Frequent,Kamil Glik,46552,Poland,Defender,"[""Monaco""]",100
303,Radamel Falcao,39152,Colombia,Attack,60000000,1,5,Least Frequent,Pablo Muñoz,1045767,Spain,Midfield,"[""Rayo Vallecano""]",1
303,Radamel Falcao,39152,Colombia,Attack,60000000,2,5,Low-Mid Tier,Terence Kongolo,152651,Netherlands,Defender,"[""Monaco""]",4
303,Radamel Falcao,39152,Colombia,Attack,60000000,3,5,Mid Tier,Jonny Evans,42412,Northern Ireland,Defender,"[""Manchester United""]",12
303,Radamel Falcao,39152,Colombia,Attack,60000000,4,5,10th Most Frequent,Álvaro García,257062,Spain,Attack,"[""Rayo Vallecano""]",67
303,Radamel Falcao,39152,Colombia,Attack,60000000,5,5,Most Frequent,Kamil Glik,46552,Poland,Defender,"[""Monaco""]",100
304,André Onana,234509,Cameroon,Goalkeeper,45000000,1,5,Least Frequent,Onuralp Çakıroğlu,1209829,Türkiye,Attack,"[""Trabzonspor""]",1
304,André Onana,234509,Cameroon,Goalkeeper,45000000,2,5,Low-Mid Tier,Toby Collyer,654253,England,Midfield,"[""Manchester United""]",9
304,André Onana,234509,Cameroon,Goalkeeper,45000000,3,5,Mid Tier,Luke Shaw,183288,England,Defender,"[""Manchester United""]",23
304,André Onana,234509,Cameroon,Goalkeeper,45000000,4,5,10th Most Frequent,Joël Veltman,111195,Netherlands,Defender,"[""Ajax Amsterdam""]",117
304,André Onana,234509,Cameroon,Goalkeeper,45000000,5,5,Most Frequent,Hakim Ziyech,217111,Morocco,Attack,"[""Ajax Amsterdam""]",160
305,Theo Hernández,339808,France,Defender,60000000,1,5,Least Frequent,Manu Koné,624690,France,Midfield,"[""Associazione Sportiva Roma""]",1
305,Theo Hernández,339808,France,Defender,60000000,2,5,Low-Mid Tier,Kevin Zeroli,883349,Italy,Midfield,"[""AC Milan""]",4
305,Theo Hernández,339808,France,Defender,60000000,3,5,Mid Tier,Isco,85288,Spain,Midfield,"[""Real Madrid""]",15
305,Theo Hernández,339808,France,Defender,60000000,4,5,10th Most Frequent,Franck Kessié,294808,Cote d'Ivoire,Midfield,"[""AC Milan""]",108
305,Theo Hernández,339808,France,Defender,60000000,5,5,Most Frequent,Rafael Leão,357164,Portugal,Attack,"[""AC Milan""]",226
306,Endrick,971570,Brazil,Attack,60000000,1,5,Least Frequent,Alex Sandro,79960,Brazil,Defender,"[""Clube de Regatas do Flamengo""]",1
306,Endrick,971570,Brazil,Attack,60000000,2,5,Low-Mid Tier,Marquinhos,181767,Brazil,Defender,"[""Paris Saint-Germain""]",2
306,Endrick,971570,Brazil,Attack,60000000,3,5,Mid Tier,Adam Karabec,652061,Czech Republic,Midfield,"[""Olympique Lyon""]",7
306,Endrick,971570,Brazil,Attack,60000000,4,5,10th Most Frequent,Fran García,341264,Spain,Defender,"[""Real Madrid""]",31
306,Endrick,971570,Brazil,Attack,60000000,5,5,Most Frequent,Federico Valverde,369081,Uruguay,Midfield,"[""Real Madrid""]",36
307,Jesús Corona,125165,Mexico,Attack,30000000,1,5,Least Frequent,Djibril Sow,212723,Switzerland,Midfield,"[""Sevilla""]",1
307,Jesús Corona,125165,Mexico,Attack,30000000,2,5,Low-Mid Tier,Tim Breukers,63356,Netherlands,Defender,"[""Twente Enschede""]",3
307,Jesús Corona,125165,Mexico,Attack,30000000,3,5,Mid Tier,Hidde ter Avest,258519,Netherlands,Defender,"[""Twente Enschede""]",14
307,Jesús Corona,125165,Mexico,Attack,30000000,4,5,10th Most Frequent,Felipe,156501,Brazil,Defender,"[""Porto""]",114
307,Jesús Corona,125165,Mexico,Attack,30000000,5,5,Most Frequent,Otávio,231289,Portugal,Midfield,"[""Porto""]",165
308,Axel Witsel,35047,Belgium,Midfield,40000000,1,5,Least Frequent,Marc-André ter Stegen,74857,Germany,Goalkeeper,"[""Girona""]",1
308,Axel Witsel,35047,Belgium,Midfield,40000000,2,5,Low-Mid Tier,Evgeniy Chernov,187024,Russia,Defender,"[""AO Zenit Sankt-Peterburg""]",4
308,Axel Witsel,35047,Belgium,Midfield,40000000,3,5,Mid Tier,Javi Galán,448628,Spain,Defender,"[""Atlético Madrid""]",22
308,Axel Witsel,35047,Belgium,Midfield,40000000,4,5,10th Most Frequent,Antoine Griezmann,125781,France,Attack,"[""Atlético Madrid""]",107
308,Axel Witsel,35047,Belgium,Midfield,40000000,5,5,Most Frequent,Hulk,80562,Brazil,Attack,"[""AO Zenit Sankt-Peterburg""]",136
309,Endrick,971570,Brazil,Attack,60000000,1,5,Least Frequent,Alex Sandro,79960,Brazil,Defender,"[""Clube de Regatas do Flamengo""]",1
309,Endrick,971570,Brazil,Attack,60000000,2,5,Low-Mid Tier,Marquinhos,181767,Brazil,Defender,"[""Paris Saint-Germain""]",2
309,Endrick,971570,Brazil,Attack,60000000,3,5,Mid Tier,Adam Karabec,652061,Czech Republic,Midfield,"[""Olympique Lyon""]",7
309,Endrick,971570,Brazil,Attack,60000000,4,5,10th Most Frequent,Fran García,341264,Spain,Defender,"[""Real Madrid""]",31
309,Endrick,971570,Brazil,Attack,60000000,5,5,Most Frequent,Federico Valverde,369081,Uruguay,Midfield,"[""Real Madrid""]",36
310,Endrick,971570,Brazil,Attack,60000000,1,5,Least Frequent,Alex Sandro,79960,Brazil,Defender,"[""Clube de Regatas do Flamengo""]",1
310,Endrick,971570,Brazil,Attack,60000000,2,5,Low-Mid Tier,Marquinhos,181767,Brazil,Defender,"[""Paris Saint-Germain""]",2
310,Endrick,971570,Brazil,Attack,60000000,3,5,Mid Tier,Adam Karabec,652061,Czech Republic,Midfield,"[""Olympique Lyon""]",7
310,Endrick,971570,Brazil,Attack,60000000,4,5,10th Most Frequent,Fran García,341264,Spain,Defender,"[""Real Madrid""]",31
310,Endrick,971570,Brazil,Attack,60000000,5,5,Most Frequent,Federico Valverde,369081,Uruguay,Midfield,"[""Real Madrid""]",36
311,Donny van de Beek,288255,Netherlands,Midfield,55000000,1,5,Least Frequent,Lass Kourouma,974251,Guinea,Midfield,"[""Girona""]",1
311,Donny van de Beek,288255,Netherlands,Midfield,55000000,2,5,Low-Mid Tier,Pau López,286415,Spain,Goalkeeper,"[""Girona""]",3
311,Donny van de Beek,288255,Netherlands,Midfield,55000000,3,5,Mid Tier,Gabriel Misehouy,646698,Netherlands,Midfield,"[""Girona""]",8
311,Donny van de Beek,288255,Netherlands,Midfield,55000000,4,5,10th Most Frequent,Nicolás Tagliafico,131225,Argentina,Defender,"[""Ajax Amsterdam""]",94
311,Donny van de Beek,288255,Netherlands,Midfield,55000000,5,5,Most Frequent,André Onana,234509,Cameroon,Goalkeeper,"[""Ajax Amsterdam"", ""Manchester United""]",156
312,Kepa Arrizabalaga,192279,Spain,Goalkeeper,60000000,1,5,Least Frequent,Jaden Dixon,1011139,England,Defender,"[""Arsenal""]",1
312,Kepa Arrizabalaga,192279,Spain,Goalkeeper,60000000,2,5,Low-Mid Tier,Piero Hincapié,659813,Ecuador,Defender,"[""Arsenal""]",6
312,Kepa Arrizabalaga,192279,Spain,Goalkeeper,60000000,3,5,Mid Tier,Gonzalo Higuaín,39153,Argentina,Attack,"[""Chelsea""]",14
312,Kepa Arrizabalaga,192279,Spain,Goalkeeper,60000000,4,5,10th Most Frequent,Olivier Giroud,82442,France,Attack,"[""Chelsea""]",62
312,Kepa Arrizabalaga,192279,Spain,Goalkeeper,60000000,5,5,Most Frequent,César Azpilicueta,57500,Spain,Defender,"[""Chelsea""]",125
313,Marcus Rashford,258923,England,Attack,85000000,1,5,Least Frequent,Jarell Quansah,632349,England,Defender,"[""Bayer Leverkusen""]",1
313,Marcus Rashford,258923,England,Attack,85000000,2,5,Low-Mid Tier,Omari Forson,670845,England,Attack,"[""Manchester United""]",5
313,Marcus Rashford,258923,England,Attack,85000000,3,5,Mid Tier,Dean Henderson,258919,England,Goalkeeper,"[""Manchester United""]",20
313,Marcus Rashford,258923,England,Attack,85000000,4,5,10th Most Frequent,Fred,191614,Brazil,Midfield,"[""Manchester United""]",162
313,Marcus Rashford,258923,England,Attack,85000000,5,5,Most Frequent,David de Gea,59377,Spain,Goalkeeper,"[""Manchester United""]",286
314,Ruslan Malinovskyi,207877,Ukraine,Midfield,30000000,1,5,Least Frequent,Latif Ouedraogo,1385195,Burkina Faso,Defender,"[""Genoa CFC""]",1
314,Ruslan Malinovskyi,207877,Ukraine,Midfield,30000000,2,5,Low-Mid Tier,Igor Levchenko,113888,Ukraine,Goalkeeper,"[""Zorya Lugansk""]",4
314,Ruslan Malinovskyi,207877,Ukraine,Midfield,30000000,3,5,Mid Tier,Dries Wouters,249570,Belgium,Midfield,"[""KRC Genk""]",12
314,Ruslan Malinovskyi,207877,Ukraine,Midfield,30000000,4,5,10th Most Frequent,Alejandro Pozuelo,188853,Spain,Midfield,"[""KRC Genk""]",86
314,Ruslan Malinovskyi,207877,Ukraine,Midfield,30000000,5,5,Most Frequent,Joakim Maehle,369674,Denmark,Defender,"[""KRC Genk"", ""Atalanta BC""]",126
315,Aaron Ramsey,50057,Wales,Midfield,45000000,1,5,Least Frequent,Marcin Bulka,465955,Poland,Goalkeeper,"[""Nice""]",1
315,Aaron Ramsey,50057,Wales,Midfield,45000000,2,5,Low-Mid Tier,Chuba Akpom,197642,England,Attack,"[""Arsenal""]",4
315,Aaron Ramsey,50057,Wales,Midfield,45000000,3,5,Mid Tier,Daniele Rugani,162959,Italy,Defender,"[""Juventus""]",12
315,Aaron Ramsey,50057,Wales,Midfield,45000000,4,5,10th Most Frequent,Alex Oxlade-Chamberlain,143424,England,Midfield,"[""Arsenal""]",111
315,Aaron Ramsey,50057,Wales,Midfield,45000000,5,5,Most Frequent,Laurent Koscielny,76277,France,Defender,"[""Arsenal""]",181
316,Marcus Rashford,258923,England,Attack,85000000,1,5,Least Frequent,Jarell Quansah,632349,England,Defender,"[""Bayer Leverkusen""]",1
316,Marcus Rashford,258923,England,Attack,85000000,2,5,Low-Mid Tier,Omari Forson,670845,England,Attack,"[""Manchester United""]",5
316,Marcus Rashford,258923,England,Attack,85000000,3,5,Mid Tier,Dean Henderson,258919,England,Goalkeeper,"[""Manchester United""]",20
316,Marcus Rashford,258923,England,Attack,85000000,4,5,10th Most Frequent,Fred,191614,Brazil,Midfield,"[""Manchester United""]",162
316,Marcus Rashford,258923,England,Attack,85000000,5,5,Most Frequent,David de Gea,59377,Spain,Goalkeeper,"[""Manchester United""]",286
317,Marcus Rashford,258923,England,Attack,85000000,1,5,Least Frequent,Jarell Quansah,632349,England,Defender,"[""Bayer Leverkusen""]",1
317,Marcus Rashford,258923,England,Attack,85000000,2,5,Low-Mid Tier,Omari Forson,670845,England,Attack,"[""Manchester United""]",5
317,Marcus Rashford,258923,England,Attack,85000000,3,5,Mid Tier,Dean Henderson,258919,England,Goalkeeper,"[""Manchester United""]",20
317,Marcus Rashford,258923,England,Attack,85000000,4,5,10th Most Frequent,Fred,191614,Brazil,Midfield,"[""Manchester United""]",162
317,Marcus Rashford,258923,England,Attack,85000000,5,5,Most Frequent,David de Gea,59377,Spain,Goalkeeper,"[""Manchester United""]",286
318,Destiny Udogie,556385,Italy,Defender,45000000,1,5,Least Frequent,Callum Olusesi,985546,England,Midfield,"[""Tottenham""]",1
318,Destiny Udogie,556385,Italy,Defender,45000000,2,5,Low-Mid Tier,Eddie Salcedo,459661,Italy,Attack,"[""Hellas Verona""]",3
318,Destiny Udogie,556385,Italy,Defender,45000000,3,5,Mid Tier,Conor Gallagher,488362,England,Midfield,"[""Tottenham""]",11
318,Destiny Udogie,556385,Italy,Defender,45000000,4,5,10th Most Frequent,Micky van de Ven,557459,Netherlands,Defender,"[""Tottenham""]",61
318,Destiny Udogie,556385,Italy,Defender,45000000,5,5,Most Frequent,Pedro Porro,553875,Spain,Defender,"[""Tottenham""]",83
319,Fabinho,225693,Brazil,Midfield,70000000,1,5,Least Frequent,Endrick,971570,Brazil,Attack,"[""Real Madrid""]",1
319,Fabinho,225693,Brazil,Midfield,70000000,2,5,Low-Mid Tier,Karim Benzema,18922,France,Attack,"[""Real Madrid""]",1
319,Fabinho,225693,Brazil,Midfield,70000000,3,5,Mid Tier,Stevan Jovetić,46104,Montenegro,Attack,"[""Monaco""]",14
319,Fabinho,225693,Brazil,Midfield,70000000,4,5,10th Most Frequent,Sadio Mané,200512,Senegal,Attack,"[""Liverpool""]",153
319,Fabinho,225693,Brazil,Midfield,70000000,5,5,Most Frequent,Mohamed Salah,148455,Egypt,Attack,"[""Liverpool""]",204
320,Alexandre Lacazette,93720,France,Attack,70000000,1,5,Least Frequent,Téo Barišić,979773,Croatia,Defender,"[""Olympique Lyon""]",1
320,Alexandre Lacazette,93720,France,Attack,70000000,2,5,Low-Mid Tier,Michel Bastos,12142,Brazil,Midfield,"[""Olympique Lyon""]",8
320,Alexandre Lacazette,93720,France,Attack,70000000,3,5,Mid Tier,Ben White,335721,England,Defender,"[""Arsenal""]",27
320,Alexandre Lacazette,93720,France,Attack,70000000,4,5,10th Most Frequent,Héctor Bellerín,191217,Spain,Defender,"[""Arsenal""]",99
320,Alexandre Lacazette,93720,France,Attack,70000000,5,5,Most Frequent,Anthony Lopes,60561,Portugal,Goalkeeper,"[""Olympique Lyon""]",220
321,Thierno Barry,937941,France,Attack,30000000,1,5,Least Frequent,Adam Aznou,938146,Morocco,Defender,"[""Everton""]",1
321,Thierno Barry,937941,France,Attack,30000000,2,5,Low-Mid Tier,Alfonso Pedraza,356197,Spain,Defender,"[""Villarreal""]",10
321,Thierno Barry,937941,France,Attack,30000000,3,5,Mid Tier,Luiz Júnior,712107,Brazil,Goalkeeper,"[""Villarreal""]",17
321,Thierno Barry,937941,France,Attack,30000000,4,5,10th Most Frequent,Iliman Ndiaye,623570,Senegal,Attack,"[""Everton""]",34
321,Thierno Barry,937941,France,Attack,30000000,5,5,Most Frequent,James Garner,505219,England,Midfield,"[""Everton""]",41
322,Gonçalo Guedes,225122,Portugal,Attack,40000000,1,5,Least Frequent,Ibai Aguirre,1354775,Spain,Midfield,"[""Real Sociedad""]",1
322,Gonçalo Guedes,225122,Portugal,Attack,40000000,2,5,Low-Mid Tier,Mikel Goti,709215,Spain,Midfield,"[""Real Sociedad""]",5
322,Gonçalo Guedes,225122,Portugal,Attack,40000000,3,5,Mid Tier,Casper Tengstedt,464598,Denmark,Attack,"[""SL Benfica""]",13
322,Gonçalo Guedes,225122,Portugal,Attack,40000000,4,5,10th Most Frequent,Daniel Wass,63463,Denmark,Midfield,"[""Valencia""]",75
322,Gonçalo Guedes,225122,Portugal,Attack,40000000,5,5,Most Frequent,Carlos Soler,372246,Spain,Midfield,"[""Valencia"", ""Real Sociedad""]",148
323,Alexandre Lacazette,93720,France,Attack,70000000,1,5,Least Frequent,Téo Barišić,979773,Croatia,Defender,"[""Olympique Lyon""]",1
323,Alexandre Lacazette,93720,France,Attack,70000000,2,5,Low-Mid Tier,Michel Bastos,12142,Brazil,Midfield,"[""Olympique Lyon""]",8
323,Alexandre Lacazette,93720,France,Attack,70000000,3,5,Mid Tier,Ben White,335721,England,Defender,"[""Arsenal""]",27
323,Alexandre Lacazette,93720,France,Attack,70000000,4,5,10th Most Frequent,Héctor Bellerín,191217,Spain,Defender,"[""Arsenal""]",99
323,Alexandre Lacazette,93720,France,Attack,70000000,5,5,Most Frequent,Anthony Lopes,60561,Portugal,Goalkeeper,"[""Olympique Lyon""]",220
324,Alexandre Lacazette,93720,France,Attack,70000000,1,5,Least Frequent,Téo Barišić,979773,Croatia,Defender,"[""Olympique Lyon""]",1
324,Alexandre Lacazette,93720,France,Attack,70000000,2,5,Low-Mid Tier,Michel Bastos,12142,Brazil,Midfield,"[""Olympique Lyon""]",8
324,Alexandre Lacazette,93720,France,Attack,70000000,3,5,Mid Tier,Ben White,335721,England,Defender,"[""Arsenal""]",27
324,Alexandre Lacazette,93720,France,Attack,70000000,4,5,10th Most Frequent,Héctor Bellerín,191217,Spain,Defender,"[""Arsenal""]",99
324,Alexandre Lacazette,93720,France,Attack,70000000,5,5,Most Frequent,Anthony Lopes,60561,Portugal,Goalkeeper,"[""Olympique Lyon""]",220
325,Alberto Moleiro,733576,Spain,Attack,50000000,1,5,Least Frequent,Alassane Diatta,1249340,Senegal,Midfield,"[""Villarreal""]",1
325,Alberto Moleiro,733576,Spain,Attack,50000000,2,5,Low-Mid Tier,Andy Pelmard,494236,Madagascar,Defender,"[""Las Palmas""]",4
325,Alberto Moleiro,733576,Spain,Attack,50000000,3,5,Mid Tier,Fábio Silva,505653,Portugal,Attack,"[""Las Palmas""]",23
325,Alberto Moleiro,733576,Spain,Attack,50000000,4,5,10th Most Frequent,Santi Comesaña,380598,Spain,Midfield,"[""Villarreal""]",41
325,Alberto Moleiro,733576,Spain,Attack,50000000,5,5,Most Frequent,Sergi Cardona,678406,Spain,Defender,"[""Villarreal"", ""Las Palmas""]",65
326,Tijjani Reijnders,460939,Netherlands,Midfield,70000000,1,5,Least Frequent,Justin Kluivert,330659,Netherlands,Midfield,"[""Bournemouth""]",1
326,Tijjani Reijnders,460939,Netherlands,Midfield,70000000,2,5,Low-Mid Tier,Guus Til,372267,Netherlands,Midfield,"[""AZ Alkmaar""]",2
326,Tijjani Reijnders,460939,Netherlands,Midfield,70000000,3,5,Mid Tier,Emil Hansson,276002,Sweden,Attack,"[""RKC Waalwijk""]",7
326,Tijjani Reijnders,460939,Netherlands,Midfield,70000000,4,5,10th Most Frequent,Dani de Wit,340459,Netherlands,Midfield,"[""AZ Alkmaar""]",74
326,Tijjani Reijnders,460939,Netherlands,Midfield,70000000,5,5,Most Frequent,Christian Pulisic,315779,United States,Attack,"[""AC Milan""]",97
327,Omar Marmoush,445939,Egypt,Attack,75000000,1,5,Least Frequent,Mahmoud Saber,729390,Egypt,Midfield,"[""""]",1
327,Omar Marmoush,445939,Egypt,Attack,75000000,2,5,Low-Mid Tier,Wahid Faghir,610431,Denmark,Attack,"[""Stuttgart""]",3
327,Omar Marmoush,445939,Egypt,Attack,75000000,3,5,Mid Tier,Tiago Tomás,616344,Portugal,Attack,"[""Stuttgart""]",11
327,Omar Marmoush,445939,Egypt,Attack,75000000,4,5,10th Most Frequent,Farès Chaïbi,855015,Algeria,Midfield,"[""Eintracht Frankfurt""]",47
327,Omar Marmoush,445939,Egypt,Attack,75000000,5,5,Most Frequent,Robin Koch,328784,Germany,Defender,"[""Eintracht Frankfurt""]",56
328,Nikola Krstović,434433,Montenegro,Attack,30000000,1,5,Least Frequent,Mitchel Bakker,361065,Netherlands,Midfield,"[""Atalanta BC""]",1
328,Nikola Krstović,434433,Montenegro,Attack,30000000,2,5,Low-Mid Tier,Marco Brescianini,459128,Italy,Midfield,"[""Atalanta BC""]",10
328,Nikola Krstović,434433,Montenegro,Attack,30000000,3,5,Mid Tier,Alexis Blin,236041,France,Midfield,"[""Lecce""]",28
328,Nikola Krstović,434433,Montenegro,Attack,30000000,4,5,10th Most Frequent,Davide Zappacosta,173859,Italy,Midfield,"[""Atalanta BC""]",43
328,Nikola Krstović,434433,Montenegro,Attack,30000000,5,5,Most Frequent,Wladimiro Falcone,238537,Italy,Goalkeeper,"[""Lecce""]",74
329,Nico Schlotterbeck,388198,Germany,Defender,55000000,1,5,Least Frequent,Jamie Leweling,518505,Germany,Attack,"[""Stuttgart""]",1
329,Nico Schlotterbeck,388198,Germany,Defender,55000000,2,5,Low-Mid Tier,Milos Veljkovic,202228,Serbia,Defender,"[""Werder Bremen""]",1
329,Nico Schlotterbeck,388198,Germany,Defender,55000000,3,5,Mid Tier,Aarón Anselmino,1145504,Argentina,Defender,"[""Borussia Dortmund""]",8
329,Nico Schlotterbeck,388198,Germany,Defender,55000000,4,5,10th Most Frequent,Donyell Malen,326029,Netherlands,Attack,"[""Borussia Dortmund""]",83
329,Nico Schlotterbeck,388198,Germany,Defender,55000000,5,5,Most Frequent,Julian Brandt,187492,Germany,Midfield,"[""Borussia Dortmund""]",144
330,Omar Marmoush,445939,Egypt,Attack,75000000,1,5,Least Frequent,Mahmoud Saber,729390,Egypt,Midfield,"[""""]",1
330,Omar Marmoush,445939,Egypt,Attack,75000000,2,5,Low-Mid Tier,Wahid Faghir,610431,Denmark,Attack,"[""Stuttgart""]",3
330,Omar Marmoush,445939,Egypt,Attack,75000000,3,5,Mid Tier,Tiago Tomás,616344,Portugal,Attack,"[""Stuttgart""]",11
330,Omar Marmoush,445939,Egypt,Attack,75000000,4,5,10th Most Frequent,Farès Chaïbi,855015,Algeria,Midfield,"[""Eintracht Frankfurt""]",47
330,Omar Marmoush,445939,Egypt,Attack,75000000,5,5,Most Frequent,Robin Koch,328784,Germany,Defender,"[""Eintracht Frankfurt""]",56
331,Omar Marmoush,445939,Egypt,Attack,75000000,1,5,Least Frequent,Mahmoud Saber,729390,Egypt,Midfield,"[""""]",1
331,Omar Marmoush,445939,Egypt,Attack,75000000,2,5,Low-Mid Tier,Wahid Faghir,610431,Denmark,Attack,"[""Stuttgart""]",3
331,Omar Marmoush,445939,Egypt,Attack,75000000,3,5,Mid Tier,Tiago Tomás,616344,Portugal,Attack,"[""Stuttgart""]",11
331,Omar Marmoush,445939,Egypt,Attack,75000000,4,5,10th Most Frequent,Farès Chaïbi,855015,Algeria,Midfield,"[""Eintracht Frankfurt""]",47
331,Omar Marmoush,445939,Egypt,Attack,75000000,5,5,Most Frequent,Robin Koch,328784,Germany,Defender,"[""Eintracht Frankfurt""]",56
332,Conor Gallagher,488362,England,Midfield,50000000,1,5,Least Frequent,Callum Olusesi,985546,England,Midfield,"[""Tottenham""]",1
332,Conor Gallagher,488362,England,Midfield,50000000,2,5,Low-Mid Tier,Lucas Bergvall,866246,Sweden,Midfield,"[""Tottenham""]",8
332,Conor Gallagher,488362,England,Midfield,50000000,3,5,Mid Tier,Thiago Almada,576028,Argentina,Attack,"[""Atlético Madrid""]",16
332,Conor Gallagher,488362,England,Midfield,50000000,4,5,10th Most Frequent,Pablo Barrios,775605,Spain,Midfield,"[""Atlético Madrid""]",61
332,Conor Gallagher,488362,England,Midfield,50000000,5,5,Most Frequent,Raheem Sterling,134425,England,Attack,"[""Chelsea""]",75
333,Moussa Diaby,395516,France,Attack,60000000,1,5,Least Frequent,Finley Munroe,845723,England,Defender,"[""Aston Villa""]",1
333,Moussa Diaby,395516,France,Attack,60000000,2,5,Low-Mid Tier,Mario Sampirisi,160357,Italy,Defender,"[""Crotone""]",2
333,Moussa Diaby,395516,France,Attack,60000000,3,5,Mid Tier,Edinson Cavani,48280,Uruguay,Attack,"[""Paris Saint-Germain""]",14
333,Moussa Diaby,395516,France,Attack,60000000,4,5,10th Most Frequent,Karim Bellarabi,61087,Germany,Attack,"[""Bayer Leverkusen""]",89
333,Moussa Diaby,395516,France,Attack,60000000,5,5,Most Frequent,Lukas Hradecky,48015,Finland,Goalkeeper,"[""Bayer Leverkusen""]",159
334,Niklas Süle,166601,Germany,Defender,60000000,1,5,Least Frequent,Filippo Mane,883007,Italy,Defender,"[""Borussia Dortmund""]",1
334,Niklas Süle,166601,Germany,Defender,60000000,2,5,Low-Mid Tier,Baris Atik,161072,Turkey,Attack,"[""1899 Hoffenheim""]",3
334,Niklas Süle,166601,Germany,Defender,60000000,3,5,Mid Tier,Fabian Johnson,31041,United States,Attack,"[""1899 Hoffenheim""]",22
334,Niklas Süle,166601,Germany,Defender,60000000,4,5,10th Most Frequent,Julian Brandt,187492,Germany,Midfield,"[""Borussia Dortmund""]",100
334,Niklas Süle,166601,Germany,Defender,60000000,5,5,Most Frequent,Robert Lewandowski,38253,Poland,Attack,"[""Bayern Munich""]",157
335,Lucas Digne,126664,France,Defender,35000000,1,5,Least Frequent,Désiré Doué,914562,France,Attack,"[""Paris Saint-Germain""]",1
335,Lucas Digne,126664,France,Defender,35000000,2,5,Low-Mid Tier,Leandro Castán,54929,Brazil,Defender,"[""Associazione Sportiva Roma""]",5
335,Lucas Digne,126664,France,Defender,35000000,3,5,Mid Tier,Paulinho,57229,Brazil,Midfield,"[""Barcelona""]",16
335,Lucas Digne,126664,France,Defender,35000000,4,5,10th Most Frequent,Michael Keane,118534,England,Defender,"[""Everton""]",103
335,Lucas Digne,126664,France,Defender,35000000,5,5,Most Frequent,Ollie Watkins,324358,England,Attack,"[""Aston Villa""]",165
336,Jarrad Branthwaite,661053,England,Defender,50000000,1,5,Least Frequent,Merlin Röhl,608832,Germany,Midfield,"[""Everton""]",1
336,Jarrad Branthwaite,661053,England,Defender,50000000,2,5,Low-Mid Tier,Bernard,175169,Brazil,Attack,"[""Everton""]",3
336,Jarrad Branthwaite,661053,England,Defender,50000000,3,5,Mid Tier,Lewis Dobbin,627248,England,Attack,"[""Everton""]",11
336,Jarrad Branthwaite,661053,England,Defender,50000000,4,5,10th Most Frequent,Ashley Young,14086,England,Defender,"[""Everton""]",59
336,Jarrad Branthwaite,661053,England,Defender,50000000,5,5,Most Frequent,Jordan Pickford,130164,England,Goalkeeper,"[""Everton""]",88
337,Niklas Süle,166601,Germany,Defender,60000000,1,5,Least Frequent,Filippo Mane,883007,Italy,Defender,"[""Borussia Dortmund""]",1
337,Niklas Süle,166601,Germany,Defender,60000000,2,5,Low-Mid Tier,Baris Atik,161072,Turkey,Attack,"[""1899 Hoffenheim""]",3
337,Niklas Süle,166601,Germany,Defender,60000000,3,5,Mid Tier,Fabian Johnson,31041,United States,Attack,"[""1899 Hoffenheim""]",22
337,Niklas Süle,166601,Germany,Defender,60000000,4,5,10th Most Frequent,Julian Brandt,187492,Germany,Midfield,"[""Borussia Dortmund""]",100
337,Niklas Süle,166601,Germany,Defender,60000000,5,5,Most Frequent,Robert Lewandowski,38253,Poland,Attack,"[""Bayern Munich""]",157
338,Niklas Süle,166601,Germany,Defender,60000000,1,5,Least Frequent,Filippo Mane,883007,Italy,Defender,"[""Borussia Dortmund""]",1
338,Niklas Süle,166601,Germany,Defender,60000000,2,5,Low-Mid Tier,Baris Atik,161072,Turkey,Attack,"[""1899 Hoffenheim""]",3
338,Niklas Süle,166601,Germany,Defender,60000000,3,5,Mid Tier,Fabian Johnson,31041,United States,Attack,"[""1899 Hoffenheim""]",22
338,Niklas Süle,166601,Germany,Defender,60000000,4,5,10th Most Frequent,Julian Brandt,187492,Germany,Midfield,"[""Borussia Dortmund""]",100
338,Niklas Süle,166601,Germany,Defender,60000000,5,5,Most Frequent,Robert Lewandowski,38253,Poland,Attack,"[""Bayern Munich""]",157
339,Frank Anguissa,354361,Cameroon,Midfield,40000000,1,5,Least Frequent,Luca Marianucci,814446,Italy,Defender,"[""Napoli""]",1
339,Frank Anguissa,354361,Cameroon,Midfield,40000000,2,5,Low-Mid Tier,Bruno Soriano,44412,Spain,Midfield,"[""Villarreal""]",7
339,Frank Anguissa,354361,Cameroon,Midfield,40000000,3,5,Mid Tier,Adam Ounas,400485,Algeria,Attack,"[""Napoli""]",17
339,Frank Anguissa,354361,Cameroon,Midfield,40000000,4,5,10th Most Frequent,Giacomo Raspadori,405885,Italy,Attack,"[""Napoli""]",95
339,Frank Anguissa,354361,Cameroon,Midfield,40000000,5,5,Most Frequent,Giovanni Di Lorenzo,169880,Italy,Defender,"[""Napoli""]",158
340,Christian Pulisic,315779,United States,Attack,60000000,1,5,Least Frequent,Joe Scally,504153,United States,Defender,"[""Borussia Mönchengladbach""]",1
340,Christian Pulisic,315779,United States,Attack,60000000,2,5,Low-Mid Tier,Noni Madueke,503987,England,Attack,"[""Chelsea""]",4
340,Christian Pulisic,315779,United States,Attack,60000000,3,5,Mid Tier,Jeremy Toljan,129674,Germany,Defender,"[""Borussia Dortmund""]",20
340,Christian Pulisic,315779,United States,Attack,60000000,4,5,10th Most Frequent,Tijjani Reijnders,460939,Netherlands,Midfield,"[""AC Milan""]",97
340,Christian Pulisic,315779,United States,Attack,60000000,5,5,Most Frequent,Ruben Loftus-Cheek,202886,England,Midfield,"[""AC Milan"", ""Chelsea""]",148
341,Hugo Ekitiké,709726,France,Attack,90000000,1,5,Least Frequent,Calvin Ramsay,633652,Scotland,Defender,"[""Liverpool""]",1
341,Hugo Ekitiké,709726,France,Attack,90000000,2,5,Low-Mid Tier,German Onugkha,568318,Russia,Attack,"[""Vejle Boldklub""]",2
341,Hugo Ekitiké,709726,France,Attack,90000000,3,5,Mid Tier,Michy Batshuayi,179184,Belgium,Attack,"[""Eintracht Frankfurt""]",11
341,Hugo Ekitiké,709726,France,Attack,90000000,4,5,10th Most Frequent,Alexis Mac Allister,534033,Argentina,Midfield,"[""Liverpool""]",43
341,Hugo Ekitiké,709726,France,Attack,90000000,5,5,Most Frequent,Ansgar Knauff,429874,Germany,Attack,"[""Eintracht Frankfurt""]",57
342,Kieran Trippier,95810,England,Defender,35000000,1,5,Least Frequent,Leo Shahar,940858,England,Defender,"[""Newcastle United""]",1
342,Kieran Trippier,95810,England,Defender,35000000,2,5,Low-Mid Tier,Jonjo Shelvey,71292,England,Midfield,"[""Newcastle United""]",8
342,Kieran Trippier,95810,England,Defender,35000000,3,5,Mid Tier,Allan Saint-Maximin,272642,France,Attack,"[""Newcastle United""]",32
342,Kieran Trippier,95810,England,Defender,35000000,4,5,10th Most Frequent,Christian Eriksen,69633,Denmark,Midfield,"[""Tottenham""]",91
342,Kieran Trippier,95810,England,Defender,35000000,5,5,Most Frequent,Dan Burn,134270,England,Defender,"[""Newcastle United""]",130
343,Edmond Tapsoba,564545,Burkina Faso,Defender,45000000,1,5,Least Frequent,Tim Oermann,696164,Germany,Defender,"[""Bayer Leverkusen""]",1
343,Edmond Tapsoba,564545,Burkina Faso,Defender,45000000,2,5,Low-Mid Tier,Tin Jedvaj,206386,Croatia,Defender,"[""Bayer Leverkusen""]",4
343,Edmond Tapsoba,564545,Burkina Faso,Defender,45000000,3,5,Mid Tier,Falaye Sacko,364857,Mali,Defender,"[""Vitória Guimarães""]",17
343,Edmond Tapsoba,564545,Burkina Faso,Defender,45000000,4,5,10th Most Frequent,Alejandro Grimaldo,193082,Spain,Defender,"[""Bayer Leverkusen""]",126
343,Edmond Tapsoba,564545,Burkina Faso,Defender,45000000,5,5,Most Frequent,Jonathan Tah,196357,Germany,Defender,"[""Bayer Leverkusen""]",202
344,Hugo Ekitiké,709726,France,Attack,90000000,1,5,Least Frequent,Calvin Ramsay,633652,Scotland,Defender,"[""Liverpool""]",1
344,Hugo Ekitiké,709726,France,Attack,90000000,2,5,Low-Mid Tier,German Onugkha,568318,Russia,Attack,"[""Vejle Boldklub""]",2
344,Hugo Ekitiké,709726,France,Attack,90000000,3,5,Mid Tier,Michy Batshuayi,179184,Belgium,Attack,"[""Eintracht Frankfurt""]",11
344,Hugo Ekitiké,709726,France,Attack,90000000,4,5,10th Most Frequent,Alexis Mac Allister,534033,Argentina,Midfield,"[""Liverpool""]",43
344,Hugo Ekitiké,709726,France,Attack,90000000,5,5,Most Frequent,Ansgar Knauff,429874,Germany,Attack,"[""Eintracht Frankfurt""]",57
345,Hugo Ekitiké,709726,France,Attack,90000000,1,5,Least Frequent,Calvin Ramsay,633652,Scotland,Defender,"[""Liverpool""]",1
345,Hugo Ekitiké,709726,France,Attack,90000000,2,5,Low-Mid Tier,German Onugkha,568318,Russia,Attack,"[""Vejle Boldklub""]",2
345,Hugo Ekitiké,709726,France,Attack,90000000,3,5,Mid Tier,Michy Batshuayi,179184,Belgium,Attack,"[""Eintracht Frankfurt""]",11
345,Hugo Ekitiké,709726,France,Attack,90000000,4,5,10th Most Frequent,Alexis Mac Allister,534033,Argentina,Midfield,"[""Liverpool""]",43
345,Hugo Ekitiké,709726,France,Attack,90000000,5,5,Most Frequent,Ansgar Knauff,429874,Germany,Attack,"[""Eintracht Frankfurt""]",57
346,Fikayo Tomori,303254,England,Defender,50000000,1,5,Least Frequent,Warren Bondo,659516,France,Midfield,"[""AC Milan""]",1
346,Fikayo Tomori,303254,England,Defender,50000000,2,5,Low-Mid Tier,Tariq Lamptey,504148,Ghana,Defender,"[""Chelsea""]",3
346,Fikayo Tomori,303254,England,Defender,50000000,3,5,Mid Tier,Emerson Royal,476344,Brazil,Defender,"[""AC Milan""]",17
346,Fikayo Tomori,303254,England,Defender,50000000,4,5,10th Most Frequent,Rade Krunic,259953,Bosnia-Herzegovina,Midfield,"[""AC Milan""]",88
346,Fikayo Tomori,303254,England,Defender,50000000,5,5,Most Frequent,Rafael Leão,357164,Portugal,Attack,"[""AC Milan""]",181
347,Jonathan David,533738,Canada,Attack,60000000,1,5,Least Frequent,Mathieu Choinière,589006,Canada,Midfield,"[""Los Angeles""]",1
347,Jonathan David,533738,Canada,Attack,60000000,2,5,Low-Mid Tier,Andrej Ilic,583699,Serbia,Attack,"[""LOSC Lille""]",3
347,Jonathan David,533738,Canada,Attack,60000000,3,5,Mid Tier,Dylan Bronn,450417,Tunisia,Defender,"[""KAA Gent""]",21
347,Jonathan David,533738,Canada,Attack,60000000,4,5,10th Most Frequent,Rémy Cabella,113707,France,Midfield,"[""LOSC Lille""]",96
347,Jonathan David,533738,Canada,Attack,60000000,5,5,Most Frequent,Benjamin André,84301,France,Midfield,"[""LOSC Lille""]",186
348,Kingsley Coman,243714,France,Attack,65000000,1,5,Least Frequent,Lennart Karl,1075147,Germany,Midfield,"[""Bayern Munich""]",1
348,Kingsley Coman,243714,France,Attack,65000000,2,5,Low-Mid Tier,Gregory van der Wiel,45548,Netherlands,Defender,"[""Paris Saint-Germain""]",2
348,Kingsley Coman,243714,France,Attack,65000000,3,5,Mid Tier,Omar Richards,424881,England,Defender,"[""Bayern Munich""]",10
348,Kingsley Coman,243714,France,Attack,65000000,4,5,10th Most Frequent,Jamal Musiala,580195,Germany,Midfield,"[""Bayern Munich""]",146
348,Kingsley Coman,243714,France,Attack,65000000,5,5,Most Frequent,Thomas Müller,58358,Germany,Attack,"[""Bayern Munich""]",299
349,Pablo Fornals,357885,Spain,Midfield,30000000,1,5,Least Frequent,Iván Corralejo,1111831,Spain,Midfield,"[""Real Betis Balompié""]",1
349,Pablo Fornals,357885,Spain,Midfield,30000000,2,5,Low-Mid Tier,Roger Martínez,285771,Colombia,Attack,"[""Villarreal""]",8
349,Pablo Fornals,357885,Spain,Midfield,30000000,3,5,Mid Tier,James Ward-Prowse,181579,England,Midfield,"[""West Ham United""]",21
349,Pablo Fornals,357885,Spain,Midfield,30000000,4,5,10th Most Frequent,Manuel Lanzini,135853,Argentina,Midfield,"[""West Ham United""]",94
349,Pablo Fornals,357885,Spain,Midfield,30000000,5,5,Most Frequent,Tomáš Souček,283628,Czech Republic,Midfield,"[""West Ham United""]",152
350,Rodrigo,131505,Spain,Attack,50000000,1,5,Least Frequent,Kristoffer Klaesson,418561,Norway,Goalkeeper,"[""Leeds United""]",1
350,Rodrigo,131505,Spain,Attack,50000000,2,5,Low-Mid Tier,Lucas Orbán,110309,Argentina,Defender,"[""Valencia""]",8
350,Rodrigo,131505,Spain,Attack,50000000,3,5,Mid Tier,Pablo Piatti,56067,Argentina,Attack,"[""Valencia""]",21
350,Rodrigo,131505,Spain,Attack,50000000,4,5,10th Most Frequent,Illan Meslier,542586,France,Goalkeeper,"[""Leeds United""]",83
350,Rodrigo,131505,Spain,Attack,50000000,5,5,Most Frequent,Dani Parejo,59561,Spain,Midfield,"[""Valencia""]",172
351,Kingsley Coman,243714,France,Attack,65000000,1,5,Least Frequent,Lennart Karl,1075147,Germany,Midfield,"[""Bayern Munich""]",1
351,Kingsley Coman,243714,France,Attack,65000000,2,5,Low-Mid Tier,Gregory van der Wiel,45548,Netherlands,Defender,"[""Paris Saint-Germain""]",2
351,Kingsley Coman,243714,France,Attack,65000000,3,5,Mid Tier,Omar Richards,424881,England,Defender,"[""Bayern Munich""]",10
351,Kingsley Coman,243714,France,Attack,65000000,4,5,10th Most Frequent,Jamal Musiala,580195,Germany,Midfield,"[""Bayern Munich""]",146
351,Kingsley Coman,243714,France,Attack,65000000,5,5,Most Frequent,Thomas Müller,58358,Germany,Attack,"[""Bayern Munich""]",299
352,Kingsley Coman,243714,France,Attack,65000000,1,5,Least Frequent,Lennart Karl,1075147,Germany,Midfield,"[""Bayern Munich""]",1
352,Kingsley Coman,243714,France,Attack,65000000,2,5,Low-Mid Tier,Gregory van der Wiel,45548,Netherlands,Defender,"[""Paris Saint-Germain""]",2
352,Kingsley Coman,243714,France,Attack,65000000,3,5,Mid Tier,Omar Richards,424881,England,Defender,"[""Bayern Munich""]",10
352,Kingsley Coman,243714,France,Attack,65000000,4,5,10th Most Frequent,Jamal Musiala,580195,Germany,Midfield,"[""Bayern Munich""]",146
352,Kingsley Coman,243714,France,Attack,65000000,5,5,Most Frequent,Thomas Müller,58358,Germany,Attack,"[""Bayern Munich""]",299
353,Ismaël Bennacer,351816,Algeria,Midfield,40000000,1,5,Least Frequent,Kyle Walker,95424,England,Defender,"[""AC Milan""]",1
353,Ismaël Bennacer,351816,Algeria,Midfield,40000000,2,5,Low-Mid Tier,Emerson Royal,476344,Brazil,Defender,"[""AC Milan""]",5
353,Ismaël Bennacer,351816,Algeria,Midfield,40000000,3,5,Mid Tier,Geoffrey Kondogbia,127189,Central African Republic,Midfield,"[""Olympique Marseille""]",11
353,Ismaël Bennacer,351816,Algeria,Midfield,40000000,4,5,10th Most Frequent,Olivier Giroud,82442,France,Attack,"[""AC Milan""]",90
353,Ismaël Bennacer,351816,Algeria,Midfield,40000000,5,5,Most Frequent,Theo Hernández,339808,France,Defender,"[""AC Milan""]",157
354,Nico O'Reilly,743413,England,Defender,70000000,1,5,Least Frequent,Jarell Quansah,632349,England,Defender,"[""Bayer Leverkusen""]",1
354,Nico O'Reilly,743413,England,Defender,70000000,2,5,Low-Mid Tier,Ryan McAidoo,1187640,England,Attack,"[""Manchester City""]",2
354,Nico O'Reilly,743413,England,Defender,70000000,3,5,Mid Tier,Stefan Ortega,85941,Germany,Goalkeeper,"[""Manchester City""]",8
354,Nico O'Reilly,743413,England,Defender,70000000,4,5,10th Most Frequent,Rúben Dias,258004,Portugal,Defender,"[""Manchester City""]",44
354,Nico O'Reilly,743413,England,Defender,70000000,5,5,Most Frequent,Bernardo Silva,241641,Portugal,Midfield,"[""Manchester City""]",59
355,Ansu Fati,466810,Spain,Attack,80000000,1,5,Least Frequent,Dani Rodríguez,834470,Spain,Attack,"[""Barcelona""]",1
355,Ansu Fati,466810,Spain,Attack,80000000,2,5,Low-Mid Tier,James Milner,3333,England,Midfield,"[""Brighton & Hove Albion""]",6
355,Ansu Fati,466810,Spain,Attack,80000000,3,5,Mid Tier,Neto,111819,Brazil,Goalkeeper,"[""Barcelona""]",13
355,Ansu Fati,466810,Spain,Attack,80000000,4,5,10th Most Frequent,Ferran Torres,398184,Spain,Attack,"[""Barcelona""]",57
355,Ansu Fati,466810,Spain,Attack,80000000,5,5,Most Frequent,Marc-André ter Stegen,74857,Germany,Goalkeeper,"[""Barcelona""]",96
356,Mario Gila,618341,Spain,Defender,30000000,1,5,Least Frequent,Adrian Przyborek,1018395,Poland,Midfield,"[""Società Sportiva Lazio S.p.A.""]",1
356,Mario Gila,618341,Spain,Defender,30000000,2,5,Low-Mid Tier,Sergej Milinković-Savić,266302,Serbia,Midfield,"[""Società Sportiva Lazio S.p.A.""]",9
356,Mario Gila,618341,Spain,Defender,30000000,3,5,Mid Tier,Ciro Immobile,105521,Italy,Attack,"[""Società Sportiva Lazio S.p.A.""]",30
356,Mario Gila,618341,Spain,Defender,30000000,4,5,10th Most Frequent,Matías Vecino,143812,Uruguay,Midfield,"[""Società Sportiva Lazio S.p.A.""]",68
356,Mario Gila,618341,Spain,Defender,30000000,5,5,Most Frequent,Adam Marusic,239802,Montenegro,Defender,"[""Società Sportiva Lazio S.p.A.""]",108
357,Nicolas Jackson,776890,Senegal,Attack,55000000,1,5,Least Frequent,Abdoulaye Seck,265383,Senegal,Defender,"[""""]",1
357,Nicolas Jackson,776890,Senegal,Attack,55000000,2,5,Low-Mid Tier,Bara Sapoko Ndiaye,1497653,Senegal,Midfield,"[""Bayern Munich""]",4
357,Nicolas Jackson,776890,Senegal,Attack,55000000,3,5,Mid Tier,Alphonso Davies,424204,Canada,Defender,"[""Bayern Munich""]",13
357,Nicolas Jackson,776890,Senegal,Attack,55000000,4,5,10th Most Frequent,Conor Gallagher,488362,England,Midfield,"[""Chelsea""]",43
357,Nicolas Jackson,776890,Senegal,Attack,55000000,5,5,Most Frequent,Moisés Caicedo,687626,Ecuador,Midfield,"[""Chelsea""]",75
358,Ansu Fati,466810,Spain,Attack,80000000,1,5,Least Frequent,Dani Rodríguez,834470,Spain,Attack,"[""Barcelona""]",1
358,Ansu Fati,466810,Spain,Attack,80000000,2,5,Low-Mid Tier,James Milner,3333,England,Midfield,"[""Brighton & Hove Albion""]",6
358,Ansu Fati,466810,Spain,Attack,80000000,3,5,Mid Tier,Neto,111819,Brazil,Goalkeeper,"[""Barcelona""]",13
358,Ansu Fati,466810,Spain,Attack,80000000,4,5,10th Most Frequent,Ferran Torres,398184,Spain,Attack,"[""Barcelona""]",57
358,Ansu Fati,466810,Spain,Attack,80000000,5,5,Most Frequent,Marc-André ter Stegen,74857,Germany,Goalkeeper,"[""Barcelona""]",96
359,Ansu Fati,466810,Spain,Attack,80000000,1,5,Least Frequent,Dani Rodríguez,834470,Spain,Attack,"[""Barcelona""]",1
359,Ansu Fati,466810,Spain,Attack,80000000,2,5,Low-Mid Tier,James Milner,3333,England,Midfield,"[""Brighton & Hove Albion""]",6
359,Ansu Fati,466810,Spain,Attack,80000000,3,5,Mid Tier,Neto,111819,Brazil,Goalkeeper,"[""Barcelona""]",13
359,Ansu Fati,466810,Spain,Attack,80000000,4,5,10th Most Frequent,Ferran Torres,398184,Spain,Attack,"[""Barcelona""]",57
359,Ansu Fati,466810,Spain,Attack,80000000,5,5,Most Frequent,Marc-André ter Stegen,74857,Germany,Goalkeeper,"[""Barcelona""]",96
360,Jamie Gittens,670882,England,Attack,50000000,1,5,Least Frequent,Shumaira Mheuka,982097,England,Attack,"[""Chelsea""]",1
360,Jamie Gittens,670882,England,Attack,50000000,2,5,Low-Mid Tier,Erling Haaland,418560,Norway,Attack,"[""Borussia Dortmund""]",4
360,Jamie Gittens,670882,England,Attack,50000000,3,5,Mid Tier,Wesley Fofana,475411,France,Defender,"[""Chelsea""]",15
360,Jamie Gittens,670882,England,Attack,50000000,4,5,10th Most Frequent,Niklas Süle,166601,Germany,Defender,"[""Borussia Dortmund""]",56
360,Jamie Gittens,670882,England,Attack,50000000,5,5,Most Frequent,Julian Brandt,187492,Germany,Midfield,"[""Borussia Dortmund""]",98
361,Anthony Martial,182877,France,Attack,65000000,1,5,Least Frequent,Zini,718115,Angola,Attack,"[""Athlitiki Enosi Konstantinoupoleos""]",1
361,Anthony Martial,182877,France,Attack,65000000,2,5,Low-Mid Tier,Angel Gomes,392770,England,Midfield,"[""Manchester United""]",3
361,Anthony Martial,182877,France,Attack,65000000,3,5,Mid Tier,Gerasimos Mitoglou,684519,Greece,Defender,"[""Athlitiki Enosi Konstantinoupoleos""]",11
361,Anthony Martial,182877,France,Attack,65000000,4,5,10th Most Frequent,Scott McTominay,315969,Scotland,Midfield,"[""Manchester United""]",116
361,Anthony Martial,182877,France,Attack,65000000,5,5,Most Frequent,David de Gea,59377,Spain,Goalkeeper,"[""Manchester United""]",236
362,Wilfred Ndidi,274839,Nigeria,Midfield,60000000,1,5,Least Frequent,Devis Vásquez,495722,Colombia,Goalkeeper,"[""Beşiktaş Jimnastik Kulübü""]",1
362,Wilfred Ndidi,274839,Nigeria,Midfield,60000000,2,5,Low-Mid Tier,Sekou Cissé,22339,Cote d'Ivoire,Attack,"[""KRC Genk""]",3
362,Wilfred Ndidi,274839,Nigeria,Midfield,60000000,3,5,Mid Tier,Abdul Fatawu,864121,Ghana,Attack,"[""Leicester City""]",12
362,Wilfred Ndidi,274839,Nigeria,Midfield,60000000,4,5,10th Most Frequent,Jonny Evans,42412,Northern Ireland,Defender,"[""Leicester City""]",102
362,Wilfred Ndidi,274839,Nigeria,Midfield,60000000,5,5,Most Frequent,Jamie Vardy,197838,England,Attack,"[""Leicester City""]",222
363,Ramires,54170,Brazil,Midfield,30000000,1,5,Least Frequent,Andreas Christensen,196948,Denmark,Defender,"[""Chelsea""]",1
363,Ramires,54170,Brazil,Midfield,30000000,2,5,Low-Mid Tier,Radamel Falcao,39152,Colombia,Attack,"[""Chelsea""]",6
363,Ramires,54170,Brazil,Midfield,30000000,3,5,Mid Tier,Asmir Begovic,33873,Bosnia-Herzegovina,Goalkeeper,"[""Chelsea""]",14
363,Ramires,54170,Brazil,Midfield,30000000,4,5,10th Most Frequent,Willian,52769,Brazil,Attack,"[""Chelsea""]",79
363,Ramires,54170,Brazil,Midfield,30000000,5,5,Most Frequent,Eden Hazard,50202,Belgium,Attack,"[""Chelsea""]",137
364,André Silva,198008,Portugal,Attack,45000000,1,5,Least Frequent,Álex Sánchez,1186244,Spain,Attack,"[""Elche""]",1
364,André Silva,198008,Portugal,Attack,45000000,2,5,Low-Mid Tier,Niklas Stark,162434,Germany,Defender,"[""Werder Bremen""]",5
364,André Silva,198008,Portugal,Attack,45000000,3,5,Mid Tier,Christoph Baumgartner,324278,Austria,Midfield,"[""RB Leipzig""]",14
364,André Silva,198008,Portugal,Attack,45000000,4,5,10th Most Frequent,Péter Gulácsi,57071,Hungary,Goalkeeper,"[""RB Leipzig""]",70
364,André Silva,198008,Portugal,Attack,45000000,5,5,Most Frequent,Willi Orbán,93740,Hungary,Defender,"[""RB Leipzig""]",101
365,Wilfred Ndidi,274839,Nigeria,Midfield,60000000,1,5,Least Frequent,Devis Vásquez,495722,Colombia,Goalkeeper,"[""Beşiktaş Jimnastik Kulübü""]",1
365,Wilfred Ndidi,274839,Nigeria,Midfield,60000000,2,5,Low-Mid Tier,Sekou Cissé,22339,Cote d'Ivoire,Attack,"[""KRC Genk""]",3
365,Wilfred Ndidi,274839,Nigeria,Midfield,60000000,3,5,Mid Tier,Abdul Fatawu,864121,Ghana,Attack,"[""Leicester City""]",12
365,Wilfred Ndidi,274839,Nigeria,Midfield,60000000,4,5,10th Most Frequent,Jonny Evans,42412,Northern Ireland,Defender,"[""Leicester City""]",102
365,Wilfred Ndidi,274839,Nigeria,Midfield,60000000,5,5,Most Frequent,Jamie Vardy,197838,England,Attack,"[""Leicester City""]",222
