game_day,selected_target,player_name,club_name,goals,appearances,nationality
1,Serie A 2018/19,Fabio Quagliarella,UC Sampdoria,26,37,
1,Serie A 2018/19,Duván Zapata,Atalanta Bergamasca Calcio S.p.a.,23,37,Colombia
1,Serie A 2018/19,Krzysztof Piatek,Genoa Cricket and Football Club,22,37,Poland
1,Serie A 2018/19,Cristiano Ronaldo,Juventus Football Club,21,31,Portugal
1,Serie A 2018/19,Arkadiusz Milik,Società Sportiva Calcio Napoli,17,35,Poland
1,Serie A 2018/19,Dries Mertens,Società Sportiva Calcio Napoli,16,35,Belgium
1,Serie A 2018/19,Andrea Petagna,SPAL,16,36,Italy
1,Serie A 2018/19,Leonardo Pavoletti,Cagliari Calcio,16,32,Italy
1,Serie A 2018/19,Francesco Caputo,FC Empoli,16,38,Italy
1,Serie A 2018/19,Andrea Belotti,Torino Calcio,15,37,Italy
2,Premier League 2016/17,Harry Kane,Tottenham Hotspur Football Club,29,30,England
2,Premier League 2016/17,Romelu Lukaku,Everton Football Club,25,37,Belgium
2,Premier League 2016/17,Alexis Sánchez,Arsenal Football Club,24,38,Chile
2,Premier League 2016/17,Diego Costa,Chelsea Football Club,20,35,Spain
2,Premier League 2016/17,Sergio Agüero,Manchester City Football Club,20,31,Argentina
2,Premier League 2016/17,Dele Alli,Tottenham Hotspur Football Club,18,37,England
2,Premier League 2016/17,Zlatan Ibrahimović,Manchester United Football Club,17,28,Sweden
2,Premier League 2016/17,Eden Hazard,Chelsea Football Club,16,36,Belgium
2,Premier League 2016/17,Joshua King,Association Football Club Bournemouth,16,36,Norway
2,Premier League 2016/17,Fernando Llorente,Swansea City,15,33,Spain
3,Bundesliga 2015/16,Robert Lewandowski,Bayern Munich,30,32,Poland
3,Bundesliga 2015/16,Pierre-Emerick Aubameyang,Borussia Dortmund,25,31,Gabon
3,Bundesliga 2015/16,Thomas Müller,Bayern Munich,20,31,Germany
3,Bundesliga 2015/16,Chicharito,Bayer 04 Leverkusen Fußball,17,28,Mexico
3,Bundesliga 2015/16,Anthony Modeste,1. Fußball-Club Köln,15,34,France
3,Bundesliga 2015/16,Sandro Wagner,SV Darmstadt 98,14,32,Germany
3,Bundesliga 2015/16,Claudio Pizarro,Sportverein Werder Bremen von 1899,14,28,Peru
3,Bundesliga 2015/16,Salomon Kalou,Hertha BSC,14,32,Cote d'Ivoire
3,Bundesliga 2015/16,Raffael,Borussia Verein für Leibesübungen 1900 Mönchengladbach,13,31,Brazil
3,Bundesliga 2015/16,Daniel Didavi,Verein für Bewegungsspiele Stuttgart 1893,13,31,Germany
4,La Liga 2012/13,Lionel Messi,Futbol Club Barcelona,46,32,Argentina
4,La Liga 2012/13,Cristiano Ronaldo,Real Madrid Club de Fútbol,34,34,Portugal
4,La Liga 2012/13,Radamel Falcao,Club Atlético de Madrid S.A.D.,28,34,Colombia
4,La Liga 2012/13,Álvaro Negredo,Sevilla Fútbol Club S.A.D.,25,36,Spain
4,La Liga 2012/13,Roberto Soldado,Valencia Club de Fútbol S. A. D.,24,35,Spain
4,La Liga 2012/13,Rubén Castro,Real Betis Balompié S.A.D.,18,34,Spain
4,La Liga 2012/13,Piti,Rayo Vallecano de Madrid S. A. D.,18,35,Spain
4,La Liga 2012/13,Gonzalo Higuaín,Real Madrid Club de Fútbol,16,28,Argentina
4,La Liga 2012/13,Aritz Aduriz,Athletic Club Bilbao,14,36,Spain
4,La Liga 2012/13,Carlos Vela,Real Sociedad de Fútbol S.A.D.,14,35,Mexico
5,Bundesliga 2020/21,Robert Lewandowski,Bayern Munich,41,29,Poland
5,Bundesliga 2020/21,André Silva,Eintracht Frankfurt Fußball AG,28,32,Portugal
5,Bundesliga 2020/21,Erling Haaland,Borussia Dortmund,27,28,Norway
5,Bundesliga 2020/21,Wout Weghorst,Verein für Leibesübungen Wolfsburg,20,34,Netherlands
5,Bundesliga 2020/21,Andrej Kramaric,Turn- und Sportgemeinschaft 1899 Hoffenheim Fußball-Spielbetriebs,20,28,Croatia
5,Bundesliga 2020/21,Sasa Kalajdzic,Verein für Bewegungsspiele Stuttgart 1893,16,33,Austria
5,Bundesliga 2020/21,Lars Stindl,Borussia Verein für Leibesübungen 1900 Mönchengladbach,14,30,Germany
5,Bundesliga 2020/21,Lucas Alario,Bayer 04 Leverkusen Fußball,11,25,Argentina
5,Bundesliga 2020/21,Max Kruse,1. Fußballclub Union Berlin,11,22,Germany
5,Bundesliga 2020/21,Thomas Müller,Bayern Munich,11,32,Germany
6,Ligue 1 2021/22,Kylian Mbappé,Paris Saint-Germain Football Club,28,35,France
6,Ligue 1 2021/22,Wissam Ben Yedder,Association sportive de Monaco Football Club,25,37,France
6,Ligue 1 2021/22,Moussa Dembélé,Olympique Lyonnais,21,30,France
6,Ligue 1 2021/22,Martin Terrier,Stade Rennais Football Club,21,37,France
6,Ligue 1 2021/22,Andy Delort,Olympique Gymnaste Club Nice Côte d'Azur,18,35,Algeria
6,Ligue 1 2021/22,Jonathan David,Lille Olympique Sporting Club,15,38,Canada
6,Ligue 1 2021/22,Gaëtan Laborde,Stade Rennais Football Club,15,38,France
6,Ligue 1 2021/22,Mohamed Bayo,Clermont Foot 63,14,32,Guinea
6,Ligue 1 2021/22,Neymar,Paris Saint-Germain Football Club,13,22,Brazil
6,Ligue 1 2021/22,Ludovic Ajorque,Racing Club de Strasbourg Alsace,12,36,France
7,La Liga 2017/18,Lionel Messi,Futbol Club Barcelona,34,36,Argentina
7,La Liga 2017/18,Cristiano Ronaldo,Real Madrid Club de Fútbol,26,27,Portugal
7,La Liga 2017/18,Luis Suárez,Futbol Club Barcelona,25,33,Uruguay
7,La Liga 2017/18,Iago Aspas,Real Club Celta de Vigo S. A. D.,22,34,Spain
7,La Liga 2017/18,Cristhian Stuani,Girona Fútbol Club S. A. D.,21,33,Uruguay
7,La Liga 2017/18,Antoine Griezmann,Club Atlético de Madrid S.A.D.,19,32,France
7,La Liga 2017/18,Maxi Gómez,Real Club Celta de Vigo S. A. D.,18,36,Uruguay
7,La Liga 2017/18,Gareth Bale,Real Madrid Club de Fútbol,16,26,Wales
7,La Liga 2017/18,Rodrigo,Valencia Club de Fútbol S. A. D.,16,37,Spain
7,La Liga 2017/18,Gerard Moreno,Reial Club Deportiu Espanyol de Barcelona S.A.D.,16,38,Spain
8,Serie A 2023/24,Lautaro Martínez,Football Club Internazionale Milano S.p.A.,24,33,Argentina
8,Serie A 2023/24,Dušan Vlahović,Juventus Football Club,16,33,Serbia
8,Serie A 2023/24,Olivier Giroud,Associazione Calcio Milan,15,35,France
8,Serie A 2023/24,Victor Osimhen,Società Sportiva Calcio Napoli,15,25,Nigeria
8,Serie A 2023/24,Albert Gudmundsson,Genoa Cricket and Football Club,14,35,Iceland
8,Serie A 2023/24,Romelu Lukaku,Associazione Sportiva Roma,13,32,Belgium
8,Serie A 2023/24,Marcus Thuram,Football Club Internazionale Milano S.p.A.,13,35,France
8,Serie A 2023/24,Duván Zapata,Torino Calcio,13,37,Colombia
8,Serie A 2023/24,Hakan Çalhanoğlu,Football Club Internazionale Milano S.p.A.,13,32,Türkiye
8,Serie A 2023/24,Paulo Dybala,Associazione Sportiva Roma,13,28,Argentina
9,Bundesliga 2018/19,Robert Lewandowski,Bayern Munich,22,33,Poland
9,Bundesliga 2018/19,Paco Alcácer,Borussia Dortmund,18,26,Spain
9,Bundesliga 2018/19,Kai Havertz,Bayer 04 Leverkusen Fußball,17,34,Germany
9,Bundesliga 2018/19,Wout Weghorst,Verein für Leibesübungen Wolfsburg,17,34,Netherlands
9,Bundesliga 2018/19,Luka Jović,Eintracht Frankfurt Fußball AG,17,32,Serbia
9,Bundesliga 2018/19,Andrej Kramaric,Turn- und Sportgemeinschaft 1899 Hoffenheim Fußball-Spielbetriebs,17,30,Croatia
9,Bundesliga 2018/19,Marco Reus,Borussia Dortmund,17,27,Germany
9,Bundesliga 2018/19,Ishak Belfodil,Turn- und Sportgemeinschaft 1899 Hoffenheim Fußball-Spielbetriebs,16,28,Algeria
9,Bundesliga 2018/19,Timo Werner,RasenBallsport Leipzig,16,30,Germany
9,Bundesliga 2018/19,Sébastien Haller,Eintracht Frankfurt Fußball AG,15,29,Cote d'Ivoire
10,Serie A 2021/22,Ciro Immobile,Società Sportiva Lazio S.p.A.,27,31,Italy
10,Serie A 2021/22,Dušan Vlahović,Associazione Calcio Fiorentina,24,36,Serbia
10,Serie A 2021/22,Lautaro Martínez,Football Club Internazionale Milano S.p.A.,21,35,Argentina
10,Serie A 2021/22,Tammy Abraham,Associazione Sportiva Roma,17,37,England
10,Serie A 2021/22,Giovanni Simeone,Verona Hellas Football Club,17,36,Argentina
10,Serie A 2021/22,Gianluca Scamacca,Unione Sportiva Sassuolo Calcio,16,36,Italy
10,Serie A 2021/22,Domenico Berardi,Unione Sportiva Sassuolo Calcio,15,33,Italy
10,Serie A 2021/22,Victor Osimhen,Società Sportiva Calcio Napoli,14,27,Nigeria
10,Serie A 2021/22,Marko Arnautovic,Bologna Football Club 1909,14,33,Austria
10,Serie A 2021/22,Gerard Deulofeu,Udinese Calcio,13,34,Spain
11,Premier League 2014/15,Sergio Agüero,Manchester City Football Club,26,33,Argentina
11,Premier League 2014/15,Harry Kane,Tottenham Hotspur Football Club,21,34,England
11,Premier League 2014/15,Diego Costa,Chelsea Football Club,20,26,Spain
11,Premier League 2014/15,Charlie Austin,Queens Park Rangers,18,35,England
11,Premier League 2014/15,Alexis Sánchez,Arsenal Football Club,16,35,Chile
11,Premier League 2014/15,Olivier Giroud,Arsenal Football Club,14,27,France
11,Premier League 2014/15,Eden Hazard,Chelsea Football Club,14,38,Belgium
11,Premier League 2014/15,Saido Berahino,West Bromwich Albion,14,38,Burundi
11,Premier League 2014/15,Christian Benteke,Aston Villa Football Club,13,29,Belgium
11,Premier League 2014/15,David Silva,Manchester City Football Club,12,32,Spain
12,Serie A 2020/21,Cristiano Ronaldo,Juventus Football Club,36,41,Portugal
12,Serie A 2020/21,Romelu Lukaku,Football Club Internazionale Milano S.p.A.,28,44,Belgium
12,Serie A 2020/21,Ciro Immobile,Società Sportiva Lazio S.p.A.,27,43,Italy
12,Serie A 2020/21,Luis Muriel,Atalanta Bergamasca Calcio S.p.a.,25,45,Colombia
12,Serie A 2020/21,Zlatan Ibrahimović,Associazione Calcio Milan,22,29,Sweden
12,Serie A 2020/21,Lorenzo Insigne,Società Sportiva Calcio Napoli,22,45,Italy
12,Serie A 2020/21,Dušan Vlahović,Associazione Calcio Fiorentina,21,43,Serbia
12,Serie A 2020/21,Domenico Berardi,Unione Sportiva Sassuolo Calcio,21,38,Italy
12,Serie A 2020/21,Simy,FC Crotone,20,38,Nigeria
12,Serie A 2020/21,Lautaro Martínez,Football Club Internazionale Milano S.p.A.,19,48,Argentina
13,Premier League 2013/14,Luis Suárez,Liverpool Football Club,31,33,Uruguay
13,Premier League 2013/14,Daniel Sturridge,Liverpool Football Club,22,29,England
13,Premier League 2013/14,Yaya Touré,Manchester City Football Club,20,35,Cote d'Ivoire
13,Premier League 2013/14,Wilfried Bony,Swansea City,17,34,Cote d'Ivoire
13,Premier League 2013/14,Wayne Rooney,Manchester United Football Club,17,29,England
13,Premier League 2013/14,Sergio Agüero,Manchester City Football Club,17,23,Argentina
13,Premier League 2013/14,Edin Dzeko,Manchester City Football Club,16,31,Bosnia-Herzegovina
13,Premier League 2013/14,Olivier Giroud,Arsenal Football Club,16,36,France
13,Premier League 2013/14,Jay Rodríguez,Southampton FC,15,33,England
13,Premier League 2013/14,Romelu Lukaku,Everton Football Club,15,33,Belgium
14,Bundesliga 2012/13,Stefan Kießling,Bayer 04 Leverkusen Fußball,25,34,Germany
14,Bundesliga 2012/13,Robert Lewandowski,Borussia Dortmund,24,31,Poland
14,Bundesliga 2012/13,Alexander Meier,Eintracht Frankfurt Fußball AG,16,31,Germany
14,Bundesliga 2012/13,Vedad Ibisevic,Verein für Bewegungsspiele Stuttgart 1893,15,30,Bosnia-Herzegovina
14,Bundesliga 2012/13,Mario Mandzukic,Bayern Munich,15,24,Croatia
14,Bundesliga 2012/13,Marco Reus,Borussia Dortmund,14,32,Germany
14,Bundesliga 2012/13,Thomas Müller,Bayern Munich,13,28,Germany
14,Bundesliga 2012/13,Ádám Szalai,1. Fußball- und Sportverein Mainz 05,13,29,Hungary
14,Bundesliga 2012/13,Mame Diouf,Hannover 96,12,28,Senegal
14,Bundesliga 2012/13,Heung-min Son,Hamburger Sport Verein,12,33,"Korea, South"
15,Ligue 1 2023/24,Kylian Mbappé,Paris Saint-Germain Football Club,27,29,France
15,Ligue 1 2023/24,Alexandre Lacazette,Olympique Lyonnais,19,29,France
15,Ligue 1 2023/24,Jonathan David,Lille Olympique Sporting Club,19,34,Canada
15,Ligue 1 2023/24,Pierre-Emerick Aubameyang,Olympique de Marseille,17,34,Gabon
15,Ligue 1 2023/24,Wissam Ben Yedder,Association sportive de Monaco Football Club,16,32,France
15,Ligue 1 2023/24,Thijs Dallinga,Toulouse Football Club,14,33,Netherlands
15,Ligue 1 2023/24,Georges Mikautadze,Football Club de Metz,13,20,Georgia
15,Ligue 1 2023/24,Gonçalo Ramos,Paris Saint-Germain Football Club,11,29,Portugal
15,Ligue 1 2023/24,Terem Moffi,Olympique Gymnaste Club Nice Côte d'Azur,11,30,Nigeria
15,Ligue 1 2023/24,Arnaud Kalimuendo,Stade Rennais Football Club,10,30,France
16,La Liga 2016/17,Lionel Messi,Futbol Club Barcelona,37,34,Argentina
16,La Liga 2016/17,Luis Suárez,Futbol Club Barcelona,28,35,Uruguay
16,La Liga 2016/17,Cristiano Ronaldo,Real Madrid Club de Fútbol,25,29,Portugal
16,La Liga 2016/17,Iago Aspas,Real Club Celta de Vigo S. A. D.,19,32,Spain
16,La Liga 2016/17,Antoine Griezmann,Club Atlético de Madrid S.A.D.,16,36,France
16,La Liga 2016/17,Aritz Aduriz,Athletic Club Bilbao,16,32,Spain
16,La Liga 2016/17,Álvaro Morata,Real Madrid Club de Fútbol,15,26,Spain
16,La Liga 2016/17,Sandro Ramírez,Málaga CF,14,30,Spain
16,La Liga 2016/17,Rubén Castro,Real Betis Balompié S.A.D.,13,35,Spain
16,La Liga 2016/17,Neymar,Futbol Club Barcelona,13,30,Brazil
17,La Liga 2022/23,Robert Lewandowski,Futbol Club Barcelona,23,34,Poland
17,La Liga 2022/23,Karim Benzema,Real Madrid Club de Fútbol,19,24,France
17,La Liga 2022/23,Joselu,Reial Club Deportiu Espanyol de Barcelona S.A.D.,16,34,Spain
17,La Liga 2022/23,Borja Iglesias,Real Betis Balompié S.A.D.,15,35,Spain
17,La Liga 2022/23,Antoine Griezmann,Club Atlético de Madrid S.A.D.,15,38,France
17,La Liga 2022/23,Vedat Muriqi,Real Club Deportivo Mallorca S.A.D.,15,35,Kosovo
17,La Liga 2022/23,Enes Ünal,Getafe Club de Fútbol S. A. D. Team Dubai,14,35,Türkiye
17,La Liga 2022/23,Álvaro Morata,Club Atlético de Madrid S.A.D.,13,36,Spain
17,La Liga 2022/23,Taty Castellanos,Girona Fútbol Club S. A. D.,13,35,Argentina
17,La Liga 2022/23,Nicolas Jackson,Villarreal Club de Fútbol S.A.D.,12,26,Senegal
18,Premier League 2024/25,Mohamed Salah,Liverpool Football Club,29,38,Egypt
18,Premier League 2024/25,Alexander Isak,Newcastle United Football Club,23,34,Sweden
18,Premier League 2024/25,Erling Haaland,Manchester City Football Club,22,31,Norway
18,Premier League 2024/25,Chris Wood,Nottingham Forest Football Club,20,36,New Zealand
18,Premier League 2024/25,Bryan Mbeumo,Brentford Football Club,20,38,Cameroon
18,Premier League 2024/25,Yoane Wissa,Brentford Football Club,19,35,DR Congo
18,Premier League 2024/25,Ollie Watkins,Aston Villa Football Club,16,38,England
18,Premier League 2024/25,Matheus Cunha,Wolverhampton Wanderers Football Club,15,33,Brazil
18,Premier League 2024/25,Cole Palmer,Chelsea Football Club,15,37,England
18,Premier League 2024/25,Jean-Philippe Mateta,Crystal Palace Football Club,14,37,France
19,Serie A 2017/18,Ciro Immobile,Società Sportiva Lazio S.p.A.,29,33,Italy
19,Serie A 2017/18,Mauro Icardi,Football Club Internazionale Milano S.p.A.,29,34,Argentina
19,Serie A 2017/18,Paulo Dybala,Juventus Football Club,22,33,Argentina
19,Serie A 2017/18,Fabio Quagliarella,UC Sampdoria,19,35,
19,Serie A 2017/18,Dries Mertens,Società Sportiva Calcio Napoli,18,38,Belgium
19,Serie A 2017/18,Gonzalo Higuaín,Juventus Football Club,16,35,Argentina
19,Serie A 2017/18,Edin Dzeko,Associazione Sportiva Roma,16,36,Bosnia-Herzegovina
19,Serie A 2017/18,Giovanni Simeone,Associazione Calcio Fiorentina,14,38,Argentina
19,Serie A 2017/18,Roberto Inglese,Chievo Verona,12,34,Italy
19,Serie A 2017/18,Kevin Lasagna,Udinese Calcio,12,29,Italy
20,La Liga 2024/25,Kylian Mbappé,Real Madrid Club de Fútbol,31,34,France
20,La Liga 2024/25,Robert Lewandowski,Futbol Club Barcelona,27,34,Poland
20,La Liga 2024/25,Ante Budimir,Club Atlético Osasuna,21,38,Croatia
20,La Liga 2024/25,Alexander Sørloth,Club Atlético de Madrid S.A.D.,20,35,Norway
20,La Liga 2024/25,Ayoze Pérez,Villarreal Club de Fútbol S.A.D.,19,30,Spain
20,La Liga 2024/25,Raphinha,Futbol Club Barcelona,18,36,Brazil
20,La Liga 2024/25,Julián Alvarez,Club Atlético de Madrid S.A.D.,17,37,Argentina
20,La Liga 2024/25,Oihan Sancet,Athletic Club Bilbao,15,29,Spain
20,La Liga 2024/25,Kike García,Deportivo Alavés S. A. D.,13,35,Spain
20,La Liga 2024/25,Javi Puado,Reial Club Deportiu Espanyol de Barcelona S.A.D.,12,35,Spain
21,La Liga 2021/22,Karim Benzema,Real Madrid Club de Fútbol,27,32,France
21,La Liga 2021/22,Iago Aspas,Real Club Celta de Vigo S. A. D.,18,37,Spain
21,La Liga 2021/22,Vinicius Junior,Real Madrid Club de Fútbol,17,35,Brazil
21,La Liga 2021/22,Raúl de Tomás,Reial Club Deportiu Espanyol de Barcelona S.A.D.,17,34,Spain
21,La Liga 2021/22,Juanmi,Real Betis Balompié S.A.D.,16,33,Spain
21,La Liga 2021/22,Enes Ünal,Getafe Club de Fútbol S. A. D. Team Dubai,16,37,Türkiye
21,La Liga 2021/22,Joselu,Deportivo Alavés S. A. D.,14,37,Spain
21,La Liga 2021/22,José Luis Morales,Levante Unión Deportiva S.A.D.,13,35,Spain
21,La Liga 2021/22,Ángel Correa,Club Atlético de Madrid S.A.D.,12,36,Argentina
21,La Liga 2021/22,Memphis Depay,Futbol Club Barcelona,12,28,Netherlands
22,Serie A 2016/17,Edin Dzeko,Associazione Sportiva Roma,29,37,Bosnia-Herzegovina
22,Serie A 2016/17,Dries Mertens,Società Sportiva Calcio Napoli,28,35,Belgium
22,Serie A 2016/17,Andrea Belotti,Torino Calcio,26,35,Italy
22,Serie A 2016/17,Gonzalo Higuaín,Juventus Football Club,24,38,Argentina
22,Serie A 2016/17,Mauro Icardi,Football Club Internazionale Milano S.p.A.,24,34,Argentina
22,Serie A 2016/17,Ciro Immobile,Società Sportiva Lazio S.p.A.,23,36,Italy
22,Serie A 2016/17,Lorenzo Insigne,Società Sportiva Calcio Napoli,18,37,Italy
22,Serie A 2016/17,Keita Baldé,Società Sportiva Lazio S.p.A.,16,31,Senegal
22,Serie A 2016/17,Marco Borriello,Cagliari Calcio,16,36,Italy
22,Serie A 2016/17,Papu Gómez,Atalanta Bergamasca Calcio S.p.a.,16,37,Argentina
23,La Liga 2015/16,Luis Suárez,Futbol Club Barcelona,40,35,Uruguay
23,La Liga 2015/16,Cristiano Ronaldo,Real Madrid Club de Fútbol,35,36,Portugal
23,La Liga 2015/16,Lionel Messi,Futbol Club Barcelona,26,33,Argentina
23,La Liga 2015/16,Neymar,Futbol Club Barcelona,24,34,Brazil
23,La Liga 2015/16,Karim Benzema,Real Madrid Club de Fútbol,24,27,France
23,La Liga 2015/16,Antoine Griezmann,Club Atlético de Madrid S.A.D.,22,38,France
23,La Liga 2015/16,Aritz Aduriz,Athletic Club Bilbao,20,34,Spain
23,La Liga 2015/16,Gareth Bale,Real Madrid Club de Fútbol,19,23,Wales
23,La Liga 2015/16,Rubén Castro,Real Betis Balompié S.A.D.,19,38,Spain
23,La Liga 2015/16,Borja Bastón,SD Eibar,18,36,Spain
24,Bundesliga 2014/15,Alexander Meier,Eintracht Frankfurt Fußball AG,19,26,Germany
24,Bundesliga 2014/15,Robert Lewandowski,Bayern Munich,17,31,Poland
24,Bundesliga 2014/15,Pierre-Emerick Aubameyang,Borussia Dortmund,16,33,Gabon
24,Bundesliga 2014/15,Bas Dost,Verein für Leibesübungen Wolfsburg,16,21,Netherlands
24,Bundesliga 2014/15,Franco Di Santo,Sportverein Werder Bremen von 1899,13,26,Argentina
24,Bundesliga 2014/15,Karim Bellarabi,Bayer 04 Leverkusen Fußball,12,33,Germany
24,Bundesliga 2014/15,Raffael,Borussia Verein für Leibesübungen 1900 Mönchengladbach,12,31,Brazil
24,Bundesliga 2014/15,Shinji Okazaki,1. Fußball- und Sportverein Mainz 05,12,32,Japan
24,Bundesliga 2014/15,Patrick Herrmann,Borussia Verein für Leibesübungen 1900 Mönchengladbach,11,32,Germany
24,Bundesliga 2014/15,Max Kruse,Borussia Verein für Leibesübungen 1900 Mönchengladbach,11,32,Germany
25,Ligue 1 2019/20,Kylian Mbappé,Paris Saint-Germain Football Club,18,20,France
25,Ligue 1 2019/20,Wissam Ben Yedder,Association sportive de Monaco Football Club,18,26,France
25,Ligue 1 2019/20,Moussa Dembélé,Olympique Lyonnais,16,27,France
25,Ligue 1 2019/20,Victor Osimhen,Lille Olympique Sporting Club,13,27,Nigeria
25,Ligue 1 2019/20,Neymar,Paris Saint-Germain Football Club,13,15,Brazil
25,Ligue 1 2019/20,Habib Diallo,Football Club de Metz,12,26,Senegal
25,Ligue 1 2019/20,Mauro Icardi,Paris Saint-Germain Football Club,12,20,Argentina
25,Ligue 1 2019/20,Kasper Dolberg,Olympique Gymnaste Club Nice Côte d'Azur,11,23,Denmark
25,Ligue 1 2019/20,Darío Benedetto,Olympique de Marseille,11,26,Argentina
25,Ligue 1 2019/20,Denis Bouanga,AS Saint-Étienne,10,26,Gabon
26,Ligue 1 2014/15,Alexandre Lacazette,Olympique Lyonnais,27,33,France
26,Ligue 1 2014/15,André-Pierre Gignac,Olympique de Marseille,21,38,France
26,Ligue 1 2014/15,Zlatan Ibrahimović,Paris Saint-Germain Football Club,19,24,Sweden
26,Ligue 1 2014/15,Edinson Cavani,Paris Saint-Germain Football Club,18,35,Uruguay
26,Ligue 1 2014/15,Claudio Beauvue,EA Guingamp,17,36,Guadeloupe
26,Ligue 1 2014/15,Max Gradel,AS Saint-Étienne,17,31,Cote d'Ivoire
26,Ligue 1 2014/15,Diego Rolán,FC Girondins Bordeaux,15,36,Uruguay
26,Ligue 1 2014/15,Wissam Ben Yedder,Toulouse Football Club,14,36,France
26,Ligue 1 2014/15,Nabil Fekir,Olympique Lyonnais,13,34,France
26,Ligue 1 2014/15,Jordan Ayew,Football Club Lorient-Bretagne Sud,12,31,Ghana
27,Premier League 2017/18,Mohamed Salah,Liverpool Football Club,32,36,Egypt
27,Premier League 2017/18,Harry Kane,Tottenham Hotspur Football Club,30,37,England
27,Premier League 2017/18,Sergio Agüero,Manchester City Football Club,21,25,Argentina
27,Premier League 2017/18,Jamie Vardy,Leicester City,20,37,England
27,Premier League 2017/18,Raheem Sterling,Manchester City Football Club,18,33,England
27,Premier League 2017/18,Romelu Lukaku,Manchester United Football Club,16,34,Belgium
27,Premier League 2017/18,Roberto Firmino,Liverpool Football Club,15,37,Brazil
27,Premier League 2017/18,Alexandre Lacazette,Arsenal Football Club,14,32,France
27,Premier League 2017/18,Gabriel Jesus,Manchester City Football Club,13,29,Brazil
27,Premier League 2017/18,Eden Hazard,Chelsea Football Club,12,34,Belgium
28,Serie A 2022/23,Victor Osimhen,Società Sportiva Calcio Napoli,26,32,Nigeria
28,Serie A 2022/23,Lautaro Martínez,Football Club Internazionale Milano S.p.A.,21,38,Argentina
28,Serie A 2022/23,Boulaye Dia,US Salernitana 1919,16,33,Senegal
28,Serie A 2022/23,Rafael Leão,Associazione Calcio Milan,15,35,Portugal
28,Serie A 2022/23,Ademola Lookman,Atalanta Bergamasca Calcio S.p.a.,13,31,Nigeria
28,Serie A 2022/23,Olivier Giroud,Associazione Calcio Milan,13,33,France
28,Serie A 2022/23,M'Bala Nzola,Spezia Calcio,13,31,Angola
28,Serie A 2022/23,Antonio Sanabria,Torino Calcio,12,33,Paraguay
28,Serie A 2022/23,Domenico Berardi,Unione Sportiva Sassuolo Calcio,12,26,Italy
28,Serie A 2022/23,Ciro Immobile,Società Sportiva Lazio S.p.A.,12,31,Italy
29,Premier League 2018/19,Sadio Mané,Liverpool Football Club,22,36,Senegal
29,Premier League 2018/19,Mohamed Salah,Liverpool Football Club,22,38,Egypt
29,Premier League 2018/19,Pierre-Emerick Aubameyang,Arsenal Football Club,22,36,Gabon
29,Premier League 2018/19,Sergio Agüero,Manchester City Football Club,21,33,Argentina
29,Premier League 2018/19,Jamie Vardy,Leicester City,18,34,England
29,Premier League 2018/19,Harry Kane,Tottenham Hotspur Football Club,17,28,England
29,Premier League 2018/19,Raheem Sterling,Manchester City Football Club,17,34,England
29,Premier League 2018/19,Eden Hazard,Chelsea Football Club,16,37,Belgium
29,Premier League 2018/19,Callum Wilson,Association Football Club Bournemouth,14,30,England
29,Premier League 2018/19,Gylfi Sigurdsson,Everton Football Club,13,38,Iceland
30,Ligue 1 2012/13,Zlatan Ibrahimović,Paris Saint-Germain Football Club,30,34,Sweden
30,Ligue 1 2012/13,Pierre-Emerick Aubameyang,AS Saint-Étienne,19,37,Gabon
30,Ligue 1 2012/13,Darío Cvitanich,Olympique Gymnaste Club Nice Côte d'Azur,19,29,Argentina
30,Ligue 1 2012/13,Bafétimbi Gomis,Olympique Lyonnais,16,37,France
30,Ligue 1 2012/13,Jérémie Aliadière,Football Club Lorient-Bretagne Sud,15,31,France
30,Ligue 1 2012/13,Anthony Modeste,SC Bastia,15,36,France
30,Ligue 1 2012/13,Wissam Ben Yedder,Toulouse Football Club,15,34,France
30,Ligue 1 2012/13,Salomon Kalou,Lille Olympique Sporting Club,14,28,Cote d'Ivoire
30,Ligue 1 2012/13,Saber Khalifa,Thonon Évian Grand Genève FC,13,25,Tunisia
30,Ligue 1 2012/13,André-Pierre Gignac,Olympique de Marseille,13,31,France
31,Ligue 1 2016/17,Edinson Cavani,Paris Saint-Germain Football Club,35,36,Uruguay
31,Ligue 1 2016/17,Alexandre Lacazette,Olympique Lyonnais,28,30,France
31,Ligue 1 2016/17,Radamel Falcao,Association sportive de Monaco Football Club,21,29,Colombia
31,Ligue 1 2016/17,Bafétimbi Gomis,Olympique de Marseille,20,31,France
31,Ligue 1 2016/17,Ivan Santini,SM Caen,15,34,Croatia
31,Ligue 1 2016/17,Mario Balotelli,Olympique Gymnaste Club Nice Côte d'Azur,15,23,Italy
31,Ligue 1 2016/17,Florian Thauvin,Olympique de Marseille,15,38,France
31,Ligue 1 2016/17,Kylian Mbappé,Association sportive de Monaco Football Club,15,29,France
31,Ligue 1 2016/17,Nicolas de Préville,Lille Olympique Sporting Club,14,30,France
31,Ligue 1 2016/17,Steve Mounié,Montpellier HSC,14,35,Benin
32,La Liga 2014/15,Cristiano Ronaldo,Real Madrid Club de Fútbol,48,35,Portugal
32,La Liga 2014/15,Lionel Messi,Futbol Club Barcelona,43,38,Argentina
32,La Liga 2014/15,Neymar,Futbol Club Barcelona,22,33,Brazil
32,La Liga 2014/15,Aritz Aduriz,Athletic Club Bilbao,18,31,Spain
32,La Liga 2014/15,Alberto Bueno,Rayo Vallecano de Madrid S. A. D.,17,36,Spain
32,La Liga 2014/15,Luis Suárez,Futbol Club Barcelona,16,27,Uruguay
32,La Liga 2014/15,Karim Benzema,Real Madrid Club de Fútbol,15,29,France
32,La Liga 2014/15,Sergio García,Reial Club Deportiu Espanyol de Barcelona S.A.D.,14,35,Spain
32,La Liga 2014/15,Jonathas,Elche Club de Fútbol S.A.D.,14,34,Brazil
32,La Liga 2014/15,Nolito,Real Club Celta de Vigo S. A. D.,13,36,Spain
33,Premier League 2021/22,Heung-min Son,Tottenham Hotspur Football Club,23,35,"Korea, South"
33,Premier League 2021/22,Mohamed Salah,Liverpool Football Club,23,35,Egypt
33,Premier League 2021/22,Cristiano Ronaldo,Manchester United Football Club,18,30,Portugal
33,Premier League 2021/22,Harry Kane,Tottenham Hotspur Football Club,17,37,England
33,Premier League 2021/22,Sadio Mané,Liverpool Football Club,16,34,Senegal
33,Premier League 2021/22,Diogo Jota,Liverpool Football Club,15,35,Portugal
33,Premier League 2021/22,Kevin De Bruyne,Manchester City Football Club,15,30,Belgium
33,Premier League 2021/22,Jamie Vardy,Leicester City,15,25,England
33,Premier League 2021/22,Wilfried Zaha,Crystal Palace Football Club,14,33,Cote d'Ivoire
33,Premier League 2021/22,Raheem Sterling,Manchester City Football Club,13,30,England
34,Premier League 2015/16,Harry Kane,Tottenham Hotspur Football Club,25,38,England
34,Premier League 2015/16,Sergio Agüero,Manchester City Football Club,24,30,Argentina
34,Premier League 2015/16,Jamie Vardy,Leicester City,24,36,England
34,Premier League 2015/16,Romelu Lukaku,Everton Football Club,18,37,Belgium
34,Premier League 2015/16,Riyad Mahrez,Leicester City,17,37,Algeria
34,Premier League 2015/16,Odion Ighalo,Watford FC,16,37,Nigeria
34,Premier League 2015/16,Olivier Giroud,Arsenal Football Club,16,38,France
34,Premier League 2015/16,Jermain Defoe,Sunderland Association Football Club,15,33,England
34,Premier League 2015/16,Alexis Sánchez,Arsenal Football Club,13,30,Chile
34,Premier League 2015/16,Troy Deeney,Watford FC,13,38,England
35,Ligue 1 2013/14,Zlatan Ibrahimović,Paris Saint-Germain Football Club,26,33,Sweden
35,Ligue 1 2013/14,Salomon Kalou,Lille Olympique Sporting Club,16,38,Cote d'Ivoire
35,Ligue 1 2013/14,Vincent Aboubakar,Football Club Lorient-Bretagne Sud,16,35,Cameroon
35,Ligue 1 2013/14,Wissam Ben Yedder,Toulouse Football Club,16,38,France
35,Ligue 1 2013/14,André-Pierre Gignac,Olympique de Marseille,16,35,France
35,Ligue 1 2013/14,Edinson Cavani,Paris Saint-Germain Football Club,16,30,Uruguay
35,Ligue 1 2013/14,Alexandre Lacazette,Olympique Lyonnais,15,36,France
35,Ligue 1 2013/14,Bafétimbi Gomis,Olympique Lyonnais,14,33,France
35,Ligue 1 2013/14,Rémy Cabella,Montpellier HSC,14,37,France
35,Ligue 1 2013/14,Mevlüt Erdinc,AS Saint-Étienne,12,31,Turkey
36,Bundesliga 2024/25,Harry Kane,Bayern Munich,26,31,England
36,Bundesliga 2024/25,Serhou Guirassy,Borussia Dortmund,21,30,Guinea
36,Bundesliga 2024/25,Patrik Schick,Bayer 04 Leverkusen Fußball,21,31,Czech Republic
36,Bundesliga 2024/25,Jonathan Burkardt,1. Fußball- und Sportverein Mainz 05,18,29,Germany
36,Bundesliga 2024/25,Tim Kleindienst,Borussia Verein für Leibesübungen 1900 Mönchengladbach,16,31,Germany
36,Bundesliga 2024/25,Omar Marmoush,Eintracht Frankfurt Fußball AG,15,17,Egypt
36,Bundesliga 2024/25,Hugo Ekitiké,Eintracht Frankfurt Fußball AG,15,33,France
36,Bundesliga 2024/25,Ermedin Demirovic,Verein für Bewegungsspiele Stuttgart 1893,15,34,Bosnia-Herzegovina
36,Bundesliga 2024/25,Benjamin Sesko,RasenBallsport Leipzig,13,33,Slovenia
36,Bundesliga 2024/25,Michael Olise,Bayern Munich,12,34,France
37,Bundesliga 2021/22,Robert Lewandowski,Bayern Munich,35,34,Poland
37,Bundesliga 2021/22,Patrik Schick,Bayer 04 Leverkusen Fußball,24,27,Czech Republic
37,Bundesliga 2021/22,Erling Haaland,Borussia Dortmund,22,24,Norway
37,Bundesliga 2021/22,Christopher Nkunku,RasenBallsport Leipzig,20,34,France
37,Bundesliga 2021/22,Anthony Modeste,1. Fußball-Club Köln,20,32,France
37,Bundesliga 2021/22,Taiwo Awoniyi,1. Fußballclub Union Berlin,15,31,Nigeria
37,Bundesliga 2021/22,Serge Gnabry,Bayern Munich,14,34,Germany
37,Bundesliga 2021/22,Moussa Diaby,Bayer 04 Leverkusen Fußball,13,32,France
37,Bundesliga 2021/22,Max Kruse,1. Fußballclub Union Berlin,12,30,Germany
37,Bundesliga 2021/22,Jonas Hofmann,Borussia Verein für Leibesübungen 1900 Mönchengladbach,12,26,Germany
38,Premier League 2022/23,Erling Haaland,Manchester City Football Club,36,35,Norway
38,Premier League 2022/23,Harry Kane,Tottenham Hotspur Football Club,30,38,England
38,Premier League 2022/23,Ivan Toney,Brentford Football Club,20,33,England
38,Premier League 2022/23,Mohamed Salah,Liverpool Football Club,19,38,Egypt
38,Premier League 2022/23,Callum Wilson,Newcastle United Football Club,18,31,England
38,Premier League 2022/23,Marcus Rashford,Manchester United Football Club,17,35,England
38,Premier League 2022/23,Martin Ødegaard,Arsenal Football Club,15,37,Norway
38,Premier League 2022/23,Ollie Watkins,Aston Villa Football Club,15,37,England
38,Premier League 2022/23,Gabriel Martinelli,Arsenal Football Club,15,36,Brazil
38,Premier League 2022/23,Bukayo Saka,Arsenal Football Club,14,38,England
39,La Liga 2018/19,Lionel Messi,Futbol Club Barcelona,36,34,Argentina
39,La Liga 2018/19,Karim Benzema,Real Madrid Club de Fútbol,21,36,France
39,La Liga 2018/19,Iago Aspas,Real Club Celta de Vigo S. A. D.,20,27,Spain
39,La Liga 2018/19,Cristhian Stuani,Girona Fútbol Club S. A. D.,19,32,Uruguay
39,La Liga 2018/19,Luis Suárez,Futbol Club Barcelona,19,33,Uruguay
39,La Liga 2018/19,Wissam Ben Yedder,Sevilla Fútbol Club S.A.D.,18,35,France
39,La Liga 2018/19,Borja Iglesias,Reial Club Deportiu Espanyol de Barcelona S.A.D.,17,37,Spain
39,La Liga 2018/19,Antoine Griezmann,Club Atlético de Madrid S.A.D.,15,37,France
39,La Liga 2018/19,Jaime Mata,Getafe Club de Fútbol S. A. D. Team Dubai,14,34,Spain
39,La Liga 2018/19,Raúl de Tomás,Rayo Vallecano de Madrid S. A. D.,14,33,Spain
40,Bundesliga 2019/20,Robert Lewandowski,Bayern Munich,34,31,Poland
40,Bundesliga 2019/20,Timo Werner,RasenBallsport Leipzig,28,34,Germany
40,Bundesliga 2019/20,Jadon Sancho,Borussia Dortmund,17,32,England
40,Bundesliga 2019/20,Wout Weghorst,Verein für Leibesübungen Wolfsburg,16,32,Netherlands
40,Bundesliga 2019/20,Rouwen Hennings,Fortuna Düsseldorf,15,32,Germany
40,Bundesliga 2019/20,Jhon Córdoba,1. Fußball-Club Köln,13,29,Colombia
40,Bundesliga 2019/20,Robin Quaison,1. Fußball- und Sportverein Mainz 05,13,32,Sweden
40,Bundesliga 2019/20,Erling Haaland,Borussia Dortmund,13,15,Norway
40,Bundesliga 2019/20,Florian Niederlechner,Fußball-Club Augsburg 1907,13,33,Germany
40,Bundesliga 2019/20,Serge Gnabry,Bayern Munich,12,31,Germany
41,Serie A 2013/14,Ciro Immobile,Torino Calcio,22,33,Italy
41,Serie A 2013/14,Luca Toni,Verona Hellas Football Club,20,34,Italy
41,Serie A 2013/14,Carlos Tevez,Juventus Football Club,19,34,Argentina
41,Serie A 2013/14,Gonzalo Higuaín,Società Sportiva Calcio Napoli,17,32,Argentina
41,Serie A 2013/14,Antonio Di Natale,Udinese Calcio,17,32,Italy
41,Serie A 2013/14,Rodrigo Palacio,Football Club Internazionale Milano S.p.A.,17,37,Argentina
41,Serie A 2013/14,Domenico Berardi,Unione Sportiva Sassuolo Calcio,16,29,Italy
41,Serie A 2013/14,Giuseppe Rossi,Associazione Calcio Fiorentina,16,21,Italy
41,Serie A 2013/14,Fernando Llorente,Juventus Football Club,16,34,Spain
41,Serie A 2013/14,Paulinho,US Livorno 1915,15,35,Brazil
42,La Liga 2019/20,Lionel Messi,Futbol Club Barcelona,22,28,Argentina
42,La Liga 2019/20,Karim Benzema,Real Madrid Club de Fútbol,17,31,France
42,La Liga 2019/20,Luis Suárez,Futbol Club Barcelona,13,23,Uruguay
42,La Liga 2019/20,Gerard Moreno,Villarreal Club de Fútbol S.A.D.,13,30,Spain
42,La Liga 2019/20,Iago Aspas,Real Club Celta de Vigo S. A. D.,13,32,Spain
42,La Liga 2019/20,Ante Budimir,Real Club Deportivo Mallorca S.A.D.,12,31,Croatia
42,La Liga 2019/20,Lucas Ocampos,Sevilla Fútbol Club S.A.D.,12,28,Argentina
42,La Liga 2019/20,Jaime Mata,Getafe Club de Fútbol S. A. D. Team Dubai,11,28,Spain
42,La Liga 2019/20,Roger Martí,Levante Unión Deportiva S.A.D.,11,30,Spain
42,La Liga 2019/20,Lucas Pérez,Deportivo Alavés S. A. D.,11,29,Spain
43,Serie A 2012/13,Edinson Cavani,Società Sportiva Calcio Napoli,29,34,Uruguay
43,Serie A 2012/13,Antonio Di Natale,Udinese Calcio,23,33,Italy
43,Serie A 2012/13,Stephan El Shaarawy,Associazione Calcio Milan,16,37,Italy
43,Serie A 2012/13,Daniel Osvaldo,Associazione Sportiva Roma,16,29,Italy
43,Serie A 2012/13,Miroslav Klose,Società Sportiva Lazio S.p.A.,15,29,Germany
43,Serie A 2012/13,Erik Lamela,Associazione Sportiva Roma,15,33,Argentina
43,Serie A 2012/13,Giampaolo Pazzini,Associazione Calcio Milan,15,30,Italy
43,Serie A 2012/13,Germán Denis,Atalanta Bergamasca Calcio S.p.a.,15,36,Argentina
43,Serie A 2012/13,Stevan Jovetić,Associazione Calcio Fiorentina,13,31,Montenegro
43,Serie A 2012/13,Gonzalo Bergessio,Catania FC,13,32,Argentina
44,Serie A 2014/15,Luca Toni,Verona Hellas Football Club,22,38,Italy
44,Serie A 2014/15,Mauro Icardi,Football Club Internazionale Milano S.p.A.,22,36,Argentina
44,Serie A 2014/15,Carlos Tevez,Juventus Football Club,20,32,Argentina
44,Serie A 2014/15,Gonzalo Higuaín,Società Sportiva Calcio Napoli,18,37,Argentina
44,Serie A 2014/15,Jérémy Ménez,Associazione Calcio Milan,16,33,France
44,Serie A 2014/15,Domenico Berardi,Unione Sportiva Sassuolo Calcio,15,32,Italy
44,Serie A 2014/15,Manolo Gabbiadini,Società Sportiva Calcio Napoli,15,33,Italy
44,Serie A 2014/15,Antonio Di Natale,Udinese Calcio,14,33,Italy
44,Serie A 2014/15,Fabio Quagliarella,Torino Calcio,13,34,
44,Serie A 2014/15,Iago Falque,Genoa Cricket and Football Club,13,32,Spain
45,Ligue 1 2020/21,Kylian Mbappé,Paris Saint-Germain Football Club,27,31,France
45,Ligue 1 2020/21,Memphis Depay,Olympique Lyonnais,20,37,Netherlands
45,Ligue 1 2020/21,Wissam Ben Yedder,Association sportive de Monaco Football Club,20,37,France
45,Ligue 1 2020/21,Kevin Volland,Association sportive de Monaco Football Club,16,35,Germany
45,Ligue 1 2020/21,Ludovic Ajorque,Racing Club de Strasbourg Alsace,16,35,France
45,Ligue 1 2020/21,Burak Yilmaz,Lille Olympique Sporting Club,16,28,
45,Ligue 1 2020/21,Gaëtan Laborde,Montpellier HSC,16,38,France
45,Ligue 1 2020/21,Andy Delort,Montpellier HSC,15,30,Algeria
45,Ligue 1 2020/21,Karl Toko Ekambi,Olympique Lyonnais,14,35,Cameroon
45,Ligue 1 2020/21,Boulaye Dia,Stade Reims,14,36,Senegal
46,Serie A 2024/25,Mateo Retegui,Atalanta Bergamasca Calcio S.p.a.,25,36,Italy
46,Serie A 2024/25,Moise Kean,Associazione Calcio Fiorentina,19,32,Italy
46,Serie A 2024/25,Ademola Lookman,Atalanta Bergamasca Calcio S.p.a.,15,31,Nigeria
46,Serie A 2024/25,Riccardo Orsolini,Bologna Football Club 1909,15,30,Italy
46,Serie A 2024/25,Romelu Lukaku,Società Sportiva Calcio Napoli,14,36,Belgium
46,Serie A 2024/25,Marcus Thuram,Football Club Internazionale Milano S.p.A.,14,32,France
46,Serie A 2024/25,Lorenzo Lucca,Udinese Calcio,12,33,Italy
46,Serie A 2024/25,Scott McTominay,Società Sportiva Calcio Napoli,12,34,Scotland
46,Serie A 2024/25,Lautaro Martínez,Football Club Internazionale Milano S.p.A.,12,31,Argentina
46,Serie A 2024/25,Artem Dovbyk,Associazione Sportiva Roma,12,32,Ukraine
47,Ligue 1 2024/25,Mason Greenwood,Olympique de Marseille,21,34,England
47,Ligue 1 2024/25,Ousmane Dembélé,Paris Saint-Germain Football Club,21,29,France
47,Ligue 1 2024/25,Arnaud Kalimuendo,Stade Rennais Football Club,17,33,France
47,Ligue 1 2024/25,Jonathan David,Lille Olympique Sporting Club,16,32,Canada
47,Ligue 1 2024/25,Alexandre Lacazette,Olympique Lyonnais,15,30,France
47,Ligue 1 2024/25,Bradley Barcola,Paris Saint-Germain Football Club,14,34,France
47,Ligue 1 2024/25,Emmanuel Emegha,Racing Club de Strasbourg Alsace,14,27,Netherlands
47,Ligue 1 2024/25,Ludovic Ajorque,Stade brestois 29,13,31,France
47,Ligue 1 2024/25,Amine Gouiri,Stade Rennais Football Club,13,33,Algeria
47,Ligue 1 2024/25,Mika Biereth,Association sportive de Monaco Football Club,13,16,Denmark
48,Ligue 1 2015/16,Zlatan Ibrahimović,Paris Saint-Germain Football Club,38,31,Sweden
48,Ligue 1 2015/16,Alexandre Lacazette,Olympique Lyonnais,21,34,France
48,Ligue 1 2015/16,Edinson Cavani,Paris Saint-Germain Football Club,19,32,Uruguay
48,Ligue 1 2015/16,Wissam Ben Yedder,Toulouse Football Club,17,35,France
48,Ligue 1 2015/16,Hatem Ben Arfa,Olympique Gymnaste Club Nice Côte d'Azur,17,34,France
48,Ligue 1 2015/16,Michy Batshuayi,Olympique de Marseille,17,36,Belgium
48,Ligue 1 2015/16,Valère Germain,Olympique Gymnaste Club Nice Côte d'Azur,14,38,France
48,Ligue 1 2015/16,Benjamin Moukandjo,Football Club Lorient-Bretagne Sud,13,31,Cameroon
48,Ligue 1 2015/16,Andy Delort,SM Caen,12,36,Algeria
48,Ligue 1 2015/16,Ousmane Dembélé,Stade Rennais Football Club,12,26,France
49,Premier League 2019/20,Jamie Vardy,Leicester City,19,28,England
49,Premier League 2019/20,Danny Ings,Southampton FC,18,32,England
49,Premier League 2019/20,Pierre-Emerick Aubameyang,Arsenal Football Club,17,29,Gabon
49,Premier League 2019/20,Mohamed Salah,Liverpool Football Club,17,27,Egypt
49,Premier League 2019/20,Sergio Agüero,Manchester City Football Club,16,24,Argentina
49,Premier League 2019/20,Sadio Mané,Liverpool Football Club,15,28,Senegal
49,Premier League 2019/20,Raúl Jiménez,Wolverhampton Wanderers Football Club,15,32,Mexico
49,Premier League 2019/20,Anthony Martial,Manchester United Football Club,14,26,France
49,Premier League 2019/20,Marcus Rashford,Manchester United Football Club,14,25,England
49,Premier League 2019/20,Dominic Calvert-Lewin,Everton Football Club,13,29,England
50,La Liga 2013/14,Cristiano Ronaldo,Real Madrid Club de Fútbol,31,30,Portugal
50,La Liga 2013/14,Lionel Messi,Futbol Club Barcelona,28,31,Argentina
50,La Liga 2013/14,Diego Costa,Club Atlético de Madrid S.A.D.,27,35,Spain
50,La Liga 2013/14,Alexis Sánchez,Futbol Club Barcelona,19,34,Chile
50,La Liga 2013/14,Karim Benzema,Real Madrid Club de Fútbol,17,35,France
50,La Liga 2013/14,Antoine Griezmann,Real Sociedad de Fútbol S.A.D.,16,35,France
50,La Liga 2013/14,Aritz Aduriz,Athletic Club Bilbao,16,31,Spain
50,La Liga 2013/14,Carlos Vela,Real Sociedad de Fútbol S.A.D.,16,37,Mexico
50,La Liga 2013/14,Gareth Bale,Real Madrid Club de Fútbol,15,27,Wales
50,La Liga 2013/14,Javi Guerra,Real Valladolid CF,15,37,Spain
51,Premier League 2020/21,Harry Kane,Tottenham Hotspur Football Club,29,42,England
51,Premier League 2020/21,Mohamed Salah,Liverpool Football Club,24,44,Egypt
51,Premier League 2020/21,Bruno Fernandes,Manchester United Football Club,21,43,Portugal
51,Premier League 2020/21,Heung-min Son,Tottenham Hotspur Football Club,19,44,"Korea, South"
51,Premier League 2020/21,Jamie Vardy,Leicester City,19,41,England
51,Premier League 2020/21,Raheem Sterling,Manchester City Football Club,18,38,England
51,Premier League 2020/21,Michail Antonio,West Ham United Football Club,18,33,Jamaica
51,Premier League 2020/21,Patrick Bamford,Leeds United Association Football Club,17,38,England
51,Premier League 2020/21,Dominic Calvert-Lewin,Everton Football Club,16,40,England
51,Premier League 2020/21,Alexandre Lacazette,Arsenal Football Club,16,38,France
52,Serie A 2015/16,Gonzalo Higuaín,Società Sportiva Calcio Napoli,36,35,Argentina
52,Serie A 2015/16,Paulo Dybala,Juventus Football Club,19,34,Argentina
52,Serie A 2015/16,Carlos Bacca,Associazione Calcio Milan,18,38,Colombia
52,Serie A 2015/16,Mauro Icardi,Football Club Internazionale Milano S.p.A.,16,33,Argentina
52,Serie A 2015/16,Mohamed Salah,Associazione Sportiva Roma,14,34,Egypt
52,Serie A 2015/16,Leonardo Pavoletti,Genoa Cricket and Football Club,14,25,Italy
52,Serie A 2015/16,Josip Ilicic,Associazione Calcio Fiorentina,13,30,Slovenia
52,Serie A 2015/16,Massimo Maccarone,FC Empoli,13,37,Italy
52,Serie A 2015/16,Éder,UC Sampdoria,13,33,Italy
52,Serie A 2015/16,Lorenzo Insigne,Società Sportiva Calcio Napoli,12,37,Italy
53,Bundesliga 2016/17,Pierre-Emerick Aubameyang,Borussia Dortmund,31,32,Gabon
53,Bundesliga 2016/17,Robert Lewandowski,Bayern Munich,30,33,Poland
53,Bundesliga 2016/17,Anthony Modeste,1. Fußball-Club Köln,25,34,France
53,Bundesliga 2016/17,Timo Werner,RasenBallsport Leipzig,21,31,Germany
53,Bundesliga 2016/17,Mario Gómez,Verein für Leibesübungen Wolfsburg,16,33,Germany
53,Bundesliga 2016/17,Max Kruse,Sportverein Werder Bremen von 1899,15,23,Germany
53,Bundesliga 2016/17,Andrej Kramaric,Turn- und Sportgemeinschaft 1899 Hoffenheim Fußball-Spielbetriebs,15,34,Croatia
53,Bundesliga 2016/17,Arjen Robben,Bayern Munich,13,26,Netherlands
53,Bundesliga 2016/17,Vedad Ibisevic,Hertha BSC,12,32,Bosnia-Herzegovina
53,Bundesliga 2016/17,Serge Gnabry,Sportverein Werder Bremen von 1899,11,27,Germany
54,Ligue 1 2022/23,Kylian Mbappé,Paris Saint-Germain Football Club,29,34,France
54,Ligue 1 2022/23,Alexandre Lacazette,Olympique Lyonnais,27,35,France
54,Ligue 1 2022/23,Jonathan David,Lille Olympique Sporting Club,24,37,Canada
54,Ligue 1 2022/23,Folarin Balogun,Stade Reims,21,37,United States
54,Ligue 1 2022/23,Loïs Openda,Racing Club de Lens,21,38,Belgium
54,Ligue 1 2022/23,Habib Diallo,Racing Club de Strasbourg Alsace,20,37,Senegal
54,Ligue 1 2022/23,Wissam Ben Yedder,Association sportive de Monaco Football Club,19,32,France
54,Ligue 1 2022/23,Elye Wahi,Montpellier HSC,19,33,Cote d'Ivoire
54,Ligue 1 2022/23,Terem Moffi,Football Club Lorient-Bretagne Sud,18,34,Nigeria
54,Ligue 1 2022/23,Lionel Messi,Paris Saint-Germain Football Club,16,32,Argentina
55,Ligue 1 2018/19,Kylian Mbappé,Paris Saint-Germain Football Club,33,29,France
55,Ligue 1 2018/19,Nicolas Pépé,Lille Olympique Sporting Club,22,38,Cote d'Ivoire
55,Ligue 1 2018/19,Edinson Cavani,Paris Saint-Germain Football Club,18,21,Uruguay
55,Ligue 1 2018/19,Florian Thauvin,Olympique de Marseille,16,33,France
55,Ligue 1 2018/19,Neymar,Paris Saint-Germain Football Club,15,17,Brazil
55,Ligue 1 2018/19,Radamel Falcao,Association sportive de Monaco Football Club,15,33,Colombia
55,Ligue 1 2018/19,Moussa Dembélé,Olympique Lyonnais,15,33,France
55,Ligue 1 2018/19,Andy Delort,Montpellier HSC,14,36,Algeria
55,Ligue 1 2018/19,Jonathan Bamba,Lille Olympique Sporting Club,13,38,Cote d'Ivoire
55,Ligue 1 2018/19,Wahbi Khazri,AS Saint-Étienne,13,32,Tunisia
56,Bundesliga 2017/18,Robert Lewandowski,Bayern Munich,29,30,Poland
56,Bundesliga 2017/18,Nils Petersen,Sport-Club Freiburg,15,32,Germany
56,Bundesliga 2017/18,Kevin Volland,Bayer 04 Leverkusen Fußball,14,31,Germany
56,Bundesliga 2017/18,Niclas Füllkrug,Hannover 96,14,34,Germany
56,Bundesliga 2017/18,Mark Uth,Turn- und Sportgemeinschaft 1899 Hoffenheim Fußball-Spielbetriebs,14,31,Germany
56,Bundesliga 2017/18,Timo Werner,RasenBallsport Leipzig,13,32,Germany
56,Bundesliga 2017/18,Michael Gregoritsch,Fußball-Club Augsburg 1907,13,32,Austria
56,Bundesliga 2017/18,Pierre-Emerick Aubameyang,Borussia Dortmund,13,16,Gabon
56,Bundesliga 2017/18,Andrej Kramaric,Turn- und Sportgemeinschaft 1899 Hoffenheim Fußball-Spielbetriebs,13,34,Croatia
56,Bundesliga 2017/18,Sandro Wagner,Bayern Munich,12,25,Germany
57,Bundesliga 2022/23,Niclas Füllkrug,Sportverein Werder Bremen von 1899,16,28,Germany
57,Bundesliga 2022/23,Christopher Nkunku,RasenBallsport Leipzig,16,25,France
57,Bundesliga 2022/23,Vincenzo Grifo,Sport-Club Freiburg,15,33,Italy
57,Bundesliga 2022/23,Randal Kolo Muani,Eintracht Frankfurt Fußball AG,15,32,France
57,Bundesliga 2022/23,Serge Gnabry,Bayern Munich,14,34,Germany
57,Bundesliga 2022/23,Marcus Thuram,Borussia Verein für Leibesübungen 1900 Mönchengladbach,13,30,France
57,Bundesliga 2022/23,Jonas Hofmann,Borussia Verein für Leibesübungen 1900 Mönchengladbach,12,31,Germany
57,Bundesliga 2022/23,Jamal Musiala,Bayern Munich,12,33,Germany
57,Bundesliga 2022/23,Marvin Ducksch,Sportverein Werder Bremen von 1899,12,34,Germany
57,Bundesliga 2022/23,Andrej Kramaric,Turn- und Sportgemeinschaft 1899 Hoffenheim Fußball-Spielbetriebs,12,32,Croatia
58,Serie A 2019/20,Ciro Immobile,Società Sportiva Lazio S.p.A.,29,29,Italy
58,Serie A 2019/20,Cristiano Ronaldo,Juventus Football Club,24,25,Portugal
58,Serie A 2019/20,Romelu Lukaku,Football Club Internazionale Milano S.p.A.,19,28,Belgium
58,Serie A 2019/20,João Pedro,Cagliari Calcio,17,27,Italy
58,Serie A 2019/20,Josip Ilicic,Atalanta Bergamasca Calcio S.p.a.,15,23,Slovenia
58,Serie A 2019/20,Luis Muriel,Atalanta Bergamasca Calcio S.p.a.,15,25,Colombia
58,Serie A 2019/20,Duván Zapata,Atalanta Bergamasca Calcio S.p.a.,14,18,Colombia
58,Serie A 2019/20,Francesco Caputo,Unione Sportiva Sassuolo Calcio,14,26,Italy
58,Serie A 2019/20,Edin Dzeko,Associazione Sportiva Roma,14,27,Bosnia-Herzegovina
58,Serie A 2019/20,Andrea Belotti,Torino Calcio,12,27,Italy
59,Premier League 2012/13,Robin van Persie,Manchester United Football Club,26,38,Netherlands
59,Premier League 2012/13,Luis Suárez,Liverpool Football Club,23,33,Uruguay
59,Premier League 2012/13,Gareth Bale,Tottenham Hotspur Football Club,21,33,Wales
59,Premier League 2012/13,Christian Benteke,Aston Villa Football Club,19,34,Belgium
59,Premier League 2012/13,Michu,Swansea City,18,35,Spain
59,Premier League 2012/13,Romelu Lukaku,West Bromwich Albion,17,35,Belgium
59,Premier League 2012/13,Frank Lampard,Chelsea Football Club,15,29,England
59,Premier League 2012/13,Demba Ba,Newcastle United Football Club,15,34,Senegal
59,Premier League 2012/13,Dimitar Berbatov,Fulham Football Club,15,33,Bulgaria
59,Premier League 2012/13,Rickie Lambert,Southampton FC,15,38,England
60,Bundesliga 2013/14,Robert Lewandowski,Borussia Dortmund,20,33,Poland
60,Bundesliga 2013/14,Mario Mandzukic,Bayern Munich,18,30,Croatia
60,Bundesliga 2013/14,Josip Drmic,1.FC Nuremberg,17,33,Switzerland
60,Bundesliga 2013/14,Adrián Ramos,Hertha BSC,16,32,Colombia
60,Bundesliga 2013/14,Roberto Firmino,Turn- und Sportgemeinschaft 1899 Hoffenheim Fußball-Spielbetriebs,16,33,Brazil
60,Bundesliga 2013/14,Marco Reus,Borussia Dortmund,16,30,Germany
60,Bundesliga 2013/14,Stefan Kießling,Bayer 04 Leverkusen Fußball,15,32,Germany
60,Bundesliga 2013/14,Shinji Okazaki,1. Fußball- und Sportverein Mainz 05,15,33,Japan
60,Bundesliga 2013/14,Raffael,Borussia Verein für Leibesübungen 1900 Mönchengladbach,14,34,Brazil
60,Bundesliga 2013/14,Ivica Olic,Verein für Leibesübungen Wolfsburg,14,32,Croatia
61,Premier League 2023/24,Erling Haaland,Manchester City Football Club,27,31,Norway
61,Premier League 2023/24,Cole Palmer,Chelsea Football Club,22,34,England
61,Premier League 2023/24,Alexander Isak,Newcastle United Football Club,21,30,Sweden
61,Premier League 2023/24,Ollie Watkins,Aston Villa Football Club,19,37,England
61,Premier League 2023/24,Phil Foden,Manchester City Football Club,19,35,England
61,Premier League 2023/24,Dominic Solanke,Association Football Club Bournemouth,19,38,England
61,Premier League 2023/24,Mohamed Salah,Liverpool Football Club,18,32,Egypt
61,Premier League 2023/24,Heung-min Son,Tottenham Hotspur Football Club,17,35,"Korea, South"
61,Premier League 2023/24,Jean-Philippe Mateta,Crystal Palace Football Club,16,35,France
61,Premier League 2023/24,Jarrod Bowen,West Ham United Football Club,16,34,England
62,Ligue 1 2017/18,Edinson Cavani,Paris Saint-Germain Football Club,28,32,Uruguay
62,Ligue 1 2017/18,Florian Thauvin,Olympique de Marseille,22,35,France
62,Ligue 1 2017/18,Neymar,Paris Saint-Germain Football Club,19,20,Brazil
62,Ligue 1 2017/18,Memphis Depay,Olympique Lyonnais,19,36,Netherlands
62,Ligue 1 2017/18,Radamel Falcao,Association sportive de Monaco Football Club,18,26,Colombia
62,Ligue 1 2017/18,Mariano Díaz,Olympique Lyonnais,18,34,Dominican Republic
62,Ligue 1 2017/18,Nabil Fekir,Olympique Lyonnais,18,30,France
62,Ligue 1 2017/18,Mario Balotelli,Olympique Gymnaste Club Nice Côte d'Azur,18,28,Italy
62,Ligue 1 2017/18,Karl Toko Ekambi,Angers Sporting Club de l'Ouest,17,37,Cameroon
62,Ligue 1 2017/18,Alassane Pléa,Olympique Gymnaste Club Nice Côte d'Azur,16,35,France
63,La Liga 2020/21,Lionel Messi,Futbol Club Barcelona,33,40,Argentina
63,La Liga 2020/21,Gerard Moreno,Villarreal Club de Fútbol S.A.D.,28,38,Spain
63,La Liga 2020/21,Luis Suárez,Club Atlético de Madrid S.A.D.,24,37,Uruguay
63,La Liga 2020/21,Youssef En-Nesyri,Sevilla Fútbol Club S.A.D.,19,43,Morocco
63,La Liga 2020/21,Alexander Isak,Real Sociedad de Fútbol S.A.D.,19,39,Sweden
63,La Liga 2020/21,Iago Aspas,Real Club Celta de Vigo S. A. D.,15,38,Spain
63,La Liga 2020/21,José Luis Morales,Levante Unión Deportiva S.A.D.,14,44,Spain
63,La Liga 2020/21,Antoine Griezmann,Futbol Club Barcelona,14,39,France
63,La Liga 2020/21,Santi Mina,Real Club Celta de Vigo S. A. D.,14,39,Spain
63,La Liga 2020/21,Marcos Llorente,Club Atlético de Madrid S.A.D.,13,42,Spain
64,La Liga 2023/24,Artem Dovbyk,Girona Fútbol Club S. A. D.,24,36,Ukraine
64,La Liga 2023/24,Alexander Sørloth,Villarreal Club de Fútbol S.A.D.,23,34,Norway
64,La Liga 2023/24,Jude Bellingham,Real Madrid Club de Fútbol,19,28,England
64,La Liga 2023/24,Robert Lewandowski,Futbol Club Barcelona,19,35,Poland
64,La Liga 2023/24,Ante Budimir,Club Atlético Osasuna,17,33,Croatia
64,La Liga 2023/24,Antoine Griezmann,Club Atlético de Madrid S.A.D.,16,33,France
64,La Liga 2023/24,Youssef En-Nesyri,Sevilla Fútbol Club S.A.D.,16,33,Morocco
64,La Liga 2023/24,Borja Mayoral,Getafe Club de Fútbol S. A. D. Team Dubai,15,27,Spain
64,La Liga 2023/24,Álvaro Morata,Club Atlético de Madrid S.A.D.,15,32,Spain
64,La Liga 2023/24,Vinicius Junior,Real Madrid Club de Fútbol,15,26,Brazil
65,Bundesliga 2023/24,Harry Kane,Bayern Munich,36,32,England
65,Bundesliga 2023/24,Serhou Guirassy,Verein für Bewegungsspiele Stuttgart 1893,28,28,Guinea
65,Bundesliga 2023/24,Loïs Openda,RasenBallsport Leipzig,24,34,Belgium
65,Bundesliga 2023/24,Deniz Undav,Verein für Bewegungsspiele Stuttgart 1893,18,30,Germany
65,Bundesliga 2023/24,Maximilian Beier,Turn- und Sportgemeinschaft 1899 Hoffenheim Fußball-Spielbetriebs,16,33,Germany
65,Bundesliga 2023/24,Andrej Kramaric,Turn- und Sportgemeinschaft 1899 Hoffenheim Fußball-Spielbetriebs,15,30,Croatia
65,Bundesliga 2023/24,Ermedin Demirovic,Fußball-Club Augsburg 1907,15,33,Bosnia-Herzegovina
65,Bundesliga 2023/24,Victor Boniface,Bayer 04 Leverkusen Fußball,14,23,Nigeria
65,Bundesliga 2023/24,Benjamin Sesko,RasenBallsport Leipzig,14,31,Slovenia
65,Bundesliga 2023/24,Donyell Malen,Borussia Dortmund,13,27,Netherlands
66,Serie A 2018/19,Fabio Quagliarella,UC Sampdoria,26,37,
66,Serie A 2018/19,Duván Zapata,Atalanta Bergamasca Calcio S.p.a.,23,37,Colombia
66,Serie A 2018/19,Krzysztof Piatek,Genoa Cricket and Football Club,22,37,Poland
66,Serie A 2018/19,Cristiano Ronaldo,Juventus Football Club,21,31,Portugal
66,Serie A 2018/19,Arkadiusz Milik,Società Sportiva Calcio Napoli,17,35,Poland
66,Serie A 2018/19,Dries Mertens,Società Sportiva Calcio Napoli,16,35,Belgium
66,Serie A 2018/19,Andrea Petagna,SPAL,16,36,Italy
66,Serie A 2018/19,Leonardo Pavoletti,Cagliari Calcio,16,32,Italy
66,Serie A 2018/19,Francesco Caputo,FC Empoli,16,38,Italy
66,Serie A 2018/19,Andrea Belotti,Torino Calcio,15,37,Italy
67,Premier League 2016/17,Harry Kane,Tottenham Hotspur Football Club,29,30,England
67,Premier League 2016/17,Romelu Lukaku,Everton Football Club,25,37,Belgium
67,Premier League 2016/17,Alexis Sánchez,Arsenal Football Club,24,38,Chile
67,Premier League 2016/17,Diego Costa,Chelsea Football Club,20,35,Spain
67,Premier League 2016/17,Sergio Agüero,Manchester City Football Club,20,31,Argentina
67,Premier League 2016/17,Dele Alli,Tottenham Hotspur Football Club,18,37,England
67,Premier League 2016/17,Zlatan Ibrahimović,Manchester United Football Club,17,28,Sweden
67,Premier League 2016/17,Eden Hazard,Chelsea Football Club,16,36,Belgium
67,Premier League 2016/17,Joshua King,Association Football Club Bournemouth,16,36,Norway
67,Premier League 2016/17,Fernando Llorente,Swansea City,15,33,Spain
68,Bundesliga 2015/16,Robert Lewandowski,Bayern Munich,30,32,Poland
68,Bundesliga 2015/16,Pierre-Emerick Aubameyang,Borussia Dortmund,25,31,Gabon
68,Bundesliga 2015/16,Thomas Müller,Bayern Munich,20,31,Germany
68,Bundesliga 2015/16,Chicharito,Bayer 04 Leverkusen Fußball,17,28,Mexico
68,Bundesliga 2015/16,Anthony Modeste,1. Fußball-Club Köln,15,34,France
68,Bundesliga 2015/16,Sandro Wagner,SV Darmstadt 98,14,32,Germany
68,Bundesliga 2015/16,Claudio Pizarro,Sportverein Werder Bremen von 1899,14,28,Peru
68,Bundesliga 2015/16,Salomon Kalou,Hertha BSC,14,32,Cote d'Ivoire
68,Bundesliga 2015/16,Raffael,Borussia Verein für Leibesübungen 1900 Mönchengladbach,13,31,Brazil
68,Bundesliga 2015/16,Daniel Didavi,Verein für Bewegungsspiele Stuttgart 1893,13,31,Germany
69,La Liga 2012/13,Lionel Messi,Futbol Club Barcelona,46,32,Argentina
69,La Liga 2012/13,Cristiano Ronaldo,Real Madrid Club de Fútbol,34,34,Portugal
69,La Liga 2012/13,Radamel Falcao,Club Atlético de Madrid S.A.D.,28,34,Colombia
69,La Liga 2012/13,Álvaro Negredo,Sevilla Fútbol Club S.A.D.,25,36,Spain
69,La Liga 2012/13,Roberto Soldado,Valencia Club de Fútbol S. A. D.,24,35,Spain
69,La Liga 2012/13,Rubén Castro,Real Betis Balompié S.A.D.,18,34,Spain
69,La Liga 2012/13,Piti,Rayo Vallecano de Madrid S. A. D.,18,35,Spain
69,La Liga 2012/13,Gonzalo Higuaín,Real Madrid Club de Fútbol,16,28,Argentina
69,La Liga 2012/13,Aritz Aduriz,Athletic Club Bilbao,14,36,Spain
69,La Liga 2012/13,Carlos Vela,Real Sociedad de Fútbol S.A.D.,14,35,Mexico
70,Bundesliga 2020/21,Robert Lewandowski,Bayern Munich,41,29,Poland
70,Bundesliga 2020/21,André Silva,Eintracht Frankfurt Fußball AG,28,32,Portugal
70,Bundesliga 2020/21,Erling Haaland,Borussia Dortmund,27,28,Norway
70,Bundesliga 2020/21,Wout Weghorst,Verein für Leibesübungen Wolfsburg,20,34,Netherlands
70,Bundesliga 2020/21,Andrej Kramaric,Turn- und Sportgemeinschaft 1899 Hoffenheim Fußball-Spielbetriebs,20,28,Croatia
70,Bundesliga 2020/21,Sasa Kalajdzic,Verein für Bewegungsspiele Stuttgart 1893,16,33,Austria
70,Bundesliga 2020/21,Lars Stindl,Borussia Verein für Leibesübungen 1900 Mönchengladbach,14,30,Germany
70,Bundesliga 2020/21,Lucas Alario,Bayer 04 Leverkusen Fußball,11,25,Argentina
70,Bundesliga 2020/21,Max Kruse,1. Fußballclub Union Berlin,11,22,Germany
70,Bundesliga 2020/21,Thomas Müller,Bayern Munich,11,32,Germany
71,Ligue 1 2021/22,Kylian Mbappé,Paris Saint-Germain Football Club,28,35,France
71,Ligue 1 2021/22,Wissam Ben Yedder,Association sportive de Monaco Football Club,25,37,France
71,Ligue 1 2021/22,Moussa Dembélé,Olympique Lyonnais,21,30,France
71,Ligue 1 2021/22,Martin Terrier,Stade Rennais Football Club,21,37,France
71,Ligue 1 2021/22,Andy Delort,Olympique Gymnaste Club Nice Côte d'Azur,18,35,Algeria
71,Ligue 1 2021/22,Jonathan David,Lille Olympique Sporting Club,15,38,Canada
71,Ligue 1 2021/22,Gaëtan Laborde,Stade Rennais Football Club,15,38,France
71,Ligue 1 2021/22,Mohamed Bayo,Clermont Foot 63,14,32,Guinea
71,Ligue 1 2021/22,Neymar,Paris Saint-Germain Football Club,13,22,Brazil
71,Ligue 1 2021/22,Ludovic Ajorque,Racing Club de Strasbourg Alsace,12,36,France
72,La Liga 2017/18,Lionel Messi,Futbol Club Barcelona,34,36,Argentina
72,La Liga 2017/18,Cristiano Ronaldo,Real Madrid Club de Fútbol,26,27,Portugal
72,La Liga 2017/18,Luis Suárez,Futbol Club Barcelona,25,33,Uruguay
72,La Liga 2017/18,Iago Aspas,Real Club Celta de Vigo S. A. D.,22,34,Spain
72,La Liga 2017/18,Cristhian Stuani,Girona Fútbol Club S. A. D.,21,33,Uruguay
72,La Liga 2017/18,Antoine Griezmann,Club Atlético de Madrid S.A.D.,19,32,France
72,La Liga 2017/18,Maxi Gómez,Real Club Celta de Vigo S. A. D.,18,36,Uruguay
72,La Liga 2017/18,Gareth Bale,Real Madrid Club de Fútbol,16,26,Wales
72,La Liga 2017/18,Rodrigo,Valencia Club de Fútbol S. A. D.,16,37,Spain
72,La Liga 2017/18,Gerard Moreno,Reial Club Deportiu Espanyol de Barcelona S.A.D.,16,38,Spain
73,Serie A 2023/24,Lautaro Martínez,Football Club Internazionale Milano S.p.A.,24,33,Argentina
73,Serie A 2023/24,Dušan Vlahović,Juventus Football Club,16,33,Serbia
73,Serie A 2023/24,Olivier Giroud,Associazione Calcio Milan,15,35,France
73,Serie A 2023/24,Victor Osimhen,Società Sportiva Calcio Napoli,15,25,Nigeria
73,Serie A 2023/24,Albert Gudmundsson,Genoa Cricket and Football Club,14,35,Iceland
73,Serie A 2023/24,Romelu Lukaku,Associazione Sportiva Roma,13,32,Belgium
73,Serie A 2023/24,Marcus Thuram,Football Club Internazionale Milano S.p.A.,13,35,France
73,Serie A 2023/24,Duván Zapata,Torino Calcio,13,37,Colombia
73,Serie A 2023/24,Hakan Çalhanoğlu,Football Club Internazionale Milano S.p.A.,13,32,Türkiye
73,Serie A 2023/24,Paulo Dybala,Associazione Sportiva Roma,13,28,Argentina
74,Bundesliga 2018/19,Robert Lewandowski,Bayern Munich,22,33,Poland
74,Bundesliga 2018/19,Paco Alcácer,Borussia Dortmund,18,26,Spain
74,Bundesliga 2018/19,Kai Havertz,Bayer 04 Leverkusen Fußball,17,34,Germany
74,Bundesliga 2018/19,Wout Weghorst,Verein für Leibesübungen Wolfsburg,17,34,Netherlands
74,Bundesliga 2018/19,Luka Jović,Eintracht Frankfurt Fußball AG,17,32,Serbia
74,Bundesliga 2018/19,Andrej Kramaric,Turn- und Sportgemeinschaft 1899 Hoffenheim Fußball-Spielbetriebs,17,30,Croatia
74,Bundesliga 2018/19,Marco Reus,Borussia Dortmund,17,27,Germany
74,Bundesliga 2018/19,Ishak Belfodil,Turn- und Sportgemeinschaft 1899 Hoffenheim Fußball-Spielbetriebs,16,28,Algeria
74,Bundesliga 2018/19,Timo Werner,RasenBallsport Leipzig,16,30,Germany
74,Bundesliga 2018/19,Sébastien Haller,Eintracht Frankfurt Fußball AG,15,29,Cote d'Ivoire
75,Serie A 2021/22,Ciro Immobile,Società Sportiva Lazio S.p.A.,27,31,Italy
75,Serie A 2021/22,Dušan Vlahović,Associazione Calcio Fiorentina,24,36,Serbia
75,Serie A 2021/22,Lautaro Martínez,Football Club Internazionale Milano S.p.A.,21,35,Argentina
75,Serie A 2021/22,Tammy Abraham,Associazione Sportiva Roma,17,37,England
75,Serie A 2021/22,Giovanni Simeone,Verona Hellas Football Club,17,36,Argentina
75,Serie A 2021/22,Gianluca Scamacca,Unione Sportiva Sassuolo Calcio,16,36,Italy
75,Serie A 2021/22,Domenico Berardi,Unione Sportiva Sassuolo Calcio,15,33,Italy
75,Serie A 2021/22,Victor Osimhen,Società Sportiva Calcio Napoli,14,27,Nigeria
75,Serie A 2021/22,Marko Arnautovic,Bologna Football Club 1909,14,33,Austria
75,Serie A 2021/22,Gerard Deulofeu,Udinese Calcio,13,34,Spain
76,Premier League 2014/15,Sergio Agüero,Manchester City Football Club,26,33,Argentina
76,Premier League 2014/15,Harry Kane,Tottenham Hotspur Football Club,21,34,England
76,Premier League 2014/15,Diego Costa,Chelsea Football Club,20,26,Spain
76,Premier League 2014/15,Charlie Austin,Queens Park Rangers,18,35,England
76,Premier League 2014/15,Alexis Sánchez,Arsenal Football Club,16,35,Chile
76,Premier League 2014/15,Olivier Giroud,Arsenal Football Club,14,27,France
76,Premier League 2014/15,Eden Hazard,Chelsea Football Club,14,38,Belgium
76,Premier League 2014/15,Saido Berahino,West Bromwich Albion,14,38,Burundi
76,Premier League 2014/15,Christian Benteke,Aston Villa Football Club,13,29,Belgium
76,Premier League 2014/15,David Silva,Manchester City Football Club,12,32,Spain
77,Serie A 2020/21,Cristiano Ronaldo,Juventus Football Club,36,41,Portugal
77,Serie A 2020/21,Romelu Lukaku,Football Club Internazionale Milano S.p.A.,28,44,Belgium
77,Serie A 2020/21,Ciro Immobile,Società Sportiva Lazio S.p.A.,27,43,Italy
77,Serie A 2020/21,Luis Muriel,Atalanta Bergamasca Calcio S.p.a.,25,45,Colombia
77,Serie A 2020/21,Zlatan Ibrahimović,Associazione Calcio Milan,22,29,Sweden
77,Serie A 2020/21,Lorenzo Insigne,Società Sportiva Calcio Napoli,22,45,Italy
77,Serie A 2020/21,Dušan Vlahović,Associazione Calcio Fiorentina,21,43,Serbia
77,Serie A 2020/21,Domenico Berardi,Unione Sportiva Sassuolo Calcio,21,38,Italy
77,Serie A 2020/21,Simy,FC Crotone,20,38,Nigeria
77,Serie A 2020/21,Lautaro Martínez,Football Club Internazionale Milano S.p.A.,19,48,Argentina
78,Premier League 2013/14,Luis Suárez,Liverpool Football Club,31,33,Uruguay
78,Premier League 2013/14,Daniel Sturridge,Liverpool Football Club,22,29,England
78,Premier League 2013/14,Yaya Touré,Manchester City Football Club,20,35,Cote d'Ivoire
78,Premier League 2013/14,Wilfried Bony,Swansea City,17,34,Cote d'Ivoire
78,Premier League 2013/14,Wayne Rooney,Manchester United Football Club,17,29,England
78,Premier League 2013/14,Sergio Agüero,Manchester City Football Club,17,23,Argentina
78,Premier League 2013/14,Edin Dzeko,Manchester City Football Club,16,31,Bosnia-Herzegovina
78,Premier League 2013/14,Olivier Giroud,Arsenal Football Club,16,36,France
78,Premier League 2013/14,Jay Rodríguez,Southampton FC,15,33,England
78,Premier League 2013/14,Romelu Lukaku,Everton Football Club,15,33,Belgium
79,Bundesliga 2012/13,Stefan Kießling,Bayer 04 Leverkusen Fußball,25,34,Germany
79,Bundesliga 2012/13,Robert Lewandowski,Borussia Dortmund,24,31,Poland
79,Bundesliga 2012/13,Alexander Meier,Eintracht Frankfurt Fußball AG,16,31,Germany
79,Bundesliga 2012/13,Vedad Ibisevic,Verein für Bewegungsspiele Stuttgart 1893,15,30,Bosnia-Herzegovina
79,Bundesliga 2012/13,Mario Mandzukic,Bayern Munich,15,24,Croatia
79,Bundesliga 2012/13,Marco Reus,Borussia Dortmund,14,32,Germany
79,Bundesliga 2012/13,Thomas Müller,Bayern Munich,13,28,Germany
79,Bundesliga 2012/13,Ádám Szalai,1. Fußball- und Sportverein Mainz 05,13,29,Hungary
79,Bundesliga 2012/13,Mame Diouf,Hannover 96,12,28,Senegal
79,Bundesliga 2012/13,Heung-min Son,Hamburger Sport Verein,12,33,"Korea, South"
80,Ligue 1 2023/24,Kylian Mbappé,Paris Saint-Germain Football Club,27,29,France
80,Ligue 1 2023/24,Alexandre Lacazette,Olympique Lyonnais,19,29,France
80,Ligue 1 2023/24,Jonathan David,Lille Olympique Sporting Club,19,34,Canada
80,Ligue 1 2023/24,Pierre-Emerick Aubameyang,Olympique de Marseille,17,34,Gabon
80,Ligue 1 2023/24,Wissam Ben Yedder,Association sportive de Monaco Football Club,16,32,France
80,Ligue 1 2023/24,Thijs Dallinga,Toulouse Football Club,14,33,Netherlands
80,Ligue 1 2023/24,Georges Mikautadze,Football Club de Metz,13,20,Georgia
80,Ligue 1 2023/24,Gonçalo Ramos,Paris Saint-Germain Football Club,11,29,Portugal
80,Ligue 1 2023/24,Terem Moffi,Olympique Gymnaste Club Nice Côte d'Azur,11,30,Nigeria
80,Ligue 1 2023/24,Arnaud Kalimuendo,Stade Rennais Football Club,10,30,France
81,La Liga 2016/17,Lionel Messi,Futbol Club Barcelona,37,34,Argentina
81,La Liga 2016/17,Luis Suárez,Futbol Club Barcelona,28,35,Uruguay
81,La Liga 2016/17,Cristiano Ronaldo,Real Madrid Club de Fútbol,25,29,Portugal
81,La Liga 2016/17,Iago Aspas,Real Club Celta de Vigo S. A. D.,19,32,Spain
81,La Liga 2016/17,Antoine Griezmann,Club Atlético de Madrid S.A.D.,16,36,France
81,La Liga 2016/17,Aritz Aduriz,Athletic Club Bilbao,16,32,Spain
81,La Liga 2016/17,Álvaro Morata,Real Madrid Club de Fútbol,15,26,Spain
81,La Liga 2016/17,Sandro Ramírez,Málaga CF,14,30,Spain
81,La Liga 2016/17,Rubén Castro,Real Betis Balompié S.A.D.,13,35,Spain
81,La Liga 2016/17,Neymar,Futbol Club Barcelona,13,30,Brazil
82,La Liga 2022/23,Robert Lewandowski,Futbol Club Barcelona,23,34,Poland
82,La Liga 2022/23,Karim Benzema,Real Madrid Club de Fútbol,19,24,France
82,La Liga 2022/23,Joselu,Reial Club Deportiu Espanyol de Barcelona S.A.D.,16,34,Spain
82,La Liga 2022/23,Borja Iglesias,Real Betis Balompié S.A.D.,15,35,Spain
82,La Liga 2022/23,Antoine Griezmann,Club Atlético de Madrid S.A.D.,15,38,France
82,La Liga 2022/23,Vedat Muriqi,Real Club Deportivo Mallorca S.A.D.,15,35,Kosovo
82,La Liga 2022/23,Enes Ünal,Getafe Club de Fútbol S. A. D. Team Dubai,14,35,Türkiye
82,La Liga 2022/23,Álvaro Morata,Club Atlético de Madrid S.A.D.,13,36,Spain
82,La Liga 2022/23,Taty Castellanos,Girona Fútbol Club S. A. D.,13,35,Argentina
82,La Liga 2022/23,Nicolas Jackson,Villarreal Club de Fútbol S.A.D.,12,26,Senegal
83,Premier League 2024/25,Mohamed Salah,Liverpool Football Club,29,38,Egypt
83,Premier League 2024/25,Alexander Isak,Newcastle United Football Club,23,34,Sweden
83,Premier League 2024/25,Erling Haaland,Manchester City Football Club,22,31,Norway
83,Premier League 2024/25,Chris Wood,Nottingham Forest Football Club,20,36,New Zealand
83,Premier League 2024/25,Bryan Mbeumo,Brentford Football Club,20,38,Cameroon
83,Premier League 2024/25,Yoane Wissa,Brentford Football Club,19,35,DR Congo
83,Premier League 2024/25,Ollie Watkins,Aston Villa Football Club,16,38,England
83,Premier League 2024/25,Matheus Cunha,Wolverhampton Wanderers Football Club,15,33,Brazil
83,Premier League 2024/25,Cole Palmer,Chelsea Football Club,15,37,England
83,Premier League 2024/25,Jean-Philippe Mateta,Crystal Palace Football Club,14,37,France
84,Serie A 2017/18,Ciro Immobile,Società Sportiva Lazio S.p.A.,29,33,Italy
84,Serie A 2017/18,Mauro Icardi,Football Club Internazionale Milano S.p.A.,29,34,Argentina
84,Serie A 2017/18,Paulo Dybala,Juventus Football Club,22,33,Argentina
84,Serie A 2017/18,Fabio Quagliarella,UC Sampdoria,19,35,
84,Serie A 2017/18,Dries Mertens,Società Sportiva Calcio Napoli,18,38,Belgium
84,Serie A 2017/18,Gonzalo Higuaín,Juventus Football Club,16,35,Argentina
84,Serie A 2017/18,Edin Dzeko,Associazione Sportiva Roma,16,36,Bosnia-Herzegovina
84,Serie A 2017/18,Giovanni Simeone,Associazione Calcio Fiorentina,14,38,Argentina
84,Serie A 2017/18,Roberto Inglese,Chievo Verona,12,34,Italy
84,Serie A 2017/18,Kevin Lasagna,Udinese Calcio,12,29,Italy
85,La Liga 2024/25,Kylian Mbappé,Real Madrid Club de Fútbol,31,34,France
85,La Liga 2024/25,Robert Lewandowski,Futbol Club Barcelona,27,34,Poland
85,La Liga 2024/25,Ante Budimir,Club Atlético Osasuna,21,38,Croatia
85,La Liga 2024/25,Alexander Sørloth,Club Atlético de Madrid S.A.D.,20,35,Norway
85,La Liga 2024/25,Ayoze Pérez,Villarreal Club de Fútbol S.A.D.,19,30,Spain
85,La Liga 2024/25,Raphinha,Futbol Club Barcelona,18,36,Brazil
85,La Liga 2024/25,Julián Alvarez,Club Atlético de Madrid S.A.D.,17,37,Argentina
85,La Liga 2024/25,Oihan Sancet,Athletic Club Bilbao,15,29,Spain
85,La Liga 2024/25,Kike García,Deportivo Alavés S. A. D.,13,35,Spain
85,La Liga 2024/25,Javi Puado,Reial Club Deportiu Espanyol de Barcelona S.A.D.,12,35,Spain
86,La Liga 2021/22,Karim Benzema,Real Madrid Club de Fútbol,27,32,France
86,La Liga 2021/22,Iago Aspas,Real Club Celta de Vigo S. A. D.,18,37,Spain
86,La Liga 2021/22,Vinicius Junior,Real Madrid Club de Fútbol,17,35,Brazil
86,La Liga 2021/22,Raúl de Tomás,Reial Club Deportiu Espanyol de Barcelona S.A.D.,17,34,Spain
86,La Liga 2021/22,Juanmi,Real Betis Balompié S.A.D.,16,33,Spain
86,La Liga 2021/22,Enes Ünal,Getafe Club de Fútbol S. A. D. Team Dubai,16,37,Türkiye
86,La Liga 2021/22,Joselu,Deportivo Alavés S. A. D.,14,37,Spain
86,La Liga 2021/22,José Luis Morales,Levante Unión Deportiva S.A.D.,13,35,Spain
86,La Liga 2021/22,Ángel Correa,Club Atlético de Madrid S.A.D.,12,36,Argentina
86,La Liga 2021/22,Memphis Depay,Futbol Club Barcelona,12,28,Netherlands
87,Serie A 2016/17,Edin Dzeko,Associazione Sportiva Roma,29,37,Bosnia-Herzegovina
87,Serie A 2016/17,Dries Mertens,Società Sportiva Calcio Napoli,28,35,Belgium
87,Serie A 2016/17,Andrea Belotti,Torino Calcio,26,35,Italy
87,Serie A 2016/17,Gonzalo Higuaín,Juventus Football Club,24,38,Argentina
87,Serie A 2016/17,Mauro Icardi,Football Club Internazionale Milano S.p.A.,24,34,Argentina
87,Serie A 2016/17,Ciro Immobile,Società Sportiva Lazio S.p.A.,23,36,Italy
87,Serie A 2016/17,Lorenzo Insigne,Società Sportiva Calcio Napoli,18,37,Italy
87,Serie A 2016/17,Keita Baldé,Società Sportiva Lazio S.p.A.,16,31,Senegal
87,Serie A 2016/17,Marco Borriello,Cagliari Calcio,16,36,Italy
87,Serie A 2016/17,Papu Gómez,Atalanta Bergamasca Calcio S.p.a.,16,37,Argentina
88,La Liga 2015/16,Luis Suárez,Futbol Club Barcelona,40,35,Uruguay
88,La Liga 2015/16,Cristiano Ronaldo,Real Madrid Club de Fútbol,35,36,Portugal
88,La Liga 2015/16,Lionel Messi,Futbol Club Barcelona,26,33,Argentina
88,La Liga 2015/16,Neymar,Futbol Club Barcelona,24,34,Brazil
88,La Liga 2015/16,Karim Benzema,Real Madrid Club de Fútbol,24,27,France
88,La Liga 2015/16,Antoine Griezmann,Club Atlético de Madrid S.A.D.,22,38,France
88,La Liga 2015/16,Aritz Aduriz,Athletic Club Bilbao,20,34,Spain
88,La Liga 2015/16,Gareth Bale,Real Madrid Club de Fútbol,19,23,Wales
88,La Liga 2015/16,Rubén Castro,Real Betis Balompié S.A.D.,19,38,Spain
88,La Liga 2015/16,Borja Bastón,SD Eibar,18,36,Spain
89,Bundesliga 2014/15,Alexander Meier,Eintracht Frankfurt Fußball AG,19,26,Germany
89,Bundesliga 2014/15,Robert Lewandowski,Bayern Munich,17,31,Poland
89,Bundesliga 2014/15,Pierre-Emerick Aubameyang,Borussia Dortmund,16,33,Gabon
89,Bundesliga 2014/15,Bas Dost,Verein für Leibesübungen Wolfsburg,16,21,Netherlands
89,Bundesliga 2014/15,Franco Di Santo,Sportverein Werder Bremen von 1899,13,26,Argentina
89,Bundesliga 2014/15,Karim Bellarabi,Bayer 04 Leverkusen Fußball,12,33,Germany
89,Bundesliga 2014/15,Raffael,Borussia Verein für Leibesübungen 1900 Mönchengladbach,12,31,Brazil
89,Bundesliga 2014/15,Shinji Okazaki,1. Fußball- und Sportverein Mainz 05,12,32,Japan
89,Bundesliga 2014/15,Patrick Herrmann,Borussia Verein für Leibesübungen 1900 Mönchengladbach,11,32,Germany
89,Bundesliga 2014/15,Max Kruse,Borussia Verein für Leibesübungen 1900 Mönchengladbach,11,32,Germany
90,Ligue 1 2019/20,Kylian Mbappé,Paris Saint-Germain Football Club,18,20,France
90,Ligue 1 2019/20,Wissam Ben Yedder,Association sportive de Monaco Football Club,18,26,France
90,Ligue 1 2019/20,Moussa Dembélé,Olympique Lyonnais,16,27,France
90,Ligue 1 2019/20,Victor Osimhen,Lille Olympique Sporting Club,13,27,Nigeria
90,Ligue 1 2019/20,Neymar,Paris Saint-Germain Football Club,13,15,Brazil
90,Ligue 1 2019/20,Habib Diallo,Football Club de Metz,12,26,Senegal
90,Ligue 1 2019/20,Mauro Icardi,Paris Saint-Germain Football Club,12,20,Argentina
90,Ligue 1 2019/20,Kasper Dolberg,Olympique Gymnaste Club Nice Côte d'Azur,11,23,Denmark
90,Ligue 1 2019/20,Darío Benedetto,Olympique de Marseille,11,26,Argentina
90,Ligue 1 2019/20,Denis Bouanga,AS Saint-Étienne,10,26,Gabon
91,Ligue 1 2014/15,Alexandre Lacazette,Olympique Lyonnais,27,33,France
91,Ligue 1 2014/15,André-Pierre Gignac,Olympique de Marseille,21,38,France
91,Ligue 1 2014/15,Zlatan Ibrahimović,Paris Saint-Germain Football Club,19,24,Sweden
91,Ligue 1 2014/15,Edinson Cavani,Paris Saint-Germain Football Club,18,35,Uruguay
91,Ligue 1 2014/15,Claudio Beauvue,EA Guingamp,17,36,Guadeloupe
91,Ligue 1 2014/15,Max Gradel,AS Saint-Étienne,17,31,Cote d'Ivoire
91,Ligue 1 2014/15,Diego Rolán,FC Girondins Bordeaux,15,36,Uruguay
91,Ligue 1 2014/15,Wissam Ben Yedder,Toulouse Football Club,14,36,France
91,Ligue 1 2014/15,Nabil Fekir,Olympique Lyonnais,13,34,France
91,Ligue 1 2014/15,Jordan Ayew,Football Club Lorient-Bretagne Sud,12,31,Ghana
92,Premier League 2017/18,Mohamed Salah,Liverpool Football Club,32,36,Egypt
92,Premier League 2017/18,Harry Kane,Tottenham Hotspur Football Club,30,37,England
92,Premier League 2017/18,Sergio Agüero,Manchester City Football Club,21,25,Argentina
92,Premier League 2017/18,Jamie Vardy,Leicester City,20,37,England
92,Premier League 2017/18,Raheem Sterling,Manchester City Football Club,18,33,England
92,Premier League 2017/18,Romelu Lukaku,Manchester United Football Club,16,34,Belgium
92,Premier League 2017/18,Roberto Firmino,Liverpool Football Club,15,37,Brazil
92,Premier League 2017/18,Alexandre Lacazette,Arsenal Football Club,14,32,France
92,Premier League 2017/18,Gabriel Jesus,Manchester City Football Club,13,29,Brazil
92,Premier League 2017/18,Eden Hazard,Chelsea Football Club,12,34,Belgium
93,Serie A 2022/23,Victor Osimhen,Società Sportiva Calcio Napoli,26,32,Nigeria
93,Serie A 2022/23,Lautaro Martínez,Football Club Internazionale Milano S.p.A.,21,38,Argentina
93,Serie A 2022/23,Boulaye Dia,US Salernitana 1919,16,33,Senegal
93,Serie A 2022/23,Rafael Leão,Associazione Calcio Milan,15,35,Portugal
93,Serie A 2022/23,Ademola Lookman,Atalanta Bergamasca Calcio S.p.a.,13,31,Nigeria
93,Serie A 2022/23,Olivier Giroud,Associazione Calcio Milan,13,33,France
93,Serie A 2022/23,M'Bala Nzola,Spezia Calcio,13,31,Angola
93,Serie A 2022/23,Antonio Sanabria,Torino Calcio,12,33,Paraguay
93,Serie A 2022/23,Domenico Berardi,Unione Sportiva Sassuolo Calcio,12,26,Italy
93,Serie A 2022/23,Ciro Immobile,Società Sportiva Lazio S.p.A.,12,31,Italy
94,Premier League 2018/19,Sadio Mané,Liverpool Football Club,22,36,Senegal
94,Premier League 2018/19,Mohamed Salah,Liverpool Football Club,22,38,Egypt
94,Premier League 2018/19,Pierre-Emerick Aubameyang,Arsenal Football Club,22,36,Gabon
94,Premier League 2018/19,Sergio Agüero,Manchester City Football Club,21,33,Argentina
94,Premier League 2018/19,Jamie Vardy,Leicester City,18,34,England
94,Premier League 2018/19,Harry Kane,Tottenham Hotspur Football Club,17,28,England
94,Premier League 2018/19,Raheem Sterling,Manchester City Football Club,17,34,England
94,Premier League 2018/19,Eden Hazard,Chelsea Football Club,16,37,Belgium
94,Premier League 2018/19,Callum Wilson,Association Football Club Bournemouth,14,30,England
94,Premier League 2018/19,Gylfi Sigurdsson,Everton Football Club,13,38,Iceland
95,Ligue 1 2012/13,Zlatan Ibrahimović,Paris Saint-Germain Football Club,30,34,Sweden
95,Ligue 1 2012/13,Pierre-Emerick Aubameyang,AS Saint-Étienne,19,37,Gabon
95,Ligue 1 2012/13,Darío Cvitanich,Olympique Gymnaste Club Nice Côte d'Azur,19,29,Argentina
95,Ligue 1 2012/13,Bafétimbi Gomis,Olympique Lyonnais,16,37,France
95,Ligue 1 2012/13,Jérémie Aliadière,Football Club Lorient-Bretagne Sud,15,31,France
95,Ligue 1 2012/13,Anthony Modeste,SC Bastia,15,36,France
95,Ligue 1 2012/13,Wissam Ben Yedder,Toulouse Football Club,15,34,France
95,Ligue 1 2012/13,Salomon Kalou,Lille Olympique Sporting Club,14,28,Cote d'Ivoire
95,Ligue 1 2012/13,Saber Khalifa,Thonon Évian Grand Genève FC,13,25,Tunisia
95,Ligue 1 2012/13,André-Pierre Gignac,Olympique de Marseille,13,31,France
96,Ligue 1 2016/17,Edinson Cavani,Paris Saint-Germain Football Club,35,36,Uruguay
96,Ligue 1 2016/17,Alexandre Lacazette,Olympique Lyonnais,28,30,France
96,Ligue 1 2016/17,Radamel Falcao,Association sportive de Monaco Football Club,21,29,Colombia
96,Ligue 1 2016/17,Bafétimbi Gomis,Olympique de Marseille,20,31,France
96,Ligue 1 2016/17,Ivan Santini,SM Caen,15,34,Croatia
96,Ligue 1 2016/17,Mario Balotelli,Olympique Gymnaste Club Nice Côte d'Azur,15,23,Italy
96,Ligue 1 2016/17,Florian Thauvin,Olympique de Marseille,15,38,France
96,Ligue 1 2016/17,Kylian Mbappé,Association sportive de Monaco Football Club,15,29,France
96,Ligue 1 2016/17,Nicolas de Préville,Lille Olympique Sporting Club,14,30,France
96,Ligue 1 2016/17,Steve Mounié,Montpellier HSC,14,35,Benin
97,La Liga 2014/15,Cristiano Ronaldo,Real Madrid Club de Fútbol,48,35,Portugal
97,La Liga 2014/15,Lionel Messi,Futbol Club Barcelona,43,38,Argentina
97,La Liga 2014/15,Neymar,Futbol Club Barcelona,22,33,Brazil
97,La Liga 2014/15,Aritz Aduriz,Athletic Club Bilbao,18,31,Spain
97,La Liga 2014/15,Alberto Bueno,Rayo Vallecano de Madrid S. A. D.,17,36,Spain
97,La Liga 2014/15,Luis Suárez,Futbol Club Barcelona,16,27,Uruguay
97,La Liga 2014/15,Karim Benzema,Real Madrid Club de Fútbol,15,29,France
97,La Liga 2014/15,Sergio García,Reial Club Deportiu Espanyol de Barcelona S.A.D.,14,35,Spain
97,La Liga 2014/15,Jonathas,Elche Club de Fútbol S.A.D.,14,34,Brazil
97,La Liga 2014/15,Nolito,Real Club Celta de Vigo S. A. D.,13,36,Spain
98,Premier League 2021/22,Heung-min Son,Tottenham Hotspur Football Club,23,35,"Korea, South"
98,Premier League 2021/22,Mohamed Salah,Liverpool Football Club,23,35,Egypt
98,Premier League 2021/22,Cristiano Ronaldo,Manchester United Football Club,18,30,Portugal
98,Premier League 2021/22,Harry Kane,Tottenham Hotspur Football Club,17,37,England
98,Premier League 2021/22,Sadio Mané,Liverpool Football Club,16,34,Senegal
98,Premier League 2021/22,Diogo Jota,Liverpool Football Club,15,35,Portugal
98,Premier League 2021/22,Kevin De Bruyne,Manchester City Football Club,15,30,Belgium
98,Premier League 2021/22,Jamie Vardy,Leicester City,15,25,England
98,Premier League 2021/22,Wilfried Zaha,Crystal Palace Football Club,14,33,Cote d'Ivoire
98,Premier League 2021/22,Raheem Sterling,Manchester City Football Club,13,30,England
99,Premier League 2015/16,Harry Kane,Tottenham Hotspur Football Club,25,38,England
99,Premier League 2015/16,Sergio Agüero,Manchester City Football Club,24,30,Argentina
99,Premier League 2015/16,Jamie Vardy,Leicester City,24,36,England
99,Premier League 2015/16,Romelu Lukaku,Everton Football Club,18,37,Belgium
99,Premier League 2015/16,Riyad Mahrez,Leicester City,17,37,Algeria
99,Premier League 2015/16,Odion Ighalo,Watford FC,16,37,Nigeria
99,Premier League 2015/16,Olivier Giroud,Arsenal Football Club,16,38,France
99,Premier League 2015/16,Jermain Defoe,Sunderland Association Football Club,15,33,England
99,Premier League 2015/16,Alexis Sánchez,Arsenal Football Club,13,30,Chile
99,Premier League 2015/16,Troy Deeney,Watford FC,13,38,England
100,Ligue 1 2013/14,Zlatan Ibrahimović,Paris Saint-Germain Football Club,26,33,Sweden
100,Ligue 1 2013/14,Salomon Kalou,Lille Olympique Sporting Club,16,38,Cote d'Ivoire
100,Ligue 1 2013/14,Vincent Aboubakar,Football Club Lorient-Bretagne Sud,16,35,Cameroon
100,Ligue 1 2013/14,Wissam Ben Yedder,Toulouse Football Club,16,38,France
100,Ligue 1 2013/14,André-Pierre Gignac,Olympique de Marseille,16,35,France
100,Ligue 1 2013/14,Edinson Cavani,Paris Saint-Germain Football Club,16,30,Uruguay
100,Ligue 1 2013/14,Alexandre Lacazette,Olympique Lyonnais,15,36,France
100,Ligue 1 2013/14,Bafétimbi Gomis,Olympique Lyonnais,14,33,France
100,Ligue 1 2013/14,Rémy Cabella,Montpellier HSC,14,37,France
100,Ligue 1 2013/14,Mevlüt Erdinc,AS Saint-Étienne,12,31,Turkey
101,Bundesliga 2024/25,Harry Kane,Bayern Munich,26,31,England
101,Bundesliga 2024/25,Serhou Guirassy,Borussia Dortmund,21,30,Guinea
101,Bundesliga 2024/25,Patrik Schick,Bayer 04 Leverkusen Fußball,21,31,Czech Republic
101,Bundesliga 2024/25,Jonathan Burkardt,1. Fußball- und Sportverein Mainz 05,18,29,Germany
101,Bundesliga 2024/25,Tim Kleindienst,Borussia Verein für Leibesübungen 1900 Mönchengladbach,16,31,Germany
101,Bundesliga 2024/25,Omar Marmoush,Eintracht Frankfurt Fußball AG,15,17,Egypt
101,Bundesliga 2024/25,Hugo Ekitiké,Eintracht Frankfurt Fußball AG,15,33,France
101,Bundesliga 2024/25,Ermedin Demirovic,Verein für Bewegungsspiele Stuttgart 1893,15,34,Bosnia-Herzegovina
101,Bundesliga 2024/25,Benjamin Sesko,RasenBallsport Leipzig,13,33,Slovenia
101,Bundesliga 2024/25,Michael Olise,Bayern Munich,12,34,France
102,Bundesliga 2021/22,Robert Lewandowski,Bayern Munich,35,34,Poland
102,Bundesliga 2021/22,Patrik Schick,Bayer 04 Leverkusen Fußball,24,27,Czech Republic
102,Bundesliga 2021/22,Erling Haaland,Borussia Dortmund,22,24,Norway
102,Bundesliga 2021/22,Christopher Nkunku,RasenBallsport Leipzig,20,34,France
102,Bundesliga 2021/22,Anthony Modeste,1. Fußball-Club Köln,20,32,France
102,Bundesliga 2021/22,Taiwo Awoniyi,1. Fußballclub Union Berlin,15,31,Nigeria
102,Bundesliga 2021/22,Serge Gnabry,Bayern Munich,14,34,Germany
102,Bundesliga 2021/22,Moussa Diaby,Bayer 04 Leverkusen Fußball,13,32,France
102,Bundesliga 2021/22,Max Kruse,1. Fußballclub Union Berlin,12,30,Germany
102,Bundesliga 2021/22,Jonas Hofmann,Borussia Verein für Leibesübungen 1900 Mönchengladbach,12,26,Germany
103,Premier League 2022/23,Erling Haaland,Manchester City Football Club,36,35,Norway
103,Premier League 2022/23,Harry Kane,Tottenham Hotspur Football Club,30,38,England
103,Premier League 2022/23,Ivan Toney,Brentford Football Club,20,33,England
103,Premier League 2022/23,Mohamed Salah,Liverpool Football Club,19,38,Egypt
103,Premier League 2022/23,Callum Wilson,Newcastle United Football Club,18,31,England
103,Premier League 2022/23,Marcus Rashford,Manchester United Football Club,17,35,England
103,Premier League 2022/23,Martin Ødegaard,Arsenal Football Club,15,37,Norway
103,Premier League 2022/23,Ollie Watkins,Aston Villa Football Club,15,37,England
103,Premier League 2022/23,Gabriel Martinelli,Arsenal Football Club,15,36,Brazil
103,Premier League 2022/23,Bukayo Saka,Arsenal Football Club,14,38,England
104,La Liga 2018/19,Lionel Messi,Futbol Club Barcelona,36,34,Argentina
104,La Liga 2018/19,Karim Benzema,Real Madrid Club de Fútbol,21,36,France
104,La Liga 2018/19,Iago Aspas,Real Club Celta de Vigo S. A. D.,20,27,Spain
104,La Liga 2018/19,Cristhian Stuani,Girona Fútbol Club S. A. D.,19,32,Uruguay
104,La Liga 2018/19,Luis Suárez,Futbol Club Barcelona,19,33,Uruguay
104,La Liga 2018/19,Wissam Ben Yedder,Sevilla Fútbol Club S.A.D.,18,35,France
104,La Liga 2018/19,Borja Iglesias,Reial Club Deportiu Espanyol de Barcelona S.A.D.,17,37,Spain
104,La Liga 2018/19,Antoine Griezmann,Club Atlético de Madrid S.A.D.,15,37,France
104,La Liga 2018/19,Jaime Mata,Getafe Club de Fútbol S. A. D. Team Dubai,14,34,Spain
104,La Liga 2018/19,Raúl de Tomás,Rayo Vallecano de Madrid S. A. D.,14,33,Spain
105,Bundesliga 2019/20,Robert Lewandowski,Bayern Munich,34,31,Poland
105,Bundesliga 2019/20,Timo Werner,RasenBallsport Leipzig,28,34,Germany
105,Bundesliga 2019/20,Jadon Sancho,Borussia Dortmund,17,32,England
105,Bundesliga 2019/20,Wout Weghorst,Verein für Leibesübungen Wolfsburg,16,32,Netherlands
105,Bundesliga 2019/20,Rouwen Hennings,Fortuna Düsseldorf,15,32,Germany
105,Bundesliga 2019/20,Jhon Córdoba,1. Fußball-Club Köln,13,29,Colombia
105,Bundesliga 2019/20,Robin Quaison,1. Fußball- und Sportverein Mainz 05,13,32,Sweden
105,Bundesliga 2019/20,Erling Haaland,Borussia Dortmund,13,15,Norway
105,Bundesliga 2019/20,Florian Niederlechner,Fußball-Club Augsburg 1907,13,33,Germany
105,Bundesliga 2019/20,Serge Gnabry,Bayern Munich,12,31,Germany
106,Serie A 2013/14,Ciro Immobile,Torino Calcio,22,33,Italy
106,Serie A 2013/14,Luca Toni,Verona Hellas Football Club,20,34,Italy
106,Serie A 2013/14,Carlos Tevez,Juventus Football Club,19,34,Argentina
106,Serie A 2013/14,Gonzalo Higuaín,Società Sportiva Calcio Napoli,17,32,Argentina
106,Serie A 2013/14,Antonio Di Natale,Udinese Calcio,17,32,Italy
106,Serie A 2013/14,Rodrigo Palacio,Football Club Internazionale Milano S.p.A.,17,37,Argentina
106,Serie A 2013/14,Domenico Berardi,Unione Sportiva Sassuolo Calcio,16,29,Italy
106,Serie A 2013/14,Giuseppe Rossi,Associazione Calcio Fiorentina,16,21,Italy
106,Serie A 2013/14,Fernando Llorente,Juventus Football Club,16,34,Spain
106,Serie A 2013/14,Paulinho,US Livorno 1915,15,35,Brazil
107,La Liga 2019/20,Lionel Messi,Futbol Club Barcelona,22,28,Argentina
107,La Liga 2019/20,Karim Benzema,Real Madrid Club de Fútbol,17,31,France
107,La Liga 2019/20,Luis Suárez,Futbol Club Barcelona,13,23,Uruguay
107,La Liga 2019/20,Gerard Moreno,Villarreal Club de Fútbol S.A.D.,13,30,Spain
107,La Liga 2019/20,Iago Aspas,Real Club Celta de Vigo S. A. D.,13,32,Spain
107,La Liga 2019/20,Ante Budimir,Real Club Deportivo Mallorca S.A.D.,12,31,Croatia
107,La Liga 2019/20,Lucas Ocampos,Sevilla Fútbol Club S.A.D.,12,28,Argentina
107,La Liga 2019/20,Jaime Mata,Getafe Club de Fútbol S. A. D. Team Dubai,11,28,Spain
107,La Liga 2019/20,Roger Martí,Levante Unión Deportiva S.A.D.,11,30,Spain
107,La Liga 2019/20,Lucas Pérez,Deportivo Alavés S. A. D.,11,29,Spain
108,Serie A 2012/13,Edinson Cavani,Società Sportiva Calcio Napoli,29,34,Uruguay
108,Serie A 2012/13,Antonio Di Natale,Udinese Calcio,23,33,Italy
108,Serie A 2012/13,Stephan El Shaarawy,Associazione Calcio Milan,16,37,Italy
108,Serie A 2012/13,Daniel Osvaldo,Associazione Sportiva Roma,16,29,Italy
108,Serie A 2012/13,Miroslav Klose,Società Sportiva Lazio S.p.A.,15,29,Germany
108,Serie A 2012/13,Erik Lamela,Associazione Sportiva Roma,15,33,Argentina
108,Serie A 2012/13,Giampaolo Pazzini,Associazione Calcio Milan,15,30,Italy
108,Serie A 2012/13,Germán Denis,Atalanta Bergamasca Calcio S.p.a.,15,36,Argentina
108,Serie A 2012/13,Stevan Jovetić,Associazione Calcio Fiorentina,13,31,Montenegro
108,Serie A 2012/13,Gonzalo Bergessio,Catania FC,13,32,Argentina
109,Serie A 2014/15,Luca Toni,Verona Hellas Football Club,22,38,Italy
109,Serie A 2014/15,Mauro Icardi,Football Club Internazionale Milano S.p.A.,22,36,Argentina
109,Serie A 2014/15,Carlos Tevez,Juventus Football Club,20,32,Argentina
109,Serie A 2014/15,Gonzalo Higuaín,Società Sportiva Calcio Napoli,18,37,Argentina
109,Serie A 2014/15,Jérémy Ménez,Associazione Calcio Milan,16,33,France
109,Serie A 2014/15,Domenico Berardi,Unione Sportiva Sassuolo Calcio,15,32,Italy
109,Serie A 2014/15,Manolo Gabbiadini,Società Sportiva Calcio Napoli,15,33,Italy
109,Serie A 2014/15,Antonio Di Natale,Udinese Calcio,14,33,Italy
109,Serie A 2014/15,Fabio Quagliarella,Torino Calcio,13,34,
109,Serie A 2014/15,Iago Falque,Genoa Cricket and Football Club,13,32,Spain
110,Ligue 1 2020/21,Kylian Mbappé,Paris Saint-Germain Football Club,27,31,France
110,Ligue 1 2020/21,Memphis Depay,Olympique Lyonnais,20,37,Netherlands
110,Ligue 1 2020/21,Wissam Ben Yedder,Association sportive de Monaco Football Club,20,37,France
110,Ligue 1 2020/21,Kevin Volland,Association sportive de Monaco Football Club,16,35,Germany
110,Ligue 1 2020/21,Ludovic Ajorque,Racing Club de Strasbourg Alsace,16,35,France
110,Ligue 1 2020/21,Burak Yilmaz,Lille Olympique Sporting Club,16,28,
110,Ligue 1 2020/21,Gaëtan Laborde,Montpellier HSC,16,38,France
110,Ligue 1 2020/21,Andy Delort,Montpellier HSC,15,30,Algeria
110,Ligue 1 2020/21,Karl Toko Ekambi,Olympique Lyonnais,14,35,Cameroon
110,Ligue 1 2020/21,Boulaye Dia,Stade Reims,14,36,Senegal
111,Serie A 2024/25,Mateo Retegui,Atalanta Bergamasca Calcio S.p.a.,25,36,Italy
111,Serie A 2024/25,Moise Kean,Associazione Calcio Fiorentina,19,32,Italy
111,Serie A 2024/25,Ademola Lookman,Atalanta Bergamasca Calcio S.p.a.,15,31,Nigeria
111,Serie A 2024/25,Riccardo Orsolini,Bologna Football Club 1909,15,30,Italy
111,Serie A 2024/25,Romelu Lukaku,Società Sportiva Calcio Napoli,14,36,Belgium
111,Serie A 2024/25,Marcus Thuram,Football Club Internazionale Milano S.p.A.,14,32,France
111,Serie A 2024/25,Lorenzo Lucca,Udinese Calcio,12,33,Italy
111,Serie A 2024/25,Scott McTominay,Società Sportiva Calcio Napoli,12,34,Scotland
111,Serie A 2024/25,Lautaro Martínez,Football Club Internazionale Milano S.p.A.,12,31,Argentina
111,Serie A 2024/25,Artem Dovbyk,Associazione Sportiva Roma,12,32,Ukraine
112,Ligue 1 2024/25,Mason Greenwood,Olympique de Marseille,21,34,England
112,Ligue 1 2024/25,Ousmane Dembélé,Paris Saint-Germain Football Club,21,29,France
112,Ligue 1 2024/25,Arnaud Kalimuendo,Stade Rennais Football Club,17,33,France
112,Ligue 1 2024/25,Jonathan David,Lille Olympique Sporting Club,16,32,Canada
112,Ligue 1 2024/25,Alexandre Lacazette,Olympique Lyonnais,15,30,France
112,Ligue 1 2024/25,Bradley Barcola,Paris Saint-Germain Football Club,14,34,France
112,Ligue 1 2024/25,Emmanuel Emegha,Racing Club de Strasbourg Alsace,14,27,Netherlands
112,Ligue 1 2024/25,Ludovic Ajorque,Stade brestois 29,13,31,France
112,Ligue 1 2024/25,Amine Gouiri,Stade Rennais Football Club,13,33,Algeria
112,Ligue 1 2024/25,Mika Biereth,Association sportive de Monaco Football Club,13,16,Denmark
113,Ligue 1 2015/16,Zlatan Ibrahimović,Paris Saint-Germain Football Club,38,31,Sweden
113,Ligue 1 2015/16,Alexandre Lacazette,Olympique Lyonnais,21,34,France
113,Ligue 1 2015/16,Edinson Cavani,Paris Saint-Germain Football Club,19,32,Uruguay
113,Ligue 1 2015/16,Wissam Ben Yedder,Toulouse Football Club,17,35,France
113,Ligue 1 2015/16,Hatem Ben Arfa,Olympique Gymnaste Club Nice Côte d'Azur,17,34,France
113,Ligue 1 2015/16,Michy Batshuayi,Olympique de Marseille,17,36,Belgium
113,Ligue 1 2015/16,Valère Germain,Olympique Gymnaste Club Nice Côte d'Azur,14,38,France
113,Ligue 1 2015/16,Benjamin Moukandjo,Football Club Lorient-Bretagne Sud,13,31,Cameroon
113,Ligue 1 2015/16,Andy Delort,SM Caen,12,36,Algeria
113,Ligue 1 2015/16,Ousmane Dembélé,Stade Rennais Football Club,12,26,France
114,Premier League 2019/20,Jamie Vardy,Leicester City,19,28,England
114,Premier League 2019/20,Danny Ings,Southampton FC,18,32,England
114,Premier League 2019/20,Pierre-Emerick Aubameyang,Arsenal Football Club,17,29,Gabon
114,Premier League 2019/20,Mohamed Salah,Liverpool Football Club,17,27,Egypt
114,Premier League 2019/20,Sergio Agüero,Manchester City Football Club,16,24,Argentina
114,Premier League 2019/20,Sadio Mané,Liverpool Football Club,15,28,Senegal
114,Premier League 2019/20,Raúl Jiménez,Wolverhampton Wanderers Football Club,15,32,Mexico
114,Premier League 2019/20,Anthony Martial,Manchester United Football Club,14,26,France
114,Premier League 2019/20,Marcus Rashford,Manchester United Football Club,14,25,England
114,Premier League 2019/20,Dominic Calvert-Lewin,Everton Football Club,13,29,England
115,La Liga 2013/14,Cristiano Ronaldo,Real Madrid Club de Fútbol,31,30,Portugal
115,La Liga 2013/14,Lionel Messi,Futbol Club Barcelona,28,31,Argentina
115,La Liga 2013/14,Diego Costa,Club Atlético de Madrid S.A.D.,27,35,Spain
115,La Liga 2013/14,Alexis Sánchez,Futbol Club Barcelona,19,34,Chile
115,La Liga 2013/14,Karim Benzema,Real Madrid Club de Fútbol,17,35,France
115,La Liga 2013/14,Antoine Griezmann,Real Sociedad de Fútbol S.A.D.,16,35,France
115,La Liga 2013/14,Aritz Aduriz,Athletic Club Bilbao,16,31,Spain
115,La Liga 2013/14,Carlos Vela,Real Sociedad de Fútbol S.A.D.,16,37,Mexico
115,La Liga 2013/14,Gareth Bale,Real Madrid Club de Fútbol,15,27,Wales
115,La Liga 2013/14,Javi Guerra,Real Valladolid CF,15,37,Spain
116,Premier League 2020/21,Harry Kane,Tottenham Hotspur Football Club,29,42,England
116,Premier League 2020/21,Mohamed Salah,Liverpool Football Club,24,44,Egypt
116,Premier League 2020/21,Bruno Fernandes,Manchester United Football Club,21,43,Portugal
116,Premier League 2020/21,Heung-min Son,Tottenham Hotspur Football Club,19,44,"Korea, South"
116,Premier League 2020/21,Jamie Vardy,Leicester City,19,41,England
116,Premier League 2020/21,Raheem Sterling,Manchester City Football Club,18,38,England
116,Premier League 2020/21,Michail Antonio,West Ham United Football Club,18,33,Jamaica
116,Premier League 2020/21,Patrick Bamford,Leeds United Association Football Club,17,38,England
116,Premier League 2020/21,Dominic Calvert-Lewin,Everton Football Club,16,40,England
116,Premier League 2020/21,Alexandre Lacazette,Arsenal Football Club,16,38,France
117,Serie A 2015/16,Gonzalo Higuaín,Società Sportiva Calcio Napoli,36,35,Argentina
117,Serie A 2015/16,Paulo Dybala,Juventus Football Club,19,34,Argentina
117,Serie A 2015/16,Carlos Bacca,Associazione Calcio Milan,18,38,Colombia
117,Serie A 2015/16,Mauro Icardi,Football Club Internazionale Milano S.p.A.,16,33,Argentina
117,Serie A 2015/16,Mohamed Salah,Associazione Sportiva Roma,14,34,Egypt
117,Serie A 2015/16,Leonardo Pavoletti,Genoa Cricket and Football Club,14,25,Italy
117,Serie A 2015/16,Josip Ilicic,Associazione Calcio Fiorentina,13,30,Slovenia
117,Serie A 2015/16,Massimo Maccarone,FC Empoli,13,37,Italy
117,Serie A 2015/16,Éder,UC Sampdoria,13,33,Italy
117,Serie A 2015/16,Lorenzo Insigne,Società Sportiva Calcio Napoli,12,37,Italy
118,Bundesliga 2016/17,Pierre-Emerick Aubameyang,Borussia Dortmund,31,32,Gabon
118,Bundesliga 2016/17,Robert Lewandowski,Bayern Munich,30,33,Poland
118,Bundesliga 2016/17,Anthony Modeste,1. Fußball-Club Köln,25,34,France
118,Bundesliga 2016/17,Timo Werner,RasenBallsport Leipzig,21,31,Germany
118,Bundesliga 2016/17,Mario Gómez,Verein für Leibesübungen Wolfsburg,16,33,Germany
118,Bundesliga 2016/17,Max Kruse,Sportverein Werder Bremen von 1899,15,23,Germany
118,Bundesliga 2016/17,Andrej Kramaric,Turn- und Sportgemeinschaft 1899 Hoffenheim Fußball-Spielbetriebs,15,34,Croatia
118,Bundesliga 2016/17,Arjen Robben,Bayern Munich,13,26,Netherlands
118,Bundesliga 2016/17,Vedad Ibisevic,Hertha BSC,12,32,Bosnia-Herzegovina
118,Bundesliga 2016/17,Serge Gnabry,Sportverein Werder Bremen von 1899,11,27,Germany
119,Ligue 1 2022/23,Kylian Mbappé,Paris Saint-Germain Football Club,29,34,France
119,Ligue 1 2022/23,Alexandre Lacazette,Olympique Lyonnais,27,35,France
119,Ligue 1 2022/23,Jonathan David,Lille Olympique Sporting Club,24,37,Canada
119,Ligue 1 2022/23,Folarin Balogun,Stade Reims,21,37,United States
119,Ligue 1 2022/23,Loïs Openda,Racing Club de Lens,21,38,Belgium
119,Ligue 1 2022/23,Habib Diallo,Racing Club de Strasbourg Alsace,20,37,Senegal
119,Ligue 1 2022/23,Wissam Ben Yedder,Association sportive de Monaco Football Club,19,32,France
119,Ligue 1 2022/23,Elye Wahi,Montpellier HSC,19,33,Cote d'Ivoire
119,Ligue 1 2022/23,Terem Moffi,Football Club Lorient-Bretagne Sud,18,34,Nigeria
119,Ligue 1 2022/23,Lionel Messi,Paris Saint-Germain Football Club,16,32,Argentina
120,Ligue 1 2018/19,Kylian Mbappé,Paris Saint-Germain Football Club,33,29,France
120,Ligue 1 2018/19,Nicolas Pépé,Lille Olympique Sporting Club,22,38,Cote d'Ivoire
120,Ligue 1 2018/19,Edinson Cavani,Paris Saint-Germain Football Club,18,21,Uruguay
120,Ligue 1 2018/19,Florian Thauvin,Olympique de Marseille,16,33,France
120,Ligue 1 2018/19,Neymar,Paris Saint-Germain Football Club,15,17,Brazil
120,Ligue 1 2018/19,Radamel Falcao,Association sportive de Monaco Football Club,15,33,Colombia
120,Ligue 1 2018/19,Moussa Dembélé,Olympique Lyonnais,15,33,France
120,Ligue 1 2018/19,Andy Delort,Montpellier HSC,14,36,Algeria
120,Ligue 1 2018/19,Jonathan Bamba,Lille Olympique Sporting Club,13,38,Cote d'Ivoire
120,Ligue 1 2018/19,Wahbi Khazri,AS Saint-Étienne,13,32,Tunisia
121,Bundesliga 2017/18,Robert Lewandowski,Bayern Munich,29,30,Poland
121,Bundesliga 2017/18,Nils Petersen,Sport-Club Freiburg,15,32,Germany
121,Bundesliga 2017/18,Kevin Volland,Bayer 04 Leverkusen Fußball,14,31,Germany
121,Bundesliga 2017/18,Niclas Füllkrug,Hannover 96,14,34,Germany
121,Bundesliga 2017/18,Mark Uth,Turn- und Sportgemeinschaft 1899 Hoffenheim Fußball-Spielbetriebs,14,31,Germany
121,Bundesliga 2017/18,Timo Werner,RasenBallsport Leipzig,13,32,Germany
121,Bundesliga 2017/18,Michael Gregoritsch,Fußball-Club Augsburg 1907,13,32,Austria
121,Bundesliga 2017/18,Pierre-Emerick Aubameyang,Borussia Dortmund,13,16,Gabon
121,Bundesliga 2017/18,Andrej Kramaric,Turn- und Sportgemeinschaft 1899 Hoffenheim Fußball-Spielbetriebs,13,34,Croatia
121,Bundesliga 2017/18,Sandro Wagner,Bayern Munich,12,25,Germany
122,Bundesliga 2022/23,Niclas Füllkrug,Sportverein Werder Bremen von 1899,16,28,Germany
122,Bundesliga 2022/23,Christopher Nkunku,RasenBallsport Leipzig,16,25,France
122,Bundesliga 2022/23,Vincenzo Grifo,Sport-Club Freiburg,15,33,Italy
122,Bundesliga 2022/23,Randal Kolo Muani,Eintracht Frankfurt Fußball AG,15,32,France
122,Bundesliga 2022/23,Serge Gnabry,Bayern Munich,14,34,Germany
122,Bundesliga 2022/23,Marcus Thuram,Borussia Verein für Leibesübungen 1900 Mönchengladbach,13,30,France
122,Bundesliga 2022/23,Jonas Hofmann,Borussia Verein für Leibesübungen 1900 Mönchengladbach,12,31,Germany
122,Bundesliga 2022/23,Jamal Musiala,Bayern Munich,12,33,Germany
122,Bundesliga 2022/23,Marvin Ducksch,Sportverein Werder Bremen von 1899,12,34,Germany
122,Bundesliga 2022/23,Andrej Kramaric,Turn- und Sportgemeinschaft 1899 Hoffenheim Fußball-Spielbetriebs,12,32,Croatia
123,Serie A 2019/20,Ciro Immobile,Società Sportiva Lazio S.p.A.,29,29,Italy
123,Serie A 2019/20,Cristiano Ronaldo,Juventus Football Club,24,25,Portugal
123,Serie A 2019/20,Romelu Lukaku,Football Club Internazionale Milano S.p.A.,19,28,Belgium
123,Serie A 2019/20,João Pedro,Cagliari Calcio,17,27,Italy
123,Serie A 2019/20,Josip Ilicic,Atalanta Bergamasca Calcio S.p.a.,15,23,Slovenia
123,Serie A 2019/20,Luis Muriel,Atalanta Bergamasca Calcio S.p.a.,15,25,Colombia
123,Serie A 2019/20,Duván Zapata,Atalanta Bergamasca Calcio S.p.a.,14,18,Colombia
123,Serie A 2019/20,Francesco Caputo,Unione Sportiva Sassuolo Calcio,14,26,Italy
123,Serie A 2019/20,Edin Dzeko,Associazione Sportiva Roma,14,27,Bosnia-Herzegovina
123,Serie A 2019/20,Andrea Belotti,Torino Calcio,12,27,Italy
124,Premier League 2012/13,Robin van Persie,Manchester United Football Club,26,38,Netherlands
124,Premier League 2012/13,Luis Suárez,Liverpool Football Club,23,33,Uruguay
124,Premier League 2012/13,Gareth Bale,Tottenham Hotspur Football Club,21,33,Wales
124,Premier League 2012/13,Christian Benteke,Aston Villa Football Club,19,34,Belgium
124,Premier League 2012/13,Michu,Swansea City,18,35,Spain
124,Premier League 2012/13,Romelu Lukaku,West Bromwich Albion,17,35,Belgium
124,Premier League 2012/13,Frank Lampard,Chelsea Football Club,15,29,England
124,Premier League 2012/13,Demba Ba,Newcastle United Football Club,15,34,Senegal
124,Premier League 2012/13,Dimitar Berbatov,Fulham Football Club,15,33,Bulgaria
124,Premier League 2012/13,Rickie Lambert,Southampton FC,15,38,England
125,Bundesliga 2013/14,Robert Lewandowski,Borussia Dortmund,20,33,Poland
125,Bundesliga 2013/14,Mario Mandzukic,Bayern Munich,18,30,Croatia
125,Bundesliga 2013/14,Josip Drmic,1.FC Nuremberg,17,33,Switzerland
125,Bundesliga 2013/14,Adrián Ramos,Hertha BSC,16,32,Colombia
125,Bundesliga 2013/14,Roberto Firmino,Turn- und Sportgemeinschaft 1899 Hoffenheim Fußball-Spielbetriebs,16,33,Brazil
125,Bundesliga 2013/14,Marco Reus,Borussia Dortmund,16,30,Germany
125,Bundesliga 2013/14,Stefan Kießling,Bayer 04 Leverkusen Fußball,15,32,Germany
125,Bundesliga 2013/14,Shinji Okazaki,1. Fußball- und Sportverein Mainz 05,15,33,Japan
125,Bundesliga 2013/14,Raffael,Borussia Verein für Leibesübungen 1900 Mönchengladbach,14,34,Brazil
125,Bundesliga 2013/14,Ivica Olic,Verein für Leibesübungen Wolfsburg,14,32,Croatia
126,Premier League 2023/24,Erling Haaland,Manchester City Football Club,27,31,Norway
126,Premier League 2023/24,Cole Palmer,Chelsea Football Club,22,34,England
126,Premier League 2023/24,Alexander Isak,Newcastle United Football Club,21,30,Sweden
126,Premier League 2023/24,Ollie Watkins,Aston Villa Football Club,19,37,England
126,Premier League 2023/24,Phil Foden,Manchester City Football Club,19,35,England
126,Premier League 2023/24,Dominic Solanke,Association Football Club Bournemouth,19,38,England
126,Premier League 2023/24,Mohamed Salah,Liverpool Football Club,18,32,Egypt
126,Premier League 2023/24,Heung-min Son,Tottenham Hotspur Football Club,17,35,"Korea, South"
126,Premier League 2023/24,Jean-Philippe Mateta,Crystal Palace Football Club,16,35,France
126,Premier League 2023/24,Jarrod Bowen,West Ham United Football Club,16,34,England
127,Ligue 1 2017/18,Edinson Cavani,Paris Saint-Germain Football Club,28,32,Uruguay
127,Ligue 1 2017/18,Florian Thauvin,Olympique de Marseille,22,35,France
127,Ligue 1 2017/18,Neymar,Paris Saint-Germain Football Club,19,20,Brazil
127,Ligue 1 2017/18,Memphis Depay,Olympique Lyonnais,19,36,Netherlands
127,Ligue 1 2017/18,Radamel Falcao,Association sportive de Monaco Football Club,18,26,Colombia
127,Ligue 1 2017/18,Mariano Díaz,Olympique Lyonnais,18,34,Dominican Republic
127,Ligue 1 2017/18,Nabil Fekir,Olympique Lyonnais,18,30,France
127,Ligue 1 2017/18,Mario Balotelli,Olympique Gymnaste Club Nice Côte d'Azur,18,28,Italy
127,Ligue 1 2017/18,Karl Toko Ekambi,Angers Sporting Club de l'Ouest,17,37,Cameroon
127,Ligue 1 2017/18,Alassane Pléa,Olympique Gymnaste Club Nice Côte d'Azur,16,35,France
128,La Liga 2020/21,Lionel Messi,Futbol Club Barcelona,33,40,Argentina
128,La Liga 2020/21,Gerard Moreno,Villarreal Club de Fútbol S.A.D.,28,38,Spain
128,La Liga 2020/21,Luis Suárez,Club Atlético de Madrid S.A.D.,24,37,Uruguay
128,La Liga 2020/21,Youssef En-Nesyri,Sevilla Fútbol Club S.A.D.,19,43,Morocco
128,La Liga 2020/21,Alexander Isak,Real Sociedad de Fútbol S.A.D.,19,39,Sweden
128,La Liga 2020/21,Iago Aspas,Real Club Celta de Vigo S. A. D.,15,38,Spain
128,La Liga 2020/21,José Luis Morales,Levante Unión Deportiva S.A.D.,14,44,Spain
128,La Liga 2020/21,Antoine Griezmann,Futbol Club Barcelona,14,39,France
128,La Liga 2020/21,Santi Mina,Real Club Celta de Vigo S. A. D.,14,39,Spain
128,La Liga 2020/21,Marcos Llorente,Club Atlético de Madrid S.A.D.,13,42,Spain
129,La Liga 2023/24,Artem Dovbyk,Girona Fútbol Club S. A. D.,24,36,Ukraine
129,La Liga 2023/24,Alexander Sørloth,Villarreal Club de Fútbol S.A.D.,23,34,Norway
129,La Liga 2023/24,Jude Bellingham,Real Madrid Club de Fútbol,19,28,England
129,La Liga 2023/24,Robert Lewandowski,Futbol Club Barcelona,19,35,Poland
129,La Liga 2023/24,Ante Budimir,Club Atlético Osasuna,17,33,Croatia
129,La Liga 2023/24,Antoine Griezmann,Club Atlético de Madrid S.A.D.,16,33,France
129,La Liga 2023/24,Youssef En-Nesyri,Sevilla Fútbol Club S.A.D.,16,33,Morocco
129,La Liga 2023/24,Borja Mayoral,Getafe Club de Fútbol S. A. D. Team Dubai,15,27,Spain
129,La Liga 2023/24,Álvaro Morata,Club Atlético de Madrid S.A.D.,15,32,Spain
129,La Liga 2023/24,Vinicius Junior,Real Madrid Club de Fútbol,15,26,Brazil
130,Bundesliga 2023/24,Harry Kane,Bayern Munich,36,32,England
130,Bundesliga 2023/24,Serhou Guirassy,Verein für Bewegungsspiele Stuttgart 1893,28,28,Guinea
130,Bundesliga 2023/24,Loïs Openda,RasenBallsport Leipzig,24,34,Belgium
130,Bundesliga 2023/24,Deniz Undav,Verein für Bewegungsspiele Stuttgart 1893,18,30,Germany
130,Bundesliga 2023/24,Maximilian Beier,Turn- und Sportgemeinschaft 1899 Hoffenheim Fußball-Spielbetriebs,16,33,Germany
130,Bundesliga 2023/24,Andrej Kramaric,Turn- und Sportgemeinschaft 1899 Hoffenheim Fußball-Spielbetriebs,15,30,Croatia
130,Bundesliga 2023/24,Ermedin Demirovic,Fußball-Club Augsburg 1907,15,33,Bosnia-Herzegovina
130,Bundesliga 2023/24,Victor Boniface,Bayer 04 Leverkusen Fußball,14,23,Nigeria
130,Bundesliga 2023/24,Benjamin Sesko,RasenBallsport Leipzig,14,31,Slovenia
130,Bundesliga 2023/24,Donyell Malen,Borussia Dortmund,13,27,Netherlands
131,Serie A 2018/19,Fabio Quagliarella,UC Sampdoria,26,37,
131,Serie A 2018/19,Duván Zapata,Atalanta Bergamasca Calcio S.p.a.,23,37,Colombia
131,Serie A 2018/19,Krzysztof Piatek,Genoa Cricket and Football Club,22,37,Poland
131,Serie A 2018/19,Cristiano Ronaldo,Juventus Football Club,21,31,Portugal
131,Serie A 2018/19,Arkadiusz Milik,Società Sportiva Calcio Napoli,17,35,Poland
131,Serie A 2018/19,Dries Mertens,Società Sportiva Calcio Napoli,16,35,Belgium
131,Serie A 2018/19,Andrea Petagna,SPAL,16,36,Italy
131,Serie A 2018/19,Leonardo Pavoletti,Cagliari Calcio,16,32,Italy
131,Serie A 2018/19,Francesco Caputo,FC Empoli,16,38,Italy
131,Serie A 2018/19,Andrea Belotti,Torino Calcio,15,37,Italy
132,Premier League 2016/17,Harry Kane,Tottenham Hotspur Football Club,29,30,England
132,Premier League 2016/17,Romelu Lukaku,Everton Football Club,25,37,Belgium
132,Premier League 2016/17,Alexis Sánchez,Arsenal Football Club,24,38,Chile
132,Premier League 2016/17,Diego Costa,Chelsea Football Club,20,35,Spain
132,Premier League 2016/17,Sergio Agüero,Manchester City Football Club,20,31,Argentina
132,Premier League 2016/17,Dele Alli,Tottenham Hotspur Football Club,18,37,England
132,Premier League 2016/17,Zlatan Ibrahimović,Manchester United Football Club,17,28,Sweden
132,Premier League 2016/17,Eden Hazard,Chelsea Football Club,16,36,Belgium
132,Premier League 2016/17,Joshua King,Association Football Club Bournemouth,16,36,Norway
132,Premier League 2016/17,Fernando Llorente,Swansea City,15,33,Spain
133,Bundesliga 2015/16,Robert Lewandowski,Bayern Munich,30,32,Poland
133,Bundesliga 2015/16,Pierre-Emerick Aubameyang,Borussia Dortmund,25,31,Gabon
133,Bundesliga 2015/16,Thomas Müller,Bayern Munich,20,31,Germany
133,Bundesliga 2015/16,Chicharito,Bayer 04 Leverkusen Fußball,17,28,Mexico
133,Bundesliga 2015/16,Anthony Modeste,1. Fußball-Club Köln,15,34,France
133,Bundesliga 2015/16,Sandro Wagner,SV Darmstadt 98,14,32,Germany
133,Bundesliga 2015/16,Claudio Pizarro,Sportverein Werder Bremen von 1899,14,28,Peru
133,Bundesliga 2015/16,Salomon Kalou,Hertha BSC,14,32,Cote d'Ivoire
133,Bundesliga 2015/16,Raffael,Borussia Verein für Leibesübungen 1900 Mönchengladbach,13,31,Brazil
133,Bundesliga 2015/16,Daniel Didavi,Verein für Bewegungsspiele Stuttgart 1893,13,31,Germany
134,La Liga 2012/13,Lionel Messi,Futbol Club Barcelona,46,32,Argentina
134,La Liga 2012/13,Cristiano Ronaldo,Real Madrid Club de Fútbol,34,34,Portugal
134,La Liga 2012/13,Radamel Falcao,Club Atlético de Madrid S.A.D.,28,34,Colombia
134,La Liga 2012/13,Álvaro Negredo,Sevilla Fútbol Club S.A.D.,25,36,Spain
134,La Liga 2012/13,Roberto Soldado,Valencia Club de Fútbol S. A. D.,24,35,Spain
134,La Liga 2012/13,Rubén Castro,Real Betis Balompié S.A.D.,18,34,Spain
134,La Liga 2012/13,Piti,Rayo Vallecano de Madrid S. A. D.,18,35,Spain
134,La Liga 2012/13,Gonzalo Higuaín,Real Madrid Club de Fútbol,16,28,Argentina
134,La Liga 2012/13,Aritz Aduriz,Athletic Club Bilbao,14,36,Spain
134,La Liga 2012/13,Carlos Vela,Real Sociedad de Fútbol S.A.D.,14,35,Mexico
135,Bundesliga 2020/21,Robert Lewandowski,Bayern Munich,41,29,Poland
135,Bundesliga 2020/21,André Silva,Eintracht Frankfurt Fußball AG,28,32,Portugal
135,Bundesliga 2020/21,Erling Haaland,Borussia Dortmund,27,28,Norway
135,Bundesliga 2020/21,Wout Weghorst,Verein für Leibesübungen Wolfsburg,20,34,Netherlands
135,Bundesliga 2020/21,Andrej Kramaric,Turn- und Sportgemeinschaft 1899 Hoffenheim Fußball-Spielbetriebs,20,28,Croatia
135,Bundesliga 2020/21,Sasa Kalajdzic,Verein für Bewegungsspiele Stuttgart 1893,16,33,Austria
135,Bundesliga 2020/21,Lars Stindl,Borussia Verein für Leibesübungen 1900 Mönchengladbach,14,30,Germany
135,Bundesliga 2020/21,Lucas Alario,Bayer 04 Leverkusen Fußball,11,25,Argentina
135,Bundesliga 2020/21,Max Kruse,1. Fußballclub Union Berlin,11,22,Germany
135,Bundesliga 2020/21,Thomas Müller,Bayern Munich,11,32,Germany
136,Ligue 1 2021/22,Kylian Mbappé,Paris Saint-Germain Football Club,28,35,France
136,Ligue 1 2021/22,Wissam Ben Yedder,Association sportive de Monaco Football Club,25,37,France
136,Ligue 1 2021/22,Moussa Dembélé,Olympique Lyonnais,21,30,France
136,Ligue 1 2021/22,Martin Terrier,Stade Rennais Football Club,21,37,France
136,Ligue 1 2021/22,Andy Delort,Olympique Gymnaste Club Nice Côte d'Azur,18,35,Algeria
136,Ligue 1 2021/22,Jonathan David,Lille Olympique Sporting Club,15,38,Canada
136,Ligue 1 2021/22,Gaëtan Laborde,Stade Rennais Football Club,15,38,France
136,Ligue 1 2021/22,Mohamed Bayo,Clermont Foot 63,14,32,Guinea
136,Ligue 1 2021/22,Neymar,Paris Saint-Germain Football Club,13,22,Brazil
136,Ligue 1 2021/22,Ludovic Ajorque,Racing Club de Strasbourg Alsace,12,36,France
137,La Liga 2017/18,Lionel Messi,Futbol Club Barcelona,34,36,Argentina
137,La Liga 2017/18,Cristiano Ronaldo,Real Madrid Club de Fútbol,26,27,Portugal
137,La Liga 2017/18,Luis Suárez,Futbol Club Barcelona,25,33,Uruguay
137,La Liga 2017/18,Iago Aspas,Real Club Celta de Vigo S. A. D.,22,34,Spain
137,La Liga 2017/18,Cristhian Stuani,Girona Fútbol Club S. A. D.,21,33,Uruguay
137,La Liga 2017/18,Antoine Griezmann,Club Atlético de Madrid S.A.D.,19,32,France
137,La Liga 2017/18,Maxi Gómez,Real Club Celta de Vigo S. A. D.,18,36,Uruguay
137,La Liga 2017/18,Gareth Bale,Real Madrid Club de Fútbol,16,26,Wales
137,La Liga 2017/18,Rodrigo,Valencia Club de Fútbol S. A. D.,16,37,Spain
137,La Liga 2017/18,Gerard Moreno,Reial Club Deportiu Espanyol de Barcelona S.A.D.,16,38,Spain
138,Serie A 2023/24,Lautaro Martínez,Football Club Internazionale Milano S.p.A.,24,33,Argentina
138,Serie A 2023/24,Dušan Vlahović,Juventus Football Club,16,33,Serbia
138,Serie A 2023/24,Olivier Giroud,Associazione Calcio Milan,15,35,France
138,Serie A 2023/24,Victor Osimhen,Società Sportiva Calcio Napoli,15,25,Nigeria
138,Serie A 2023/24,Albert Gudmundsson,Genoa Cricket and Football Club,14,35,Iceland
138,Serie A 2023/24,Romelu Lukaku,Associazione Sportiva Roma,13,32,Belgium
138,Serie A 2023/24,Marcus Thuram,Football Club Internazionale Milano S.p.A.,13,35,France
138,Serie A 2023/24,Duván Zapata,Torino Calcio,13,37,Colombia
138,Serie A 2023/24,Hakan Çalhanoğlu,Football Club Internazionale Milano S.p.A.,13,32,Türkiye
138,Serie A 2023/24,Paulo Dybala,Associazione Sportiva Roma,13,28,Argentina
139,Bundesliga 2018/19,Robert Lewandowski,Bayern Munich,22,33,Poland
139,Bundesliga 2018/19,Paco Alcácer,Borussia Dortmund,18,26,Spain
139,Bundesliga 2018/19,Kai Havertz,Bayer 04 Leverkusen Fußball,17,34,Germany
139,Bundesliga 2018/19,Wout Weghorst,Verein für Leibesübungen Wolfsburg,17,34,Netherlands
139,Bundesliga 2018/19,Luka Jović,Eintracht Frankfurt Fußball AG,17,32,Serbia
139,Bundesliga 2018/19,Andrej Kramaric,Turn- und Sportgemeinschaft 1899 Hoffenheim Fußball-Spielbetriebs,17,30,Croatia
139,Bundesliga 2018/19,Marco Reus,Borussia Dortmund,17,27,Germany
139,Bundesliga 2018/19,Ishak Belfodil,Turn- und Sportgemeinschaft 1899 Hoffenheim Fußball-Spielbetriebs,16,28,Algeria
139,Bundesliga 2018/19,Timo Werner,RasenBallsport Leipzig,16,30,Germany
139,Bundesliga 2018/19,Sébastien Haller,Eintracht Frankfurt Fußball AG,15,29,Cote d'Ivoire
140,Serie A 2021/22,Ciro Immobile,Società Sportiva Lazio S.p.A.,27,31,Italy
140,Serie A 2021/22,Dušan Vlahović,Associazione Calcio Fiorentina,24,36,Serbia
140,Serie A 2021/22,Lautaro Martínez,Football Club Internazionale Milano S.p.A.,21,35,Argentina
140,Serie A 2021/22,Tammy Abraham,Associazione Sportiva Roma,17,37,England
140,Serie A 2021/22,Giovanni Simeone,Verona Hellas Football Club,17,36,Argentina
140,Serie A 2021/22,Gianluca Scamacca,Unione Sportiva Sassuolo Calcio,16,36,Italy
140,Serie A 2021/22,Domenico Berardi,Unione Sportiva Sassuolo Calcio,15,33,Italy
140,Serie A 2021/22,Victor Osimhen,Società Sportiva Calcio Napoli,14,27,Nigeria
140,Serie A 2021/22,Marko Arnautovic,Bologna Football Club 1909,14,33,Austria
140,Serie A 2021/22,Gerard Deulofeu,Udinese Calcio,13,34,Spain
141,Premier League 2014/15,Sergio Agüero,Manchester City Football Club,26,33,Argentina
141,Premier League 2014/15,Harry Kane,Tottenham Hotspur Football Club,21,34,England
141,Premier League 2014/15,Diego Costa,Chelsea Football Club,20,26,Spain
141,Premier League 2014/15,Charlie Austin,Queens Park Rangers,18,35,England
141,Premier League 2014/15,Alexis Sánchez,Arsenal Football Club,16,35,Chile
141,Premier League 2014/15,Olivier Giroud,Arsenal Football Club,14,27,France
141,Premier League 2014/15,Eden Hazard,Chelsea Football Club,14,38,Belgium
141,Premier League 2014/15,Saido Berahino,West Bromwich Albion,14,38,Burundi
141,Premier League 2014/15,Christian Benteke,Aston Villa Football Club,13,29,Belgium
141,Premier League 2014/15,David Silva,Manchester City Football Club,12,32,Spain
142,Serie A 2020/21,Cristiano Ronaldo,Juventus Football Club,36,41,Portugal
142,Serie A 2020/21,Romelu Lukaku,Football Club Internazionale Milano S.p.A.,28,44,Belgium
142,Serie A 2020/21,Ciro Immobile,Società Sportiva Lazio S.p.A.,27,43,Italy
142,Serie A 2020/21,Luis Muriel,Atalanta Bergamasca Calcio S.p.a.,25,45,Colombia
142,Serie A 2020/21,Zlatan Ibrahimović,Associazione Calcio Milan,22,29,Sweden
142,Serie A 2020/21,Lorenzo Insigne,Società Sportiva Calcio Napoli,22,45,Italy
142,Serie A 2020/21,Dušan Vlahović,Associazione Calcio Fiorentina,21,43,Serbia
142,Serie A 2020/21,Domenico Berardi,Unione Sportiva Sassuolo Calcio,21,38,Italy
142,Serie A 2020/21,Simy,FC Crotone,20,38,Nigeria
142,Serie A 2020/21,Lautaro Martínez,Football Club Internazionale Milano S.p.A.,19,48,Argentina
143,Premier League 2013/14,Luis Suárez,Liverpool Football Club,31,33,Uruguay
143,Premier League 2013/14,Daniel Sturridge,Liverpool Football Club,22,29,England
143,Premier League 2013/14,Yaya Touré,Manchester City Football Club,20,35,Cote d'Ivoire
143,Premier League 2013/14,Wilfried Bony,Swansea City,17,34,Cote d'Ivoire
143,Premier League 2013/14,Wayne Rooney,Manchester United Football Club,17,29,England
143,Premier League 2013/14,Sergio Agüero,Manchester City Football Club,17,23,Argentina
143,Premier League 2013/14,Edin Dzeko,Manchester City Football Club,16,31,Bosnia-Herzegovina
143,Premier League 2013/14,Olivier Giroud,Arsenal Football Club,16,36,France
143,Premier League 2013/14,Jay Rodríguez,Southampton FC,15,33,England
143,Premier League 2013/14,Romelu Lukaku,Everton Football Club,15,33,Belgium
144,Bundesliga 2012/13,Stefan Kießling,Bayer 04 Leverkusen Fußball,25,34,Germany
144,Bundesliga 2012/13,Robert Lewandowski,Borussia Dortmund,24,31,Poland
144,Bundesliga 2012/13,Alexander Meier,Eintracht Frankfurt Fußball AG,16,31,Germany
144,Bundesliga 2012/13,Vedad Ibisevic,Verein für Bewegungsspiele Stuttgart 1893,15,30,Bosnia-Herzegovina
144,Bundesliga 2012/13,Mario Mandzukic,Bayern Munich,15,24,Croatia
144,Bundesliga 2012/13,Marco Reus,Borussia Dortmund,14,32,Germany
144,Bundesliga 2012/13,Thomas Müller,Bayern Munich,13,28,Germany
144,Bundesliga 2012/13,Ádám Szalai,1. Fußball- und Sportverein Mainz 05,13,29,Hungary
144,Bundesliga 2012/13,Mame Diouf,Hannover 96,12,28,Senegal
144,Bundesliga 2012/13,Heung-min Son,Hamburger Sport Verein,12,33,"Korea, South"
145,Ligue 1 2023/24,Kylian Mbappé,Paris Saint-Germain Football Club,27,29,France
145,Ligue 1 2023/24,Alexandre Lacazette,Olympique Lyonnais,19,29,France
145,Ligue 1 2023/24,Jonathan David,Lille Olympique Sporting Club,19,34,Canada
145,Ligue 1 2023/24,Pierre-Emerick Aubameyang,Olympique de Marseille,17,34,Gabon
145,Ligue 1 2023/24,Wissam Ben Yedder,Association sportive de Monaco Football Club,16,32,France
145,Ligue 1 2023/24,Thijs Dallinga,Toulouse Football Club,14,33,Netherlands
145,Ligue 1 2023/24,Georges Mikautadze,Football Club de Metz,13,20,Georgia
145,Ligue 1 2023/24,Gonçalo Ramos,Paris Saint-Germain Football Club,11,29,Portugal
145,Ligue 1 2023/24,Terem Moffi,Olympique Gymnaste Club Nice Côte d'Azur,11,30,Nigeria
145,Ligue 1 2023/24,Arnaud Kalimuendo,Stade Rennais Football Club,10,30,France
146,La Liga 2016/17,Lionel Messi,Futbol Club Barcelona,37,34,Argentina
146,La Liga 2016/17,Luis Suárez,Futbol Club Barcelona,28,35,Uruguay
146,La Liga 2016/17,Cristiano Ronaldo,Real Madrid Club de Fútbol,25,29,Portugal
146,La Liga 2016/17,Iago Aspas,Real Club Celta de Vigo S. A. D.,19,32,Spain
146,La Liga 2016/17,Antoine Griezmann,Club Atlético de Madrid S.A.D.,16,36,France
146,La Liga 2016/17,Aritz Aduriz,Athletic Club Bilbao,16,32,Spain
146,La Liga 2016/17,Álvaro Morata,Real Madrid Club de Fútbol,15,26,Spain
146,La Liga 2016/17,Sandro Ramírez,Málaga CF,14,30,Spain
146,La Liga 2016/17,Rubén Castro,Real Betis Balompié S.A.D.,13,35,Spain
146,La Liga 2016/17,Neymar,Futbol Club Barcelona,13,30,Brazil
147,La Liga 2022/23,Robert Lewandowski,Futbol Club Barcelona,23,34,Poland
147,La Liga 2022/23,Karim Benzema,Real Madrid Club de Fútbol,19,24,France
147,La Liga 2022/23,Joselu,Reial Club Deportiu Espanyol de Barcelona S.A.D.,16,34,Spain
147,La Liga 2022/23,Borja Iglesias,Real Betis Balompié S.A.D.,15,35,Spain
147,La Liga 2022/23,Antoine Griezmann,Club Atlético de Madrid S.A.D.,15,38,France
147,La Liga 2022/23,Vedat Muriqi,Real Club Deportivo Mallorca S.A.D.,15,35,Kosovo
147,La Liga 2022/23,Enes Ünal,Getafe Club de Fútbol S. A. D. Team Dubai,14,35,Türkiye
147,La Liga 2022/23,Álvaro Morata,Club Atlético de Madrid S.A.D.,13,36,Spain
147,La Liga 2022/23,Taty Castellanos,Girona Fútbol Club S. A. D.,13,35,Argentina
147,La Liga 2022/23,Nicolas Jackson,Villarreal Club de Fútbol S.A.D.,12,26,Senegal
148,Premier League 2024/25,Mohamed Salah,Liverpool Football Club,29,38,Egypt
148,Premier League 2024/25,Alexander Isak,Newcastle United Football Club,23,34,Sweden
148,Premier League 2024/25,Erling Haaland,Manchester City Football Club,22,31,Norway
148,Premier League 2024/25,Chris Wood,Nottingham Forest Football Club,20,36,New Zealand
148,Premier League 2024/25,Bryan Mbeumo,Brentford Football Club,20,38,Cameroon
148,Premier League 2024/25,Yoane Wissa,Brentford Football Club,19,35,DR Congo
148,Premier League 2024/25,Ollie Watkins,Aston Villa Football Club,16,38,England
148,Premier League 2024/25,Matheus Cunha,Wolverhampton Wanderers Football Club,15,33,Brazil
148,Premier League 2024/25,Cole Palmer,Chelsea Football Club,15,37,England
148,Premier League 2024/25,Jean-Philippe Mateta,Crystal Palace Football Club,14,37,France
149,Serie A 2017/18,Ciro Immobile,Società Sportiva Lazio S.p.A.,29,33,Italy
149,Serie A 2017/18,Mauro Icardi,Football Club Internazionale Milano S.p.A.,29,34,Argentina
149,Serie A 2017/18,Paulo Dybala,Juventus Football Club,22,33,Argentina
149,Serie A 2017/18,Fabio Quagliarella,UC Sampdoria,19,35,
149,Serie A 2017/18,Dries Mertens,Società Sportiva Calcio Napoli,18,38,Belgium
149,Serie A 2017/18,Gonzalo Higuaín,Juventus Football Club,16,35,Argentina
149,Serie A 2017/18,Edin Dzeko,Associazione Sportiva Roma,16,36,Bosnia-Herzegovina
149,Serie A 2017/18,Giovanni Simeone,Associazione Calcio Fiorentina,14,38,Argentina
149,Serie A 2017/18,Roberto Inglese,Chievo Verona,12,34,Italy
149,Serie A 2017/18,Kevin Lasagna,Udinese Calcio,12,29,Italy
150,La Liga 2024/25,Kylian Mbappé,Real Madrid Club de Fútbol,31,34,France
150,La Liga 2024/25,Robert Lewandowski,Futbol Club Barcelona,27,34,Poland
150,La Liga 2024/25,Ante Budimir,Club Atlético Osasuna,21,38,Croatia
150,La Liga 2024/25,Alexander Sørloth,Club Atlético de Madrid S.A.D.,20,35,Norway
150,La Liga 2024/25,Ayoze Pérez,Villarreal Club de Fútbol S.A.D.,19,30,Spain
150,La Liga 2024/25,Raphinha,Futbol Club Barcelona,18,36,Brazil
150,La Liga 2024/25,Julián Alvarez,Club Atlético de Madrid S.A.D.,17,37,Argentina
150,La Liga 2024/25,Oihan Sancet,Athletic Club Bilbao,15,29,Spain
150,La Liga 2024/25,Kike García,Deportivo Alavés S. A. D.,13,35,Spain
150,La Liga 2024/25,Javi Puado,Reial Club Deportiu Espanyol de Barcelona S.A.D.,12,35,Spain
151,La Liga 2021/22,Karim Benzema,Real Madrid Club de Fútbol,27,32,France
151,La Liga 2021/22,Iago Aspas,Real Club Celta de Vigo S. A. D.,18,37,Spain
151,La Liga 2021/22,Vinicius Junior,Real Madrid Club de Fútbol,17,35,Brazil
151,La Liga 2021/22,Raúl de Tomás,Reial Club Deportiu Espanyol de Barcelona S.A.D.,17,34,Spain
151,La Liga 2021/22,Juanmi,Real Betis Balompié S.A.D.,16,33,Spain
151,La Liga 2021/22,Enes Ünal,Getafe Club de Fútbol S. A. D. Team Dubai,16,37,Türkiye
151,La Liga 2021/22,Joselu,Deportivo Alavés S. A. D.,14,37,Spain
151,La Liga 2021/22,José Luis Morales,Levante Unión Deportiva S.A.D.,13,35,Spain
151,La Liga 2021/22,Ángel Correa,Club Atlético de Madrid S.A.D.,12,36,Argentina
151,La Liga 2021/22,Memphis Depay,Futbol Club Barcelona,12,28,Netherlands
152,Serie A 2016/17,Edin Dzeko,Associazione Sportiva Roma,29,37,Bosnia-Herzegovina
152,Serie A 2016/17,Dries Mertens,Società Sportiva Calcio Napoli,28,35,Belgium
152,Serie A 2016/17,Andrea Belotti,Torino Calcio,26,35,Italy
152,Serie A 2016/17,Gonzalo Higuaín,Juventus Football Club,24,38,Argentina
152,Serie A 2016/17,Mauro Icardi,Football Club Internazionale Milano S.p.A.,24,34,Argentina
152,Serie A 2016/17,Ciro Immobile,Società Sportiva Lazio S.p.A.,23,36,Italy
152,Serie A 2016/17,Lorenzo Insigne,Società Sportiva Calcio Napoli,18,37,Italy
152,Serie A 2016/17,Keita Baldé,Società Sportiva Lazio S.p.A.,16,31,Senegal
152,Serie A 2016/17,Marco Borriello,Cagliari Calcio,16,36,Italy
152,Serie A 2016/17,Papu Gómez,Atalanta Bergamasca Calcio S.p.a.,16,37,Argentina
153,La Liga 2015/16,Luis Suárez,Futbol Club Barcelona,40,35,Uruguay
153,La Liga 2015/16,Cristiano Ronaldo,Real Madrid Club de Fútbol,35,36,Portugal
153,La Liga 2015/16,Lionel Messi,Futbol Club Barcelona,26,33,Argentina
153,La Liga 2015/16,Neymar,Futbol Club Barcelona,24,34,Brazil
153,La Liga 2015/16,Karim Benzema,Real Madrid Club de Fútbol,24,27,France
153,La Liga 2015/16,Antoine Griezmann,Club Atlético de Madrid S.A.D.,22,38,France
153,La Liga 2015/16,Aritz Aduriz,Athletic Club Bilbao,20,34,Spain
153,La Liga 2015/16,Gareth Bale,Real Madrid Club de Fútbol,19,23,Wales
153,La Liga 2015/16,Rubén Castro,Real Betis Balompié S.A.D.,19,38,Spain
153,La Liga 2015/16,Borja Bastón,SD Eibar,18,36,Spain
154,Bundesliga 2014/15,Alexander Meier,Eintracht Frankfurt Fußball AG,19,26,Germany
154,Bundesliga 2014/15,Robert Lewandowski,Bayern Munich,17,31,Poland
154,Bundesliga 2014/15,Pierre-Emerick Aubameyang,Borussia Dortmund,16,33,Gabon
154,Bundesliga 2014/15,Bas Dost,Verein für Leibesübungen Wolfsburg,16,21,Netherlands
154,Bundesliga 2014/15,Franco Di Santo,Sportverein Werder Bremen von 1899,13,26,Argentina
154,Bundesliga 2014/15,Karim Bellarabi,Bayer 04 Leverkusen Fußball,12,33,Germany
154,Bundesliga 2014/15,Raffael,Borussia Verein für Leibesübungen 1900 Mönchengladbach,12,31,Brazil
154,Bundesliga 2014/15,Shinji Okazaki,1. Fußball- und Sportverein Mainz 05,12,32,Japan
154,Bundesliga 2014/15,Patrick Herrmann,Borussia Verein für Leibesübungen 1900 Mönchengladbach,11,32,Germany
154,Bundesliga 2014/15,Max Kruse,Borussia Verein für Leibesübungen 1900 Mönchengladbach,11,32,Germany
155,Ligue 1 2019/20,Kylian Mbappé,Paris Saint-Germain Football Club,18,20,France
155,Ligue 1 2019/20,Wissam Ben Yedder,Association sportive de Monaco Football Club,18,26,France
155,Ligue 1 2019/20,Moussa Dembélé,Olympique Lyonnais,16,27,France
155,Ligue 1 2019/20,Victor Osimhen,Lille Olympique Sporting Club,13,27,Nigeria
155,Ligue 1 2019/20,Neymar,Paris Saint-Germain Football Club,13,15,Brazil
155,Ligue 1 2019/20,Habib Diallo,Football Club de Metz,12,26,Senegal
155,Ligue 1 2019/20,Mauro Icardi,Paris Saint-Germain Football Club,12,20,Argentina
155,Ligue 1 2019/20,Kasper Dolberg,Olympique Gymnaste Club Nice Côte d'Azur,11,23,Denmark
155,Ligue 1 2019/20,Darío Benedetto,Olympique de Marseille,11,26,Argentina
155,Ligue 1 2019/20,Denis Bouanga,AS Saint-Étienne,10,26,Gabon
156,Ligue 1 2014/15,Alexandre Lacazette,Olympique Lyonnais,27,33,France
156,Ligue 1 2014/15,André-Pierre Gignac,Olympique de Marseille,21,38,France
156,Ligue 1 2014/15,Zlatan Ibrahimović,Paris Saint-Germain Football Club,19,24,Sweden
156,Ligue 1 2014/15,Edinson Cavani,Paris Saint-Germain Football Club,18,35,Uruguay
156,Ligue 1 2014/15,Claudio Beauvue,EA Guingamp,17,36,Guadeloupe
156,Ligue 1 2014/15,Max Gradel,AS Saint-Étienne,17,31,Cote d'Ivoire
156,Ligue 1 2014/15,Diego Rolán,FC Girondins Bordeaux,15,36,Uruguay
156,Ligue 1 2014/15,Wissam Ben Yedder,Toulouse Football Club,14,36,France
156,Ligue 1 2014/15,Nabil Fekir,Olympique Lyonnais,13,34,France
156,Ligue 1 2014/15,Jordan Ayew,Football Club Lorient-Bretagne Sud,12,31,Ghana
157,Premier League 2017/18,Mohamed Salah,Liverpool Football Club,32,36,Egypt
157,Premier League 2017/18,Harry Kane,Tottenham Hotspur Football Club,30,37,England
157,Premier League 2017/18,Sergio Agüero,Manchester City Football Club,21,25,Argentina
157,Premier League 2017/18,Jamie Vardy,Leicester City,20,37,England
157,Premier League 2017/18,Raheem Sterling,Manchester City Football Club,18,33,England
157,Premier League 2017/18,Romelu Lukaku,Manchester United Football Club,16,34,Belgium
157,Premier League 2017/18,Roberto Firmino,Liverpool Football Club,15,37,Brazil
157,Premier League 2017/18,Alexandre Lacazette,Arsenal Football Club,14,32,France
157,Premier League 2017/18,Gabriel Jesus,Manchester City Football Club,13,29,Brazil
157,Premier League 2017/18,Eden Hazard,Chelsea Football Club,12,34,Belgium
158,Serie A 2022/23,Victor Osimhen,Società Sportiva Calcio Napoli,26,32,Nigeria
158,Serie A 2022/23,Lautaro Martínez,Football Club Internazionale Milano S.p.A.,21,38,Argentina
158,Serie A 2022/23,Boulaye Dia,US Salernitana 1919,16,33,Senegal
158,Serie A 2022/23,Rafael Leão,Associazione Calcio Milan,15,35,Portugal
158,Serie A 2022/23,Ademola Lookman,Atalanta Bergamasca Calcio S.p.a.,13,31,Nigeria
158,Serie A 2022/23,Olivier Giroud,Associazione Calcio Milan,13,33,France
158,Serie A 2022/23,M'Bala Nzola,Spezia Calcio,13,31,Angola
158,Serie A 2022/23,Antonio Sanabria,Torino Calcio,12,33,Paraguay
158,Serie A 2022/23,Domenico Berardi,Unione Sportiva Sassuolo Calcio,12,26,Italy
158,Serie A 2022/23,Ciro Immobile,Società Sportiva Lazio S.p.A.,12,31,Italy
159,Premier League 2018/19,Sadio Mané,Liverpool Football Club,22,36,Senegal
159,Premier League 2018/19,Mohamed Salah,Liverpool Football Club,22,38,Egypt
159,Premier League 2018/19,Pierre-Emerick Aubameyang,Arsenal Football Club,22,36,Gabon
159,Premier League 2018/19,Sergio Agüero,Manchester City Football Club,21,33,Argentina
159,Premier League 2018/19,Jamie Vardy,Leicester City,18,34,England
159,Premier League 2018/19,Harry Kane,Tottenham Hotspur Football Club,17,28,England
159,Premier League 2018/19,Raheem Sterling,Manchester City Football Club,17,34,England
159,Premier League 2018/19,Eden Hazard,Chelsea Football Club,16,37,Belgium
159,Premier League 2018/19,Callum Wilson,Association Football Club Bournemouth,14,30,England
159,Premier League 2018/19,Gylfi Sigurdsson,Everton Football Club,13,38,Iceland
160,Ligue 1 2012/13,Zlatan Ibrahimović,Paris Saint-Germain Football Club,30,34,Sweden
160,Ligue 1 2012/13,Pierre-Emerick Aubameyang,AS Saint-Étienne,19,37,Gabon
160,Ligue 1 2012/13,Darío Cvitanich,Olympique Gymnaste Club Nice Côte d'Azur,19,29,Argentina
160,Ligue 1 2012/13,Bafétimbi Gomis,Olympique Lyonnais,16,37,France
160,Ligue 1 2012/13,Jérémie Aliadière,Football Club Lorient-Bretagne Sud,15,31,France
160,Ligue 1 2012/13,Anthony Modeste,SC Bastia,15,36,France
160,Ligue 1 2012/13,Wissam Ben Yedder,Toulouse Football Club,15,34,France
160,Ligue 1 2012/13,Salomon Kalou,Lille Olympique Sporting Club,14,28,Cote d'Ivoire
160,Ligue 1 2012/13,Saber Khalifa,Thonon Évian Grand Genève FC,13,25,Tunisia
160,Ligue 1 2012/13,André-Pierre Gignac,Olympique de Marseille,13,31,France
161,Ligue 1 2016/17,Edinson Cavani,Paris Saint-Germain Football Club,35,36,Uruguay
161,Ligue 1 2016/17,Alexandre Lacazette,Olympique Lyonnais,28,30,France
161,Ligue 1 2016/17,Radamel Falcao,Association sportive de Monaco Football Club,21,29,Colombia
161,Ligue 1 2016/17,Bafétimbi Gomis,Olympique de Marseille,20,31,France
161,Ligue 1 2016/17,Ivan Santini,SM Caen,15,34,Croatia
161,Ligue 1 2016/17,Mario Balotelli,Olympique Gymnaste Club Nice Côte d'Azur,15,23,Italy
161,Ligue 1 2016/17,Florian Thauvin,Olympique de Marseille,15,38,France
161,Ligue 1 2016/17,Kylian Mbappé,Association sportive de Monaco Football Club,15,29,France
161,Ligue 1 2016/17,Nicolas de Préville,Lille Olympique Sporting Club,14,30,France
161,Ligue 1 2016/17,Steve Mounié,Montpellier HSC,14,35,Benin
162,La Liga 2014/15,Cristiano Ronaldo,Real Madrid Club de Fútbol,48,35,Portugal
162,La Liga 2014/15,Lionel Messi,Futbol Club Barcelona,43,38,Argentina
162,La Liga 2014/15,Neymar,Futbol Club Barcelona,22,33,Brazil
162,La Liga 2014/15,Aritz Aduriz,Athletic Club Bilbao,18,31,Spain
162,La Liga 2014/15,Alberto Bueno,Rayo Vallecano de Madrid S. A. D.,17,36,Spain
162,La Liga 2014/15,Luis Suárez,Futbol Club Barcelona,16,27,Uruguay
162,La Liga 2014/15,Karim Benzema,Real Madrid Club de Fútbol,15,29,France
162,La Liga 2014/15,Sergio García,Reial Club Deportiu Espanyol de Barcelona S.A.D.,14,35,Spain
162,La Liga 2014/15,Jonathas,Elche Club de Fútbol S.A.D.,14,34,Brazil
162,La Liga 2014/15,Nolito,Real Club Celta de Vigo S. A. D.,13,36,Spain
163,Premier League 2021/22,Heung-min Son,Tottenham Hotspur Football Club,23,35,"Korea, South"
163,Premier League 2021/22,Mohamed Salah,Liverpool Football Club,23,35,Egypt
163,Premier League 2021/22,Cristiano Ronaldo,Manchester United Football Club,18,30,Portugal
163,Premier League 2021/22,Harry Kane,Tottenham Hotspur Football Club,17,37,England
163,Premier League 2021/22,Sadio Mané,Liverpool Football Club,16,34,Senegal
163,Premier League 2021/22,Diogo Jota,Liverpool Football Club,15,35,Portugal
163,Premier League 2021/22,Kevin De Bruyne,Manchester City Football Club,15,30,Belgium
163,Premier League 2021/22,Jamie Vardy,Leicester City,15,25,England
163,Premier League 2021/22,Wilfried Zaha,Crystal Palace Football Club,14,33,Cote d'Ivoire
163,Premier League 2021/22,Raheem Sterling,Manchester City Football Club,13,30,England
164,Premier League 2015/16,Harry Kane,Tottenham Hotspur Football Club,25,38,England
164,Premier League 2015/16,Sergio Agüero,Manchester City Football Club,24,30,Argentina
164,Premier League 2015/16,Jamie Vardy,Leicester City,24,36,England
164,Premier League 2015/16,Romelu Lukaku,Everton Football Club,18,37,Belgium
164,Premier League 2015/16,Riyad Mahrez,Leicester City,17,37,Algeria
164,Premier League 2015/16,Odion Ighalo,Watford FC,16,37,Nigeria
164,Premier League 2015/16,Olivier Giroud,Arsenal Football Club,16,38,France
164,Premier League 2015/16,Jermain Defoe,Sunderland Association Football Club,15,33,England
164,Premier League 2015/16,Alexis Sánchez,Arsenal Football Club,13,30,Chile
164,Premier League 2015/16,Troy Deeney,Watford FC,13,38,England
165,Ligue 1 2013/14,Zlatan Ibrahimović,Paris Saint-Germain Football Club,26,33,Sweden
165,Ligue 1 2013/14,Salomon Kalou,Lille Olympique Sporting Club,16,38,Cote d'Ivoire
165,Ligue 1 2013/14,Vincent Aboubakar,Football Club Lorient-Bretagne Sud,16,35,Cameroon
165,Ligue 1 2013/14,Wissam Ben Yedder,Toulouse Football Club,16,38,France
165,Ligue 1 2013/14,André-Pierre Gignac,Olympique de Marseille,16,35,France
165,Ligue 1 2013/14,Edinson Cavani,Paris Saint-Germain Football Club,16,30,Uruguay
165,Ligue 1 2013/14,Alexandre Lacazette,Olympique Lyonnais,15,36,France
165,Ligue 1 2013/14,Bafétimbi Gomis,Olympique Lyonnais,14,33,France
165,Ligue 1 2013/14,Rémy Cabella,Montpellier HSC,14,37,France
165,Ligue 1 2013/14,Mevlüt Erdinc,AS Saint-Étienne,12,31,Turkey
166,Bundesliga 2024/25,Harry Kane,Bayern Munich,26,31,England
166,Bundesliga 2024/25,Serhou Guirassy,Borussia Dortmund,21,30,Guinea
166,Bundesliga 2024/25,Patrik Schick,Bayer 04 Leverkusen Fußball,21,31,Czech Republic
166,Bundesliga 2024/25,Jonathan Burkardt,1. Fußball- und Sportverein Mainz 05,18,29,Germany
166,Bundesliga 2024/25,Tim Kleindienst,Borussia Verein für Leibesübungen 1900 Mönchengladbach,16,31,Germany
166,Bundesliga 2024/25,Omar Marmoush,Eintracht Frankfurt Fußball AG,15,17,Egypt
166,Bundesliga 2024/25,Hugo Ekitiké,Eintracht Frankfurt Fußball AG,15,33,France
166,Bundesliga 2024/25,Ermedin Demirovic,Verein für Bewegungsspiele Stuttgart 1893,15,34,Bosnia-Herzegovina
166,Bundesliga 2024/25,Benjamin Sesko,RasenBallsport Leipzig,13,33,Slovenia
166,Bundesliga 2024/25,Michael Olise,Bayern Munich,12,34,France
167,Bundesliga 2021/22,Robert Lewandowski,Bayern Munich,35,34,Poland
167,Bundesliga 2021/22,Patrik Schick,Bayer 04 Leverkusen Fußball,24,27,Czech Republic
167,Bundesliga 2021/22,Erling Haaland,Borussia Dortmund,22,24,Norway
167,Bundesliga 2021/22,Christopher Nkunku,RasenBallsport Leipzig,20,34,France
167,Bundesliga 2021/22,Anthony Modeste,1. Fußball-Club Köln,20,32,France
167,Bundesliga 2021/22,Taiwo Awoniyi,1. Fußballclub Union Berlin,15,31,Nigeria
167,Bundesliga 2021/22,Serge Gnabry,Bayern Munich,14,34,Germany
167,Bundesliga 2021/22,Moussa Diaby,Bayer 04 Leverkusen Fußball,13,32,France
167,Bundesliga 2021/22,Max Kruse,1. Fußballclub Union Berlin,12,30,Germany
167,Bundesliga 2021/22,Jonas Hofmann,Borussia Verein für Leibesübungen 1900 Mönchengladbach,12,26,Germany
168,Premier League 2022/23,Erling Haaland,Manchester City Football Club,36,35,Norway
168,Premier League 2022/23,Harry Kane,Tottenham Hotspur Football Club,30,38,England
168,Premier League 2022/23,Ivan Toney,Brentford Football Club,20,33,England
168,Premier League 2022/23,Mohamed Salah,Liverpool Football Club,19,38,Egypt
168,Premier League 2022/23,Callum Wilson,Newcastle United Football Club,18,31,England
168,Premier League 2022/23,Marcus Rashford,Manchester United Football Club,17,35,England
168,Premier League 2022/23,Martin Ødegaard,Arsenal Football Club,15,37,Norway
168,Premier League 2022/23,Ollie Watkins,Aston Villa Football Club,15,37,England
168,Premier League 2022/23,Gabriel Martinelli,Arsenal Football Club,15,36,Brazil
168,Premier League 2022/23,Bukayo Saka,Arsenal Football Club,14,38,England
169,La Liga 2018/19,Lionel Messi,Futbol Club Barcelona,36,34,Argentina
169,La Liga 2018/19,Karim Benzema,Real Madrid Club de Fútbol,21,36,France
169,La Liga 2018/19,Iago Aspas,Real Club Celta de Vigo S. A. D.,20,27,Spain
169,La Liga 2018/19,Cristhian Stuani,Girona Fútbol Club S. A. D.,19,32,Uruguay
169,La Liga 2018/19,Luis Suárez,Futbol Club Barcelona,19,33,Uruguay
169,La Liga 2018/19,Wissam Ben Yedder,Sevilla Fútbol Club S.A.D.,18,35,France
169,La Liga 2018/19,Borja Iglesias,Reial Club Deportiu Espanyol de Barcelona S.A.D.,17,37,Spain
169,La Liga 2018/19,Antoine Griezmann,Club Atlético de Madrid S.A.D.,15,37,France
169,La Liga 2018/19,Jaime Mata,Getafe Club de Fútbol S. A. D. Team Dubai,14,34,Spain
169,La Liga 2018/19,Raúl de Tomás,Rayo Vallecano de Madrid S. A. D.,14,33,Spain
170,Bundesliga 2019/20,Robert Lewandowski,Bayern Munich,34,31,Poland
170,Bundesliga 2019/20,Timo Werner,RasenBallsport Leipzig,28,34,Germany
170,Bundesliga 2019/20,Jadon Sancho,Borussia Dortmund,17,32,England
170,Bundesliga 2019/20,Wout Weghorst,Verein für Leibesübungen Wolfsburg,16,32,Netherlands
170,Bundesliga 2019/20,Rouwen Hennings,Fortuna Düsseldorf,15,32,Germany
170,Bundesliga 2019/20,Jhon Córdoba,1. Fußball-Club Köln,13,29,Colombia
170,Bundesliga 2019/20,Robin Quaison,1. Fußball- und Sportverein Mainz 05,13,32,Sweden
170,Bundesliga 2019/20,Erling Haaland,Borussia Dortmund,13,15,Norway
170,Bundesliga 2019/20,Florian Niederlechner,Fußball-Club Augsburg 1907,13,33,Germany
170,Bundesliga 2019/20,Serge Gnabry,Bayern Munich,12,31,Germany
171,Serie A 2013/14,Ciro Immobile,Torino Calcio,22,33,Italy
171,Serie A 2013/14,Luca Toni,Verona Hellas Football Club,20,34,Italy
171,Serie A 2013/14,Carlos Tevez,Juventus Football Club,19,34,Argentina
171,Serie A 2013/14,Gonzalo Higuaín,Società Sportiva Calcio Napoli,17,32,Argentina
171,Serie A 2013/14,Antonio Di Natale,Udinese Calcio,17,32,Italy
171,Serie A 2013/14,Rodrigo Palacio,Football Club Internazionale Milano S.p.A.,17,37,Argentina
171,Serie A 2013/14,Domenico Berardi,Unione Sportiva Sassuolo Calcio,16,29,Italy
171,Serie A 2013/14,Giuseppe Rossi,Associazione Calcio Fiorentina,16,21,Italy
171,Serie A 2013/14,Fernando Llorente,Juventus Football Club,16,34,Spain
171,Serie A 2013/14,Paulinho,US Livorno 1915,15,35,Brazil
172,La Liga 2019/20,Lionel Messi,Futbol Club Barcelona,22,28,Argentina
172,La Liga 2019/20,Karim Benzema,Real Madrid Club de Fútbol,17,31,France
172,La Liga 2019/20,Luis Suárez,Futbol Club Barcelona,13,23,Uruguay
172,La Liga 2019/20,Gerard Moreno,Villarreal Club de Fútbol S.A.D.,13,30,Spain
172,La Liga 2019/20,Iago Aspas,Real Club Celta de Vigo S. A. D.,13,32,Spain
172,La Liga 2019/20,Ante Budimir,Real Club Deportivo Mallorca S.A.D.,12,31,Croatia
172,La Liga 2019/20,Lucas Ocampos,Sevilla Fútbol Club S.A.D.,12,28,Argentina
172,La Liga 2019/20,Jaime Mata,Getafe Club de Fútbol S. A. D. Team Dubai,11,28,Spain
172,La Liga 2019/20,Roger Martí,Levante Unión Deportiva S.A.D.,11,30,Spain
172,La Liga 2019/20,Lucas Pérez,Deportivo Alavés S. A. D.,11,29,Spain
173,Serie A 2012/13,Edinson Cavani,Società Sportiva Calcio Napoli,29,34,Uruguay
173,Serie A 2012/13,Antonio Di Natale,Udinese Calcio,23,33,Italy
173,Serie A 2012/13,Stephan El Shaarawy,Associazione Calcio Milan,16,37,Italy
173,Serie A 2012/13,Daniel Osvaldo,Associazione Sportiva Roma,16,29,Italy
173,Serie A 2012/13,Miroslav Klose,Società Sportiva Lazio S.p.A.,15,29,Germany
173,Serie A 2012/13,Erik Lamela,Associazione Sportiva Roma,15,33,Argentina
173,Serie A 2012/13,Giampaolo Pazzini,Associazione Calcio Milan,15,30,Italy
173,Serie A 2012/13,Germán Denis,Atalanta Bergamasca Calcio S.p.a.,15,36,Argentina
173,Serie A 2012/13,Stevan Jovetić,Associazione Calcio Fiorentina,13,31,Montenegro
173,Serie A 2012/13,Gonzalo Bergessio,Catania FC,13,32,Argentina
174,Serie A 2014/15,Luca Toni,Verona Hellas Football Club,22,38,Italy
174,Serie A 2014/15,Mauro Icardi,Football Club Internazionale Milano S.p.A.,22,36,Argentina
174,Serie A 2014/15,Carlos Tevez,Juventus Football Club,20,32,Argentina
174,Serie A 2014/15,Gonzalo Higuaín,Società Sportiva Calcio Napoli,18,37,Argentina
174,Serie A 2014/15,Jérémy Ménez,Associazione Calcio Milan,16,33,France
174,Serie A 2014/15,Domenico Berardi,Unione Sportiva Sassuolo Calcio,15,32,Italy
174,Serie A 2014/15,Manolo Gabbiadini,Società Sportiva Calcio Napoli,15,33,Italy
174,Serie A 2014/15,Antonio Di Natale,Udinese Calcio,14,33,Italy
174,Serie A 2014/15,Fabio Quagliarella,Torino Calcio,13,34,
174,Serie A 2014/15,Iago Falque,Genoa Cricket and Football Club,13,32,Spain
175,Ligue 1 2020/21,Kylian Mbappé,Paris Saint-Germain Football Club,27,31,France
175,Ligue 1 2020/21,Memphis Depay,Olympique Lyonnais,20,37,Netherlands
175,Ligue 1 2020/21,Wissam Ben Yedder,Association sportive de Monaco Football Club,20,37,France
175,Ligue 1 2020/21,Kevin Volland,Association sportive de Monaco Football Club,16,35,Germany
175,Ligue 1 2020/21,Ludovic Ajorque,Racing Club de Strasbourg Alsace,16,35,France
175,Ligue 1 2020/21,Burak Yilmaz,Lille Olympique Sporting Club,16,28,
175,Ligue 1 2020/21,Gaëtan Laborde,Montpellier HSC,16,38,France
175,Ligue 1 2020/21,Andy Delort,Montpellier HSC,15,30,Algeria
175,Ligue 1 2020/21,Karl Toko Ekambi,Olympique Lyonnais,14,35,Cameroon
175,Ligue 1 2020/21,Boulaye Dia,Stade Reims,14,36,Senegal
176,Serie A 2024/25,Mateo Retegui,Atalanta Bergamasca Calcio S.p.a.,25,36,Italy
176,Serie A 2024/25,Moise Kean,Associazione Calcio Fiorentina,19,32,Italy
176,Serie A 2024/25,Ademola Lookman,Atalanta Bergamasca Calcio S.p.a.,15,31,Nigeria
176,Serie A 2024/25,Riccardo Orsolini,Bologna Football Club 1909,15,30,Italy
176,Serie A 2024/25,Romelu Lukaku,Società Sportiva Calcio Napoli,14,36,Belgium
176,Serie A 2024/25,Marcus Thuram,Football Club Internazionale Milano S.p.A.,14,32,France
176,Serie A 2024/25,Lorenzo Lucca,Udinese Calcio,12,33,Italy
176,Serie A 2024/25,Scott McTominay,Società Sportiva Calcio Napoli,12,34,Scotland
176,Serie A 2024/25,Lautaro Martínez,Football Club Internazionale Milano S.p.A.,12,31,Argentina
176,Serie A 2024/25,Artem Dovbyk,Associazione Sportiva Roma,12,32,Ukraine
177,Ligue 1 2024/25,Mason Greenwood,Olympique de Marseille,21,34,England
177,Ligue 1 2024/25,Ousmane Dembélé,Paris Saint-Germain Football Club,21,29,France
177,Ligue 1 2024/25,Arnaud Kalimuendo,Stade Rennais Football Club,17,33,France
177,Ligue 1 2024/25,Jonathan David,Lille Olympique Sporting Club,16,32,Canada
177,Ligue 1 2024/25,Alexandre Lacazette,Olympique Lyonnais,15,30,France
177,Ligue 1 2024/25,Bradley Barcola,Paris Saint-Germain Football Club,14,34,France
177,Ligue 1 2024/25,Emmanuel Emegha,Racing Club de Strasbourg Alsace,14,27,Netherlands
177,Ligue 1 2024/25,Ludovic Ajorque,Stade brestois 29,13,31,France
177,Ligue 1 2024/25,Amine Gouiri,Stade Rennais Football Club,13,33,Algeria
177,Ligue 1 2024/25,Mika Biereth,Association sportive de Monaco Football Club,13,16,Denmark
178,Ligue 1 2015/16,Zlatan Ibrahimović,Paris Saint-Germain Football Club,38,31,Sweden
178,Ligue 1 2015/16,Alexandre Lacazette,Olympique Lyonnais,21,34,France
178,Ligue 1 2015/16,Edinson Cavani,Paris Saint-Germain Football Club,19,32,Uruguay
178,Ligue 1 2015/16,Wissam Ben Yedder,Toulouse Football Club,17,35,France
178,Ligue 1 2015/16,Hatem Ben Arfa,Olympique Gymnaste Club Nice Côte d'Azur,17,34,France
178,Ligue 1 2015/16,Michy Batshuayi,Olympique de Marseille,17,36,Belgium
178,Ligue 1 2015/16,Valère Germain,Olympique Gymnaste Club Nice Côte d'Azur,14,38,France
178,Ligue 1 2015/16,Benjamin Moukandjo,Football Club Lorient-Bretagne Sud,13,31,Cameroon
178,Ligue 1 2015/16,Andy Delort,SM Caen,12,36,Algeria
178,Ligue 1 2015/16,Ousmane Dembélé,Stade Rennais Football Club,12,26,France
179,Premier League 2019/20,Jamie Vardy,Leicester City,19,28,England
179,Premier League 2019/20,Danny Ings,Southampton FC,18,32,England
179,Premier League 2019/20,Pierre-Emerick Aubameyang,Arsenal Football Club,17,29,Gabon
179,Premier League 2019/20,Mohamed Salah,Liverpool Football Club,17,27,Egypt
179,Premier League 2019/20,Sergio Agüero,Manchester City Football Club,16,24,Argentina
179,Premier League 2019/20,Sadio Mané,Liverpool Football Club,15,28,Senegal
179,Premier League 2019/20,Raúl Jiménez,Wolverhampton Wanderers Football Club,15,32,Mexico
179,Premier League 2019/20,Anthony Martial,Manchester United Football Club,14,26,France
179,Premier League 2019/20,Marcus Rashford,Manchester United Football Club,14,25,England
179,Premier League 2019/20,Dominic Calvert-Lewin,Everton Football Club,13,29,England
180,La Liga 2013/14,Cristiano Ronaldo,Real Madrid Club de Fútbol,31,30,Portugal
180,La Liga 2013/14,Lionel Messi,Futbol Club Barcelona,28,31,Argentina
180,La Liga 2013/14,Diego Costa,Club Atlético de Madrid S.A.D.,27,35,Spain
180,La Liga 2013/14,Alexis Sánchez,Futbol Club Barcelona,19,34,Chile
180,La Liga 2013/14,Karim Benzema,Real Madrid Club de Fútbol,17,35,France
180,La Liga 2013/14,Antoine Griezmann,Real Sociedad de Fútbol S.A.D.,16,35,France
180,La Liga 2013/14,Aritz Aduriz,Athletic Club Bilbao,16,31,Spain
180,La Liga 2013/14,Carlos Vela,Real Sociedad de Fútbol S.A.D.,16,37,Mexico
180,La Liga 2013/14,Gareth Bale,Real Madrid Club de Fútbol,15,27,Wales
180,La Liga 2013/14,Javi Guerra,Real Valladolid CF,15,37,Spain
